Collision Id,	Report Number,	Report Version,	Is Preliminary,	NCIC Code,Crash Date Time,	Crash Time Description,	Beat,City Id,	City Code,	City Name,County Code,	City Is Active,	City Is Incorporated,	Collision Type Code,Collision Type Description,	Collision Type Other Desc,	Day Of Week,	DispatchNotified,	HasPhotographs,	HitRun,	IsAttachmentsMailed,	IsDeleted,	IsHighwayRelated,	IsTowAway,	JudicialDistrict,	MotorVehicleInvolvedWithCode,	MotorVehicleInvolvedWithDesc,MotorVehicleInvolvedWithOtherDesc,	NumberInjured,	NumberKilled,Weather 1, Weather 2, Road Condition 1, Road Condition 2, Special Condition,LightingCode, LightingDescription,Latitude,Longitude,MilepostDirection,MilepostDistance,MilepostMarker,MilepostUnitOfMeasure,	PedestrianActionCode,PedestrianActionDesc,PreparedDate,	Primary Collision Factor Code,Primary Collision Factor Violation,PrimaryCollisionFactorIsCited,	PrimaryCollisionPartyNumber,	PrimaryRoad,	ReportingDistrict,	ReportingDistrictCode,ReviewedDate,	RoadwaySurfaceCode,SecondaryDirection,	SecondaryDistance,	SecondaryRoad,	SecondaryUnitOfMeasure,	SketchDesc,	TrafficControlDeviceCode,CreatedDate,	ModifiedDate,IsCountyRoad,IsFreeway,CHP555Version,	IsAdditonalObjectStruck,NotificationDate,	NotificationTimeDescription,	HasDigitalMediaFiles,	EvidenceNumber,	IsLocationReferToNarrative,	IsAOIOneSameAsLocation
919956,9340-2019-00516,1,False,9340,1/29/2019 9:25:00 PM,2125,088,1368,4313,San Jose,43,True,True,C,REAR END,,Tuesday,NotApplicable,False,M,,False,True,False,Santa Clara Superior,C,OTHER MOTOR VEHICLE,,0,0,CLEAR,, NO UNUSUAL CONDITIONS,, ,D,DARK-NO STREET LIGHTS,37.3254,-121.9408,,,,,A,NO PEDESTRIANS INVOLVED,1/29/2019 12:00:00 AM,A,22350,False,1.0,I-880 S/B,,,2/6/2019 7:27:49 AM,A,N,550.0,Stevens Creek Blvd,F,,D,2/6/2019 7:28:34 AM,2/6/2019 7:28:34 AM,,True,2,,,,,,,
919945,9340-2019-00513,1,False,9340,1/29/2019 4:38:00 PM,1638,281,1368,4313,San Jose,43,True,True,B,SIDE SWIPE,,Tuesday,NotApplicable,False,M,,False,True,False,Santa Clara Superior,C,OTHER MOTOR VEHICLE,,0,0,CLEAR,, NO UNUSUAL CONDITIONS,, ,A,DAYLIGHT,37.3227,-121.9952,,,,,A,NO PEDESTRIANS INVOLVED,1/29/2019 12:00:00 AM,A,22107,False,1.0,I-280 N/B TO STEVENS CREEK BOULEVARD,,,2/6/2019 7:19:19 AM,A,S,5.0,Stevens Creek Blvd,F,,A,2/6/2019 7:19:51 AM,2/6/2019 7:19:51 AM,,True,2,,,,,,,
919897,9340-2019-00507,1,False,9340,1/29/2019 6:39:00 PM,1839,281,1368,4313,San Jose,43,True,True,C,REAR END,,Tuesday,NotApplicable,False,,,False,True,False,Santa Clara Superior,C,OTHER MOTOR VEHICLE,,0,0,CLEAR,, NO UNUSUAL CONDITIONS,, ,D,DARK-NO STREET LIGHTS,37.3154,-121.9148,,,,,A,NO PEDESTRIANS INVOLVED,1/29/2019 12:00:00 AM,A,22350,False,1.0,I-280 NORTHBOUND,,,2/6/2019 6:35:44 AM,A,S,10.0,Meridian Ave,F,,D,2/6/2019 6:36:18 AM,2/6/2019 6:36:18 AM,,True,2,,,,,,,
919765,9340-2019-00509,1,False,9340,1/29/2019 6:10:00 PM,1810,282,1368,4313,San Jose,43,True,True,B,SIDE SWIPE,,Tuesday,Yes,False,,,False,True,True,Santa Clara Superior,C,OTHER MOTOR VEHICLE,,1,0,CLEAR,, NO UNUSUAL CONDITIONS,, ,D,DARK-NO STREET LIGHTS,37.3169,-121.9479,,,,,A,NO PEDESTRIANS INVOLVED,1/29/2019 12:00:00 AM,A,22107,False,1.0,I-280 N/B,,,2/5/2019 3:23:31 PM,A,S,1000.0,Winchester Blvd,F,,D,2/5/2019 3:24:37 PM,2/5/2019 3:24:37 PM,,True,2,,,,,,,
919724,9340-2019-00506,1,False,9340,1/29/2019 6:40:00 PM,1840,281,1368,4313,San Jose,43,True,True,B,SIDE SWIPE,,Tuesday,NotApplicable,False,,,False,True,True,Santa Clara Superior,C,OTHER MOTOR VEHICLE,,0,0,CLEAR,, NO UNUSUAL CONDITIONS,, ,D,DARK-NO STREET LIGHTS,37.3154,-121.9148,,,,,A,NO PEDESTRIANS INVOLVED,1/29/2019 12:00:00 AM,A,21658(a),False,1.0,I-280 NORTHBOUND,,,2/5/2019 2:54:08 PM,A,S,25.0,Meridian Ave,F,,D,2/5/2019 2:54:44 PM,2/5/2019 2:54:44 PM,,True,2,,,,,,,
919719,9340-2019-00505,1,False,9340,1/29/2019 5:30:00 PM,1730,087,1368,4313,San Jose,43,True,True,B,SIDE SWIPE,,Tuesday,NotApplicable,False,M,,False,True,True,Santa Clara Superior,C,OTHER MOTOR VEHICLE,,0,0,CLEAR,, NO UNUSUAL CONDITIONS,, ,D,DARK-NO STREET LIGHTS,37.2583,-121.8593,,,,,A,NO PEDESTRIANS INVOLVED,1/29/2019 12:00:00 AM,A,22107,False,1.0,SR-87 SOUTHBOUND TO SANTA TERESA BLVD,,,2/5/2019 2:51:53 PM,A,N,500.0,Santa Teresa Blvd,F,,D,2/5/2019 2:52:24 PM,2/5/2019 2:52:24 PM,,True,2,,,,,,,
919710,9340-2019-00491,1,False,9340,1/28/2019 8:12:00 AM,812,281,1368,4313,San Jose,43,True,True,B,SIDE SWIPE,,Monday,NotApplicable,False,,,False,True,False,Santa Clara Superior,C,OTHER MOTOR VEHICLE,,0,0,CLOUDY,, NO UNUSUAL CONDITIONS,, ,A,DAYLIGHT,37.31738,-121.90462,,,,,A,NO PEDESTRIANS INVOLVED,1/28/2019 12:00:00 AM,A,21658(a),False,1.0,I-280 N/B,,,2/5/2019 2:47:51 PM,A,S,2038.0,Race St,F,,D,2/5/2019 2:48:27 PM,2/5/2019 2:48:27 PM,,True,2,,,,,,,
919633,9340-2019-00514,1,False,9340,1/29/2019 6:30:00 PM,1830,281,1368,4313,San Jose,43,True,True,C,REAR END,,Tuesday,NotApplicable,False,,,False,True,True,Santa Clara Superior,C,OTHER MOTOR VEHICLE,,0,0,CLEAR,, NO UNUSUAL CONDITIONS,, ,D,DARK-NO STREET LIGHTS,37.323123,-121.895552,,,,,A,NO PEDESTRIANS INVOLVED,1/29/2019 12:00:00 AM,D,,,,I-280 S/B,,,2/5/2019 2:07:25 PM,A,N,940.0,SR-87,F,,D,2/5/2019 2:07:57 PM,2/5/2019 2:07:57 PM,,True,2,,,,,,,
919632,9340-2019-00494,1,False,9340,1/28/2019 4:25:00 PM,1625,087,1368,4313,San Jose,43,True,True,E,HIT OBJECT,,Monday,NotApplicable,False,M,,False,True,True,Santa Clara Superior,C,OTHER MOTOR VEHICLE,,0,0,CLEAR,, NO UNUSUAL CONDITIONS,, ,A,DAYLIGHT,37.222431,-121.55394,,,,,A,NO PEDESTRIANS INVOLVED,1/28/2019 12:00:00 AM,A,22107,False,1.0,STATE ROUTE 87 NORTHBOUND,,,2/5/2019 2:07:22 PM,A,S,900.0,US-101,F,,D,2/5/2019 2:07:53 PM,2/5/2019 2:07:53 PM,,True,2,,,,,,,
919628,9340-2019-00496,1,False,9340,1/28/2019 4:20:00 PM,1620,681,1368,4313,San Jose,43,True,True,C,REAR END,,Monday,NotApplicable,False,,,False,True,False,Santa Clara Superior,C,OTHER MOTOR VEHICLE,,0,0,CLEAR,, NO UNUSUAL CONDITIONS,, ,A,DAYLIGHT,37.396885,-121.874961,,,,,A,NO PEDESTRIANS INVOLVED,1/28/2019 12:00:00 AM,A,22350,False,1.0,I-680 S/B,,,2/5/2019 2:05:06 PM,A,N,1500.0,Hostetter Rd,F,,D,2/5/2019 2:05:43 PM,2/5/2019 2:05:43 PM,,True,2,,,,,,,
919515,9340-2019-00540,1,False,9340,1/30/2019 3:30:00 PM,1530,281,1368,4313,San Jose,43,True,True,C,REAR END,,Wednesday,NotApplicable,False,,,False,True,False,Santa Clara Superior,C,OTHER MOTOR VEHICLE,,0,0,CLEAR,, NO UNUSUAL CONDITIONS,, ,A,DAYLIGHT,37.3207,-121.9007,,,,,A,NO PEDESTRIANS INVOLVED,1/30/2019 12:00:00 AM,A,22350,False,1.0,I-280 S/B,,,2/5/2019 12:56:08 PM,A,N,1025.0,Bird Ave,F,,D,2/5/2019 12:56:53 PM,2/5/2019 12:56:53 PM,,True,2,,,,,,,
919500,9340-2019-00535,1,False,9340,1/30/2019 5:50:00 PM,1750,120,1368,4313,San Jose,43,True,True,B,SIDE SWIPE,,Wednesday,NotApplicable,False,M,,False,True,False,Santa Clara Superior,C,OTHER MOTOR VEHICLE,,1,0,CLEAR,, NO UNUSUAL CONDITIONS,, ,A,DAYLIGHT,37.3774,-121.94549,,,,,A,NO PEDESTRIANS INVOLVED,1/30/2019 12:00:00 AM,A,22107,False,1.0,US-101 S/B,,,2/5/2019 12:45:43 PM,A,N,500.0,Trimble Rd,F,,D,2/5/2019 12:46:20 PM,2/5/2019 12:46:20 PM,,True,2,,,,,,,
919490,9340-2019-00524,1,False,9340,1/30/2019 9:45:00 AM,945,088,1368,4313,San Jose,43,True,True,C,REAR END,,Wednesday,NotApplicable,False,,,False,True,False,Santa Clara Superior,C,OTHER MOTOR VEHICLE,,0,0,CLEAR,, NO UNUSUAL CONDITIONS,, ,A,DAYLIGHT,37.35137,-121.91423,,,,,A,NO PEDESTRIANS INVOLVED,1/30/2019 12:00:00 AM,A,22350,False,1.0,I-880 N/B,,,2/5/2019 12:38:23 PM,A,N,1320.0,Coleman Ave,F,,D,2/5/2019 12:38:53 PM,2/5/2019 12:38:53 PM,,True,2,,,,,,,
919407,9340-2019-00523,1,False,9340,1/30/2019 9:10:00 AM,910,088,1368,4313,San Jose,43,True,True,C,REAR END,,Wednesday,NotApplicable,False,,,False,True,True,Santa Clara Superior,C,OTHER MOTOR VEHICLE,,0,0,CLEAR,, NO UNUSUAL CONDITIONS,, ,A,DAYLIGHT,37.3554,-121.90988,,,,,A,NO PEDESTRIANS INVOLVED,1/30/2019 12:00:00 AM,A,22350,False,1.0,I-880 N/B,,,2/5/2019 11:42:36 AM,A,N,535.0,SR-87,F,,D,2/5/2019 11:43:04 AM,2/5/2019 11:43:04 AM,,True,2,,,,,,,
919283,9340-2019-00510,1,False,9340,1/29/2019 2:50:00 PM,1450,282,1368,4313,San Jose,43,True,True,C,REAR END,,Tuesday,NotApplicable,False,,,False,True,True,Santa Clara Superior,C,OTHER MOTOR VEHICLE,,0,0,CLEAR,, NO UNUSUAL CONDITIONS,, ,A,DAYLIGHT,37.3179,-121.9808,,,,,A,NO PEDESTRIANS INVOLVED,1/29/2019 12:00:00 AM,A,22350,False,1.0,I-280 S/B,,,2/5/2019 10:35:07 AM,A,N,1000.0,Saratoga Ave,F,,D,2/5/2019 10:35:42 AM,2/5/2019 10:35:42 AM,,True,2,,,,,,,
919054,9340-2019-00473,1,False,9340,1/26/2019 6:45:00 PM,1845,240,1368,4313,San Jose,43,True,True,B,SIDE SWIPE,,Saturday,NotApplicable,False,M,,False,True,True,Santa Clara Superior,C,OTHER MOTOR VEHICLE,,0,0,CLOUDY,, NO UNUSUAL CONDITIONS,, ,D,DARK-NO STREET LIGHTS,37.421,-121.9368,,,,,A,NO PEDESTRIANS INVOLVED,1/26/2019 12:00:00 AM,A,22107,False,1.0,SR-237 W/B,,,2/5/2019 8:24:36 AM,A,E,1000.0,Zanker Rd,F,,D,2/5/2019 8:25:14 AM,2/5/2019 8:25:14 AM,,True,2,,,,,,,
918712,9340-2019-00451,1,False,9340,1/25/2019 11:05:00 AM,1105,281,1368,4313,San Jose,43,True,True,E,HIT OBJECT,,Friday,NotApplicable,False,,,False,True,True,Santa Clara Superior,J,OTHER OBJECT,UNKNOWN OBJECT,1,0,CLEAR,, NO UNUSUAL CONDITIONS,, ,A,DAYLIGHT,37.3277,-121.8793,,,,,A,NO PEDESTRIANS INVOLVED,1/25/2019 12:00:00 AM,C,,,,I-280 N/B,,,2/4/2019 3:16:44 PM,A,N,945.0,7th St,F,,D,2/4/2019 3:17:28 PM,2/4/2019 3:17:28 PM,,True,2,,,,,,,
918702,9340-2019-00508,1,False,9340,1/29/2019 5:30:00 PM,1730,110,1368,4313,San Jose,43,True,True,C,REAR END,,Tuesday,NotApplicable,False,,,False,True,True,Santa Clara Superior,C,OTHER MOTOR VEHICLE,,2,0,CLEAR,, NO UNUSUAL CONDITIONS,, ,B,DUSK-DAWN,37.36205,-121.88336,,,,,A,NO PEDESTRIANS INVOLVED,1/29/2019 12:00:00 AM,A,22350,False,1.0,US-101 S/B,,,2/4/2019 3:10:30 PM,A,S,1000.0,HEDDING STREET,F,,D,2/4/2019 3:11:05 PM,2/4/2019 3:11:05 PM,,True,2,,,,,,,
918665,9340-2019-00490,1,False,9340,1/28/2019 6:30:00 AM,630,282,1368,4313,San Jose,43,True,True,C,REAR END,,Monday,NotApplicable,False,,,False,True,True,Santa Clara Superior,C,OTHER MOTOR VEHICLE,,1,0,CLEAR,, NO UNUSUAL CONDITIONS,, ,B,DUSK-DAWN,37.1859,-121.5717,,,,,A,NO PEDESTRIANS INVOLVED,1/28/2019 12:00:00 AM,A,22350,False,1.0,I-280 N/B,,,2/4/2019 2:38:31 PM,A,N,300.0,Winchester Blvd,F,,D,2/4/2019 2:39:15 PM,2/4/2019 2:39:15 PM,,True,2,,,,,,,
918638,9340-2019-00156,1,False,9340,1/9/2019 5:30:00 AM,530,083,1368,4313,San Jose,43,True,True,B,SIDE SWIPE,,Wednesday,NotApplicable,False,M,,False,True,False,Santa Clara Superior,C,OTHER MOTOR VEHICLE,,0,0,CLOUDY,RAINING, NO UNUSUAL CONDITIONS,, ,D,DARK-NO STREET LIGHTS,37.24806,-121.83097,,,,,A,NO PEDESTRIANS INVOLVED,1/9/2019 12:00:00 AM,A,21658(a),False,1.0,SR-85 N/B,,,2/4/2019 2:22:18 PM,B,S,3000.0,SR-87,F,,D,2/4/2019 2:22:48 PM,2/4/2019 2:22:48 PM,,True,2,,,,,,,
918636,9340-2019-00493,1,False,9340,1/28/2019 6:55:00 AM,655,120,1368,4313,San Jose,43,True,True,C,REAR END,,Monday,NotApplicable,False,,,False,True,False,Santa Clara Superior,C,OTHER MOTOR VEHICLE,,0,0,CLOUDY,, NO UNUSUAL CONDITIONS,, ,B,DUSK-DAWN,37.3672,-121.90679,,,,,A,NO PEDESTRIANS INVOLVED,1/28/2019 12:00:00 AM,A,22350,False,1.0,US-101 N/B,,,2/4/2019 2:19:46 PM,A,S,500.0,Old Bayshore Hwy,F,,D,2/4/2019 2:20:29 PM,2/4/2019 2:20:29 PM,,True,2,,,,,,,
918620,9340-2019-00497,1,False,9340,1/28/2019 3:35:00 PM,1535,230,1368,4313,San Jose,43,True,True,C,REAR END,,Monday,NotApplicable,False,,,False,True,False,Santa Clara Superior,C,OTHER MOTOR VEHICLE,,1,0,CLOUDY,, NO UNUSUAL CONDITIONS,, ,A,DAYLIGHT,37.41284,-121.98386,,,,,A,NO PEDESTRIANS INVOLVED,1/28/2019 12:00:00 AM,A,22350,False,1.0,SR-237 E/B,,,2/4/2019 2:08:00 PM,A,W,1000.0,Great America Pky,F,,D,2/4/2019 2:08:38 PM,2/4/2019 2:08:38 PM,,True,2,,,,,,,
918600,9340-2019-00047,1,False,9340,1/3/2019 12:03:00 PM,1203,089,1368,4313,San Jose,43,True,True,C,REAR END,,Thursday,NotApplicable,True,M,,False,True,False,Santa Clara Superior,C,OTHER MOTOR VEHICLE,,0,0,CLEAR,, NO UNUSUAL CONDITIONS,, ,A,DAYLIGHT,37.364368,-121.901876,,,,,A,NO PEDESTRIANS INVOLVED,1/3/2019 12:00:00 AM,A,21658(a),False,2.0,I-880 S/B,,,2/4/2019 1:54:27 PM,A,N,20.0,US 101,F,,D,2/4/2019 1:57:32 PM,2/4/2019 1:57:32 PM,,True,2,,,,,,,
918592,9340-2019-00468,1,False,9340,1/25/2019 5:50:00 PM,1750,088,1368,4313,San Jose,43,True,True,C,REAR END,,Friday,NotApplicable,False,,,False,True,False,Santa Clara Superior,C,OTHER MOTOR VEHICLE,,1,0,CLEAR,, NO UNUSUAL CONDITIONS,, On-Duty Emergency Vehicle,A,DAYLIGHT,37.36316,-121.902523,,,,,A,NO PEDESTRIANS INVOLVED,1/25/2019 12:00:00 AM,A,22350,False,1.0,I-880 S/B,,,2/4/2019 1:54:22 PM,A,S,310.0,US101,F,,D,2/4/2019 1:55:05 PM,2/4/2019 1:55:05 PM,,,2,,,,,,,
918487,9340-2019-00499,1,False,9340,1/28/2019 3:20:00 PM,1520,087,1368,4313,San Jose,43,True,True,C,REAR END,,Monday,NotApplicable,False,,,False,True,True,Santa Clara Superior,C,OTHER MOTOR VEHICLE,,0,0,CLEAR,, NO UNUSUAL CONDITIONS,, ,A,DAYLIGHT,37.321364,-121.890026,,,,,A,NO PEDESTRIANS INVOLVED,1/28/2019 12:00:00 AM,A,22350,False,1.0,SR-87 NB TO 280 SB,,,2/4/2019 12:57:55 PM,A,S,400.0,I-280,F,,D,2/4/2019 12:58:35 PM,2/4/2019 12:58:35 PM,,True,2,,,,,,,
918473,9340-2019-00498,1,False,9340,1/28/2019 5:39:00 PM,1739,282,1368,4313,San Jose,43,True,True,C,REAR END,,Monday,NotApplicable,False,M,,False,True,False,Santa Clara Superior,C,OTHER MOTOR VEHICLE,,0,0,CLOUDY,, NO UNUSUAL CONDITIONS,, ,B,DUSK-DAWN,37.33421,-121.03716,,,,,A,NO PEDESTRIANS INVOLVED,1/28/2019 12:00:00 AM,A,22350,False,1.0,I-280 S/B,,,2/4/2019 12:50:12 PM,A,N,1600.0,De Anza Ave,F,,D,2/4/2019 12:50:41 PM,2/4/2019 12:50:41 PM,,True,2,,,,,,,
918436,9340-2019-00489,1,False,9340,1/28/2019 9:40:00 AM,940,088,1368,4313,San Jose,43,True,True,C,REAR END,,Monday,NotApplicable,False,M,,False,True,False,Santa Clara Superior,C,OTHER MOTOR VEHICLE,,0,0,CLEAR,, NO UNUSUAL CONDITIONS,, ,A,DAYLIGHT,37.3283,-121.9409,,,,,A,NO PEDESTRIANS INVOLVED,1/28/2019 12:00:00 AM,A,22350,False,1.0,I-880 S/B,,,2/4/2019 12:29:29 PM,A,N,550.0,Stevens Creek Blvd,F,,D,2/4/2019 12:29:59 PM,2/4/2019 12:29:59 PM,,True,2,,,,,,,
918433,9340-2019-00495,1,False,9340,1/28/2019 5:20:00 PM,1720,089,1368,4313,San Jose,43,True,True,C,REAR END,,Monday,NotApplicable,False,,,False,True,True,Santa Clara Superior,C,OTHER MOTOR VEHICLE,,0,0,CLEAR,, NO UNUSUAL CONDITIONS,, ,B,DUSK-DAWN,37.401,-121.9089,,,,,A,NO PEDESTRIANS INVOLVED,1/28/2019 12:00:00 AM,A,22350,False,1.0,I-880 SOUTHBOUND,,,2/4/2019 12:27:51 PM,A,S,100.0,Montague Expy,F,,D,2/4/2019 12:28:27 PM,2/4/2019 12:28:27 PM,,True,2,,,,,,,
918413,9340-2019-00488,1,False,9340,1/28/2019 7:45:00 AM,745,088,1368,4313,San Jose,43,True,True,C,REAR END,,Monday,NotApplicable,False,,,False,True,True,Santa Clara Superior,C,OTHER MOTOR VEHICLE,,0,0,CLEAR,, NO UNUSUAL CONDITIONS,, ,A,DAYLIGHT,37.357461,-121.908173,,,,,A,NO PEDESTRIANS INVOLVED,1/28/2019 12:00:00 AM,A,22350,False,1.0,I-880 S/B,,,2/4/2019 12:14:31 PM,A,S,315.0,First St.,F,,D,2/4/2019 12:15:52 PM,2/4/2019 12:15:52 PM,,True,2,,,,,,,
918398,9340-2019-00437,1,False,9340,1/24/2019 3:40:00 PM,1540,087,1368,4313,San Jose,43,True,True,C,REAR END,,Thursday,Yes,False,,,False,True,True,Santa Clara Superior,C,OTHER MOTOR VEHICLE,,2,0,CLEAR,, NO UNUSUAL CONDITIONS,, ,A,DAYLIGHT,37.32339,-121.8921,,,,,A,NO PEDESTRIANS INVOLVED,1/24/2019 12:00:00 AM,A,22350,False,1.0,SR-87 S/B ,,,2/4/2019 12:01:36 PM,A,S,1100.0,auzerais street,F,,D,2/4/2019 12:02:28 PM,2/4/2019 12:02:28 PM,,True,2,,,,,,,
918396,9340-2019-00492,1,False,9340,1/28/2019 6:50:00 AM,650,281,1368,4313,San Jose,43,True,True,C,REAR END,,Monday,NotApplicable,False,,,False,True,False,Santa Clara Superior,C,OTHER MOTOR VEHICLE,,0,0,CLEAR,, NO UNUSUAL CONDITIONS,, ,A,DAYLIGHT,37.325679,-121.8848,,,,,A,NO PEDESTRIANS INVOLVED,1/28/2019 12:00:00 AM,A,22350,False,1.0,I-280 N/B,,,2/4/2019 12:00:41 PM,A,S,0.5,SR-87,M,,D,2/4/2019 12:01:15 PM,2/4/2019 12:01:15 PM,,True,2,,,,,,,
918383,9340-2019-00450,1,False,9340,1/25/2019 7:40:00 AM,740,110,1368,4313,San Jose,43,True,True,F,OVERTURNED,,Friday,Yes,True,,,False,True,True,Santa Clara Superior,A,NON-COLLISION,,1,0,CLEAR,, NO UNUSUAL CONDITIONS,, ,A,DAYLIGHT,37.212728,-121.521248,,,,,A,NO PEDESTRIANS INVOLVED,1/25/2019 12:00:00 AM,A,22107,False,1.0,US101 S/B,,,2/4/2019 11:50:27 AM,A,N,1700.0,McKee Rd,F,,D,2/4/2019 11:51:09 AM,2/4/2019 11:51:09 AM,,True,2,,,,,,,
918317,9340-2019-00479,1,False,9340,1/27/2019 12:48:00 PM,1248,120,1368,4313,San Jose,43,True,True,C,REAR END,,Sunday,NotApplicable,False,,,False,True,False,Santa Clara Superior,C,OTHER MOTOR VEHICLE,,0,0,CLEAR,, NO UNUSUAL CONDITIONS,, ,A,DAYLIGHT,37.37348,-121.92718,,,,,A,NO PEDESTRIANS INVOLVED,1/27/2019 12:00:00 AM,A,22107,False,1.0,US-101 S/B,,,2/4/2019 10:59:56 AM,A,N,200.0,SR-87,F,,D,2/4/2019 11:00:28 AM,2/4/2019 11:00:28 AM,,True,2,,,,,,,
918302,9340-2019-00480,1,False,9340,1/27/2019 2:25:00 PM,1425,281,1368,4313,San Jose,43,True,True,C,REAR END,,Sunday,NotApplicable,False,,,False,True,True,Santa Clara Superior,C,OTHER MOTOR VEHICLE,,1,0,CLEAR,, NO UNUSUAL CONDITIONS,, ,A,DAYLIGHT,37.324808,-121.886542,,,,,A,NO PEDESTRIANS INVOLVED,1/27/2019 12:00:00 AM,A,22350,False,1.0,I-280 S/B,,,2/4/2019 10:51:05 AM,A,S,1600.0,SR-87,F,,D,2/4/2019 10:51:42 AM,2/4/2019 10:51:42 AM,,True,2,,,,,,,
918280,9340-2019-00484,1,False,9340,1/27/2019 1:36:00 PM,1336,089,1368,4313,San Jose,43,True,True,D,BROADSIDE,,Sunday,NotApplicable,False,,,False,True,True,Santa Clara Superior,C,OTHER MOTOR VEHICLE,,1,0,CLEAR,, NO UNUSUAL CONDITIONS,, ,A,DAYLIGHT,37.3665,-121.901,,,,,A,NO PEDESTRIANS INVOLVED,1/27/2019 12:00:00 AM,A,22107,False,1.0,I-880 N/B,,,2/4/2019 10:37:49 AM,A,S,320.0,Old Bayshore Hwy,F,,D,2/4/2019 10:41:02 AM,2/4/2019 10:41:02 AM,,True,2,,,,,,,
918251,9340-2019-00444,1,False,9340,1/25/2019 12:15:00 AM,15,087,1368,4313,San Jose,43,True,True,E,HIT OBJECT,,Friday,NotApplicable,False,,,False,True,True,Santa Clara Superior,I,FIXED OBJECT,CONCRETE MEDIAN BARRIER,0,0,CLEAR,, NO UNUSUAL CONDITIONS,, ,C,DARK-STREET LIGHTS,37.3413,-121.9002,,,,,A,NO PEDESTRIANS INVOLVED,1/25/2019 12:00:00 AM,A,22107,False,1.0,SR-87 N/B,,,2/4/2019 10:15:51 AM,A,N,0.3,Julian St,M,,D,2/4/2019 10:17:12 AM,2/4/2019 10:17:12 AM,,True,2,,,,,,,
918184,9340-2019-00482,1,False,9340,1/26/2019 2:00:00 PM,1400,681,1368,4313,San Jose,43,True,True,C,REAR END,,Saturday,NotApplicable,False,,,False,True,True,Santa Clara Superior,C,OTHER MOTOR VEHICLE,,0,0,CLEAR,, NO UNUSUAL CONDITIONS,, ,A,DAYLIGHT,37.36323,-121.84298,,,,,A,NO PEDESTRIANS INVOLVED,1/26/2019 12:00:00 AM,A,22350,False,1.0,I-680 S/B,,,2/4/2019 9:28:26 AM,A,S,1700.0,McKee Rd,F,,D,2/4/2019 9:29:01 AM,2/4/2019 9:29:01 AM,,True,2,,,,,,,
918134,9340-2019-00454,1,False,9340,1/25/2019 11:00:00 AM,1100,110,1368,4313,San Jose,43,True,True,B,SIDE SWIPE,,Friday,NotApplicable,False,,,False,True,False,Santa Clara Superior,C,OTHER MOTOR VEHICLE,,0,0,CLEAR,, NO UNUSUAL CONDITIONS,, ,A,DAYLIGHT,37.32888,-121.841872,,,,,A,NO PEDESTRIANS INVOLVED,1/25/2019 12:00:00 AM,A,21658(a),False,1.0,US101 S/B,,,2/4/2019 8:55:45 AM,A,N,3000.0,Tully Rd,F,,D,2/4/2019 8:56:46 AM,2/4/2019 8:56:46 AM,,True,2,,,,,,,
918079,9340-2019-00435,1,False,9340,1/24/2019 4:08:00 PM,1608,110,1368,4313,San Jose,43,True,True,C,REAR END,,Thursday,NotApplicable,False,M,,False,True,False,Santa Clara Superior,C,OTHER MOTOR VEHICLE,,0,0,CLOUDY,, NO UNUSUAL CONDITIONS,, ,A,DAYLIGHT,37.353,-121.8649,,,,,A,NO PEDESTRIANS INVOLVED,1/24/2019 12:00:00 AM,A,22350,False,1.0,US-101 S/B JSO MCKEE RD.,,,2/4/2019 8:01:21 AM,A,S,500.0,McKee Rd,F,,D,2/4/2019 8:17:44 AM,2/4/2019 8:17:44 AM,,True,2,,,,,,,
918030,9340-2019-00481,1,False,9340,1/27/2019 2:40:00 PM,1440,089,1368,4313,San Jose,43,True,True,C,REAR END,,Sunday,NotApplicable,False,,,False,True,False,Santa Clara Superior,C,OTHER MOTOR VEHICLE,,0,0,CLEAR,, NO UNUSUAL CONDITIONS,, ,A,DAYLIGHT,37.38129,-121.903789,,,,,A,NO PEDESTRIANS INVOLVED,1/27/2019 12:00:00 AM,A,22350,False,1.0,I-880 N/B,,,2/4/2019 7:49:58 AM,A,S,120.0,Brokaw Rd,F,,D,2/4/2019 7:50:30 AM,2/4/2019 7:50:30 AM,,True,2,,,,,,,
918018,9340-2019-00467,1,False,9340,1/25/2019 4:55:00 PM,1655,681,1368,4313,San Jose,43,True,True,B,SIDE SWIPE,,Friday,NotApplicable,False,M,,False,True,True,Santa Clara Superior,C,OTHER MOTOR VEHICLE,,0,0,CLEAR,, NO UNUSUAL CONDITIONS,, ,A,DAYLIGHT,37.3994,-121.8756,,,,,A,NO PEDESTRIANS INVOLVED,1/25/2019 12:00:00 AM,A,21658(a),False,1.0,I-680 N/B,,,2/4/2019 7:44:46 AM,A,N,10.0,Capitol Ave,F,,D,2/4/2019 7:45:15 AM,2/4/2019 7:45:15 AM,,True,2,,,,,,,