Collision Id,	Report Number,	Report Version,	Is Preliminary,	NCIC Code,Crash Date Time,	Crash Time Description,	Beat,City Id,	City Code,	City Name,County Code,	City Is Active,	City Is Incorporated,	Collision Type Code,Collision Type Description,	Collision Type Other Desc,	Day Of Week,	DispatchNotified,	HasPhotographs,	HitRun,	IsAttachmentsMailed,	IsDeleted,	IsHighwayRelated,	IsTowAway,	JudicialDistrict,	MotorVehicleInvolvedWithCode,	MotorVehicleInvolvedWithDesc,MotorVehicleInvolvedWithOtherDesc,	NumberInjured,	NumberKilled,Weather 1, Weather 2, Road Condition 1, Road Condition 2, Special Condition,LightingCode, LightingDescription,Latitude,Longitude,MilepostDirection,MilepostDistance,MilepostMarker,MilepostUnitOfMeasure,	PedestrianActionCode,PedestrianActionDesc,PreparedDate,	Primary Collision Factor Code,Primary Collision Factor Violation,PrimaryCollisionFactorIsCited,	PrimaryCollisionPartyNumber,	PrimaryRoad,	ReportingDistrict,	ReportingDistrictCode,ReviewedDate,	RoadwaySurfaceCode,SecondaryDirection,	SecondaryDistance,	SecondaryRoad,	SecondaryUnitOfMeasure,	SketchDesc,	TrafficControlDeviceCode,CreatedDate,	ModifiedDate,IsCountyRoad,IsFreeway,CHP555Version,	IsAdditonalObjectStruck,NotificationDate,	NotificationTimeDescription,	HasDigitalMediaFiles,	EvidenceNumber,	IsLocationReferToNarrative,	IsAOIOneSameAsLocation
958122,9340-2019-01386,1,False,9340,3/22/2019 10:05:00 AM,1005,281,1368,4313,San Jose,43,True,True,C,REAR END,,Friday,Yes,False,,,False,True,True,Santa Clara Superior,C,OTHER MOTOR VEHICLE,,1,0,CLOUDY,, NO UNUSUAL CONDITIONS,, ,A,DAYLIGHT,37.191069,-121.54456,,,,,A,NO PEDESTRIANS INVOLVED,3/22/2019 12:00:00 AM,A,22350,False,1.0,I-280 S/B,,,4/1/2019 8:26:58 AM,B,N,1200.0,Bird Ave,F,,D,4/1/2019 8:27:42 AM,4/1/2019 8:27:42 AM,,True,2,,,,,,,
958120,9340-2019-01360,1,False,9340,3/20/2019 6:40:00 AM,640,110,1368,4313,San Jose,43,True,True,B,SIDE SWIPE,,Wednesday,NotApplicable,False,,,False,True,False,Santa Clara Superior,C,OTHER MOTOR VEHICLE,,0,0,RAINING,, NO UNUSUAL CONDITIONS,, ,C,DARK-STREET LIGHTS,37.212,-121.5212,,,,,A,NO PEDESTRIANS INVOLVED,3/20/2019 12:00:00 AM,A,22107,False,2.0,US101 N/B,,,4/1/2019 8:23:44 AM,B,N,100.0,McKee Rd,F,,D,4/1/2019 8:24:14 AM,4/1/2019 8:24:14 AM,,True,2,,,,,,,
958047,9340-2019-01439,1,False,9340,3/25/2019 3:30:00 PM,1530,282,1368,4313,San Jose,43,True,True,C,REAR END,,Monday,NotApplicable,False,,,False,True,False,Santa Clara Superior,C,OTHER MOTOR VEHICLE,,0,0,CLEAR,, NO UNUSUAL CONDITIONS,, ,A,DAYLIGHT,37.335008,-122.031183,,,,,A,NO PEDESTRIANS INVOLVED,3/25/2019 12:00:00 AM,A,22350,False,1.0,I-280 S/B TO DE ANZA AVENUE,,,3/31/2019 10:46:58 PM,A,S,100.0,De Anza Ave,F,,D,3/31/2019 10:47:28 PM,3/31/2019 10:47:28 PM,,True,2,,,,,,,
958044,9340-2019-01412,1,False,9340,3/23/2019 3:15:00 PM,1515,681,1368,4313,San Jose,43,True,True,C,REAR END,,Saturday,NotApplicable,False,,,False,True,False,Santa Clara Superior,C,OTHER MOTOR VEHICLE,,0,0,CLEAR,, NO UNUSUAL CONDITIONS,, ,A,DAYLIGHT,37.383803,-121.862652,,,,,A,NO PEDESTRIANS INVOLVED,3/23/2019 12:00:00 AM,A,22350,False,1.0,I-680 S/B,,,3/31/2019 9:02:43 PM,A,S,150.0,Berryessa Rd,F,,D,3/31/2019 9:03:16 PM,3/31/2019 9:03:16 PM,,True,2,,,,,,,
958041,9340-2019-01425,1,False,9340,3/24/2019 7:07:00 PM,1907,120,1368,4313,San Jose,43,True,True,C,REAR END,,Sunday,Yes,False,,,False,True,True,Santa Clara Superior,C,OTHER MOTOR VEHICLE,,0,0,CLEAR,, NO UNUSUAL CONDITIONS,, ,A,DAYLIGHT,37.363762,-121.897921,,,,,A,NO PEDESTRIANS INVOLVED,3/24/2019 12:00:00 AM,A,23152(a),True,1.0,US101 N/B,,,3/31/2019 8:10:05 PM,A,S,1045.0,I-880,F,,D,3/31/2019 8:10:47 PM,3/31/2019 8:10:47 PM,,True,2,,,,,,,
958039,9340-2019-01408,1,False,9340,3/23/2019 4:34:00 PM,1634,110,1368,4313,San Jose,43,True,True,E,HIT OBJECT,,Saturday,NotApplicable,False,,,False,True,True,Santa Clara Superior,J,OTHER OBJECT,CONCRETE BARRIER,0,0,CLEAR,, NO UNUSUAL CONDITIONS,, ,A,DAYLIGHT,37.298671,-121.812417,,,,,A,NO PEDESTRIANS INVOLVED,3/23/2019 12:00:00 AM,A,22107,False,1.0,US101 N/B,,,3/31/2019 7:40:06 PM,A,S,1980.0,Capitol Expy,F,,D,3/31/2019 7:40:54 PM,3/31/2019 7:40:54 PM,,True,2,,,,,,,
957642,9340-2019-01371,1,False,9340,3/21/2019 6:15:00 AM,615,681,1368,4313,San Jose,43,True,True,B,SIDE SWIPE,,Thursday,NotApplicable,False,,,False,True,False,Santa Clara Superior,C,OTHER MOTOR VEHICLE,,0,0,CLEAR,, NO UNUSUAL CONDITIONS,, ,B,DUSK-DAWN,37.343,-121.8476,,,,,A,NO PEDESTRIANS INVOLVED,3/21/2019 12:00:00 AM,A,21658(a),False,1.0,KING ROAD ONTO SB I-680,,,3/29/2019 2:01:50 PM,A,S,100.0,King Rd,F,,D,3/29/2019 2:02:20 PM,3/29/2019 2:02:20 PM,,True,2,,,,,,,
957543,9340-2019-01377,1,False,9340,3/21/2019 7:40:00 PM,1940,681,1368,4313,San Jose,43,True,True,B,SIDE SWIPE,,Thursday,NotApplicable,False,M,,False,True,False,Santa Clara Superior,C,OTHER MOTOR VEHICLE,,2,0,CLEAR,, NO UNUSUAL CONDITIONS,, ,C,DARK-STREET LIGHTS,37.30036,-121.83896,,,,,A,NO PEDESTRIANS INVOLVED,3/21/2019 12:00:00 AM,A,21755,False,1.0,I-680 S/B from Capitol Expy,,,3/29/2019 12:26:08 PM,A,S,30.0,Capitol Expy,F,,D,3/29/2019 12:37:46 PM,3/29/2019 12:37:46 PM,,True,2,,,,,,,
957538,9725-2019-00414,1,False,9725,3/17/2019 12:35:00 PM,1235,015,1368,4313,San Jose,43,True,True,E,HIT OBJECT,,Sunday,Yes,False,,,False,True,True,San Jose Superior,I,FIXED OBJECT,SOUND WALL,1,0,CLEAR,, NO UNUSUAL CONDITIONS,, ,A,DAYLIGHT,37.256099,-121.795544,,,,,A,NO PEDESTRIANS INVOLVED,3/17/2019 12:00:00 AM,A,23152(a),True,1.0,US-101 SB FROM BLOSSOM HILL ROAD e/b,,,3/29/2019 12:28:37 PM,A,S,500.0,Blossom Hill Rd,F,,D,3/29/2019 12:33:59 PM,3/29/2019 12:33:59 PM,,True,2,,,,,,,
957250,9340-2019-01346,1,False,9340,3/19/2019 2:35:00 PM,1435,089,1368,4313,San Jose,43,True,True,B,SIDE SWIPE,,Tuesday,NotApplicable,False,M,,False,True,False,Santa Clara Superior,C,OTHER MOTOR VEHICLE,,0,0,CLEAR,, NO UNUSUAL CONDITIONS,, ,A,DAYLIGHT,37.3634,-121.9027,,,,,A,NO PEDESTRIANS INVOLVED,3/19/2019 12:00:00 AM,A,22107,False,1.0,I-880 S/B to US-101 S/B,,,3/29/2019 9:18:46 AM,A,S,40.0,US-101,F,,D,3/29/2019 9:19:16 AM,3/29/2019 9:19:16 AM,,True,2,,,,,,,
957046,9340-2019-01487,1,False,9340,3/27/2019 11:50:00 PM,2350,089,1368,4313,San Jose,43,True,True,C,REAR END,,Wednesday,Yes,False,,,False,False,True,Santa Clara Superior,E,PARKED MOTOR VEHICLE,,0,0,CLEAR,, NO UNUSUAL CONDITIONS,, ,C,DARK-STREET LIGHTS,37.32062,-121.93174,,,,,A,NO PEDESTRIANS INVOLVED,3/27/2019 12:00:00 AM,A,23152(a),True,1.0,Bascom Ave,,,3/29/2019 2:18:02 AM,A,S,360.0,Elliot St,F,,D,3/29/2019 2:18:51 AM,3/29/2019 2:18:51 AM,True,,2,,,,,,,
955917,9340-2019-01477,1,False,9340,3/26/2019 5:15:00 PM,1715,087,1368,4313,San Jose,43,True,True,C,REAR END,,Tuesday,NotApplicable,False,,,False,True,False,Santa Clara Superior,D,MOTOR VEHICLE ON OTHER ROADWAY,,0,0,CLEAR,, NO UNUSUAL CONDITIONS,, ,A,DAYLIGHT,37.3176,-121.8897,,,,,A,NO PEDESTRIANS INVOLVED,3/26/2019 12:00:00 AM,A,22350,False,1.0,SR-87 SOUTHBOUND FROM I-280,,,3/28/2019 2:53:11 PM,A,N,1000.0,Willow St,F,,D,3/28/2019 2:53:54 PM,3/28/2019 2:53:54 PM,,True,2,,,,,,,
955905,9340-2019-01453,1,False,9340,3/26/2019 8:55:00 AM,855,087,1368,4313,San Jose,43,True,True,C,REAR END,,Tuesday,NotApplicable,False,,,False,True,True,Santa Clara Superior,C,OTHER MOTOR VEHICLE,,0,0,CLEAR,, NO UNUSUAL CONDITIONS,, ,A,DAYLIGHT,37.3014,-121.8762,,,,,A,NO PEDESTRIANS INVOLVED,3/26/2019 12:00:00 AM,A,22350,False,1.0,SR-87,,,3/28/2019 2:43:54 PM,A,S,300.0,Almaden Expy,F,,D,3/28/2019 2:44:58 PM,3/28/2019 2:44:58 PM,,True,2,,,,,,,
955892,9340-2019-01397,1,False,9340,3/23/2019 8:15:00 AM,815,087,1368,4313,San Jose,43,True,True,E,HIT OBJECT,,Saturday,Yes,False,,,False,True,True,Santa Clara Superior,I,FIXED OBJECT,CONCRETE CENTER BARRIER,1,0,CLOUDY,, NO UNUSUAL CONDITIONS,, ,A,DAYLIGHT,37.370583,-121.926735,,,,,A,NO PEDESTRIANS INVOLVED,3/23/2019 12:00:00 AM,A,22350 VC,True,1.0,STATE ROUTE 87 NORTHBOUND,,,3/28/2019 2:33:39 PM,B,S,750.0,US-101,F,,D,3/28/2019 2:34:23 PM,3/28/2019 2:34:23 PM,,True,2,,,,,,,
955879,9340-2019-01444,1,False,9340,3/25/2019 2:10:00 PM,1410,120,1368,4313,San Jose,43,True,True,E,HIT OBJECT,,Monday,NotApplicable,False,M,,False,True,True,Santa Clara Superior,J,OTHER OBJECT,WOOD DEBRIS,0,0,CLEAR,, NO UNUSUAL CONDITIONS,, ,A,DAYLIGHT,37.36842,-121.90861,,,,,A,NO PEDESTRIANS INVOLVED,3/25/2019 12:00:00 AM,A,23114(a),False,1.0,US-101 S/B,,,3/28/2019 2:24:55 PM,A,S,3000.0,Brokaw Rd,F,,D,3/28/2019 2:25:38 PM,3/28/2019 2:25:38 PM,,True,2,,,,,,,
955873,9340-2019-01445,1,False,9340,3/25/2019 7:40:00 PM,1940,120,1368,4313,San Jose,43,True,True,B,SIDE SWIPE,,Monday,NotApplicable,False,M,,False,True,False,Santa Clara Superior,C,OTHER MOTOR VEHICLE,,0,0,RAINING,, NO UNUSUAL CONDITIONS,, ,D,DARK-NO STREET LIGHTS,37.37784,-121.94692,,,,,A,NO PEDESTRIANS INVOLVED,3/25/2019 12:00:00 AM,A,21658(a),False,1.0,US-101 N/B,,,3/28/2019 2:23:14 PM,B,N,1600.0,Trimble Rd,F,,D,3/28/2019 2:23:52 PM,3/28/2019 2:23:52 PM,,True,2,,,,,,,
955769,9340-2019-01431,1,False,9340,3/25/2019 9:00:00 AM,900,110,1368,4313,San Jose,43,True,True,C,REAR END,,Monday,NotApplicable,False,,,False,True,False,Santa Clara Superior,C,OTHER MOTOR VEHICLE,,0,0,CLEAR,, NO UNUSUAL CONDITIONS,, ,A,DAYLIGHT,37.3021,-121.8154,,,,,A,NO PEDESTRIANS INVOLVED,3/25/2019 12:00:00 AM,A,22350,False,1.0,US-101 N/B,,,3/28/2019 1:24:05 PM,A,S,500.0,Capitol Expy,F,,D,3/28/2019 1:24:34 PM,3/28/2019 1:24:34 PM,,True,2,,,,,,,
955745,9340-2019-01447,1,False,9340,3/25/2019 4:10:00 PM,1610,120,1368,4313,San Jose,43,True,True,C,REAR END,,Monday,Yes,False,,,False,True,True,Santa Clara Superior,C,OTHER MOTOR VEHICLE,,1,0,RAINING,, NO UNUSUAL CONDITIONS,, ,A,DAYLIGHT,37.40306,-122.04621,,,,,A,NO PEDESTRIANS INVOLVED,3/25/2019 12:00:00 AM,A,22350,False,1.0,US-101 N/B,,,3/28/2019 1:14:29 PM,B,S,3500.0,Ellis St,F,,D,3/28/2019 1:15:11 PM,3/28/2019 1:15:11 PM,,True,2,,,,,,,
955723,9340-2019-01446,1,False,9340,3/25/2019 8:45:00 PM,2045,120,1368,4313,San Jose,43,True,True,C,REAR END,,Monday,NotApplicable,False,,,False,True,True,Santa Clara Superior,C,OTHER MOTOR VEHICLE,,0,0,CLOUDY,RAINING, NO UNUSUAL CONDITIONS,, ,C,DARK-STREET LIGHTS,37.37624,-121.93991,,,,,A,NO PEDESTRIANS INVOLVED,3/25/2019 12:00:00 AM,A,22107,False,1.0,US101 S/B,,,3/28/2019 1:03:08 PM,B,S,1000.0,De la Cruz Blvd,F,,D,3/28/2019 1:04:08 PM,3/28/2019 1:04:08 PM,,True,2,,,,,,,
955669,9340-2019-01432,1,False,9340,3/25/2019 10:15:00 AM,1015,281,1368,4313,San Jose,43,True,True,E,HIT OBJECT,,Monday,NotApplicable,False,,,False,True,True,Santa Clara Superior,I,FIXED OBJECT,CHAIN LINK FENCE,0,0,CLEAR,, NO UNUSUAL CONDITIONS,, ,A,DAYLIGHT,37.3317,-121.8643,,,,,A,NO PEDESTRIANS INVOLVED,3/25/2019 12:00:00 AM,A,22107,False,1.0,I-280 S/B,,,3/28/2019 12:19:56 PM,A,N,700.0,McLaughlin Ave,F,,D,3/28/2019 12:20:30 PM,3/28/2019 12:20:30 PM,,True,2,,,,,,,
955620,9340-2019-01462,1,False,9340,3/26/2019 6:20:00 PM,1820,282,1368,4313,San Jose,43,True,True,C,REAR END,,Tuesday,NotApplicable,False,,,False,True,True,Santa Clara Superior,C,OTHER MOTOR VEHICLE,,1,0,CLOUDY,, NO UNUSUAL CONDITIONS,, ,A,DAYLIGHT,37.31655,-121.96626,,,,,A,NO PEDESTRIANS INVOLVED,3/26/2019 12:00:00 AM,A,22350,False,1.0,I-280 N/B,,,3/28/2019 11:46:01 AM,A,S,2492.0,Saratoga Ave,F,,D,3/28/2019 11:47:02 AM,3/28/2019 11:47:02 AM,,True,2,,,,,,,
955422,9340-2019-01422,1,False,9340,3/24/2019 11:20:00 AM,1120,110,1368,4313,San Jose,43,True,True,C,REAR END,,Sunday,NotApplicable,False,,,False,True,False,Santa Clara Superior,C,OTHER MOTOR VEHICLE,,0,0,CLEAR,, NO UNUSUAL CONDITIONS,, ,A,DAYLIGHT,37.191812,-121.50407,,,,,A,NO PEDESTRIANS INVOLVED,3/24/2019 12:00:00 AM,A,22350,False,1.0,US101 N/B,,,3/28/2019 9:50:25 AM,A,N,1400.0,Tully Rd,F,,D,3/28/2019 9:50:59 AM,3/28/2019 9:50:59 AM,,True,2,,,,,,,
955221,9340-2019-01382,1,False,9340,3/21/2019 6:00:00 PM,1800,240,1368,4313,San Jose,43,True,True,B,SIDE SWIPE,,Thursday,NotApplicable,False,,,False,True,False,Santa Clara Superior,C,OTHER MOTOR VEHICLE,,1,0,CLEAR,, NO UNUSUAL CONDITIONS,, ,A,DAYLIGHT,37.41922,-121.94902,,,,,A,NO PEDESTRIANS INVOLVED,3/21/2019 12:00:00 AM,A,21658(a),False,1.0,SR-237 E/B,,,3/28/2019 7:23:18 AM,A,W,2000.0,Zanker Rd,F,,D,3/28/2019 7:24:00 AM,3/28/2019 7:24:00 AM,,True,2,,,,,,,
955218,9340-2019-01345,1,False,9340,3/19/2019 4:00:00 PM,1600,230,1368,4313,San Jose,43,True,True,C,REAR END,,Tuesday,NotApplicable,False,,,False,True,False,Santa Clara Superior,C,OTHER MOTOR VEHICLE,,0,0,CLEAR,, NO UNUSUAL CONDITIONS,, ,A,DAYLIGHT,37.416,-121.9762,,,,,A,NO PEDESTRIANS INVOLVED,3/19/2019 12:00:00 AM,A,22350,False,1.0,SR-237 E/B,,,3/28/2019 7:16:53 AM,A,E,300.0,Great America Pky,F,,D,3/28/2019 7:18:13 AM,3/28/2019 7:18:13 AM,,True,2,,,,,,,
954801,9340-2019-01393,1,False,9340,3/22/2019 1:45:00 PM,1345,681,1368,4313,San Jose,43,True,True,B,SIDE SWIPE,,Friday,NotApplicable,False,,,False,False,False,Santa Clara Superior,E,PARKED MOTOR VEHICLE,,0,0,CLOUDY,, NO UNUSUAL CONDITIONS,, ,A,DAYLIGHT,37.380787,-121.834042,,,,,A,NO PEDESTRIANS INVOLVED,3/22/2019 12:00:00 AM,A,22107,False,1.0,Gridley St,,,3/27/2019 1:54:42 PM,B,N,200.0,Lucian Ave,F,,D,3/27/2019 1:55:12 PM,3/27/2019 1:55:12 PM,True,,2,,,,,,,
954683,9340-2019-01407,1,False,9340,3/23/2019 5:35:00 PM,1735,087,1368,4313,San Jose,43,True,True,B,SIDE SWIPE,,Saturday,NotApplicable,False,,,False,True,False,Santa Clara Superior,C,OTHER MOTOR VEHICLE,,0,0,CLEAR,, NO UNUSUAL CONDITIONS,, ,A,DAYLIGHT,37.2711,-121.8619,,,,,A,NO PEDESTRIANS INVOLVED,3/23/2019 12:00:00 AM,A,21658(a),False,1.0,SR-87 SB,,,3/27/2019 12:36:07 PM,A,S,1205.0,Capitol Expy,F,,D,3/27/2019 12:36:43 PM,3/27/2019 12:36:43 PM,,True,2,,,,,,,
954661,9340-2019-01400,1,False,9340,3/23/2019 8:55:00 AM,855,281,1368,4313,San Jose,43,True,True,C,REAR END,,Saturday,NotApplicable,False,,,False,True,False,Santa Clara Superior,C,OTHER MOTOR VEHICLE,,0,0,CLEAR,, NO UNUSUAL CONDITIONS,, ,A,DAYLIGHT,37.193341,-121.53307,,,,,A,NO PEDESTRIANS INVOLVED,3/23/2019 12:00:00 AM,A,22350,False,1.0,I-280 N/B,,,3/27/2019 12:13:54 PM,A,S,2350.0,SR-87,F,,D,3/27/2019 12:14:26 PM,3/27/2019 12:14:26 PM,,True,2,,,,,,,
954654,9340-2019-01315,1,False,9340,3/17/2019 5:50:00 PM,1750,088,1368,4313,San Jose,43,True,True,B,SIDE SWIPE,,Sunday,NotApplicable,False,,,False,True,True,Santa Clara Superior,C,OTHER MOTOR VEHICLE,,0,0,CLEAR,, NO UNUSUAL CONDITIONS,, ,A,DAYLIGHT,37.3408,-121.928,,,,,A,NO PEDESTRIANS INVOLVED,3/17/2019 12:00:00 AM,A,21658(a),False,1.0,I-880 N/B,,,3/27/2019 12:08:46 PM,A,S,1060.0,The Alameda,F,,D,3/27/2019 12:09:23 PM,3/27/2019 12:09:23 PM,,True,2,,,,,,,
954645,9340-2019-01401,1,False,9340,3/23/2019 11:25:00 AM,1125,120,1368,4313,San Jose,43,True,True,C,REAR END,,Saturday,NotApplicable,False,,,False,True,False,Santa Clara Superior,C,OTHER MOTOR VEHICLE,,0,0,CLEAR,, NO UNUSUAL CONDITIONS,, ,A,DAYLIGHT,37.214942,-121.535102,,,,,A,NO PEDESTRIANS INVOLVED,3/23/2019 12:00:00 AM,A,22350,False,1.0,US101 N/B,,,3/27/2019 12:01:50 PM,A,S,1180.0,I-880,F,,D,3/27/2019 12:02:24 PM,3/27/2019 12:02:24 PM,,True,2,,,,,,,
954600,9340-2019-01391,1,False,9340,3/22/2019 3:00:00 PM,1500,087,1368,4313,San Jose,43,True,True,C,REAR END,,Friday,NotApplicable,False,,,False,True,False,Santa Clara Superior,C,OTHER MOTOR VEHICLE,,1,0,RAINING,, NO UNUSUAL CONDITIONS,, ,A,DAYLIGHT,37.295176,-121.873036,,,,,A,NO PEDESTRIANS INVOLVED,3/22/2019 12:00:00 AM,A,22350,False,1.0,SR-87 N/B,,,3/27/2019 11:28:02 AM,B,N,100.0,Curtner Ave,F,,D,3/27/2019 11:28:45 AM,3/27/2019 11:28:45 AM,,True,2,,,,,,,
954590,9340-2019-01389,1,False,9340,3/22/2019 1:50:00 PM,1350,087,1368,4313,San Jose,43,True,True,B,SIDE SWIPE,,Friday,NotApplicable,False,M,,False,True,False,Santa Clara Superior,C,OTHER MOTOR VEHICLE,,0,0,CLOUDY,, NO UNUSUAL CONDITIONS,, ,A,DAYLIGHT,37.361834,-121.917369,,,,,A,NO PEDESTRIANS INVOLVED,3/22/2019 12:00:00 AM,A,22107,False,1.0,Sr 87 s/b from skyport dr.,,,3/27/2019 11:19:22 AM,B,S,1000.0,Skyport Dr,F,,D,3/27/2019 11:19:53 AM,3/27/2019 11:19:53 AM,,True,2,,,,,,,
954577,9340-2019-01373,1,False,9340,3/21/2019 9:45:00 AM,945,088,1368,4313,San Jose,43,True,True,B,SIDE SWIPE,,Thursday,No,False,,,False,True,True,Santa Clara Superior,C,OTHER MOTOR VEHICLE,,1,0,CLEAR,, NO UNUSUAL CONDITIONS,, ,A,DAYLIGHT,37.3301,-121.9404,,,,,A,NO PEDESTRIANS INVOLVED,3/21/2019 12:00:00 AM,A,21658(a),False,1.0,I-880 N/B,,,3/27/2019 11:12:42 AM,A,S,1800.0,Bascom Ave,F,,D,3/27/2019 11:13:19 AM,3/27/2019 11:13:19 AM,,True,2,,,,,,,
954563,9340-2019-01390,1,False,9340,3/22/2019 2:05:00 PM,1405,088,1368,4313,San Jose,43,True,True,C,REAR END,,Friday,NotApplicable,False,,,False,True,True,Santa Clara Superior,C,OTHER MOTOR VEHICLE,,1,0,CLOUDY,RAINING, NO UNUSUAL CONDITIONS,, ,A,DAYLIGHT,37.3564,-121.909,,,,,A,NO PEDESTRIANS INVOLVED,3/22/2019 12:00:00 AM,A,22350,False,1.0,I-880 N/B,,,3/27/2019 11:04:13 AM,B,S,810.0,NORTH 1ST STREET.,F,,D,3/27/2019 11:04:48 AM,3/27/2019 11:04:48 AM,,True,2,,,,,,,
954445,9340-2019-01189,1,False,9340,3/11/2019 12:25:00 AM,25,110,1368,4313,San Jose,43,True,True,B,SIDE SWIPE,,Monday,NotApplicable,False,M,,False,True,False,Santa Clara Superior,C,OTHER MOTOR VEHICLE,,0,0,CLEAR,, NO UNUSUAL CONDITIONS,, ,C,DARK-STREET LIGHTS,37.27511,-121.80489,,,,,A,NO PEDESTRIANS INVOLVED,3/11/2019 12:00:00 AM,A,22107,False,1.0,US101 S/B,,,3/27/2019 9:44:07 AM,A,S,2700.0,Hellyer Ave,F,,D,3/27/2019 9:44:52 AM,3/27/2019 9:44:52 AM,,True,2,,,,,,,
954438,9340-2019-01376,1,False,9340,3/21/2019 10:45:00 AM,1045,120,1368,4313,San Jose,43,True,True,B,SIDE SWIPE,,Thursday,NotApplicable,False,,,False,True,False,Santa Clara Superior,C,OTHER MOTOR VEHICLE,,0,0,CLEAR,, NO UNUSUAL CONDITIONS,, ,A,DAYLIGHT,37.363,-121.891,,,,,A,NO PEDESTRIANS INVOLVED,3/21/2019 12:00:00 AM,A,21658(a),False,1.0,US-101 N/B,,,3/27/2019 9:41:12 AM,A,S,85.0,Oakland Rd,F,,D,3/27/2019 9:41:46 AM,3/27/2019 9:41:46 AM,,True,2,,,,,,,
954352,9340-2019-01375,1,False,9340,3/21/2019 7:58:00 AM,758,083,1368,4313,San Jose,43,True,True,C,REAR END,,Thursday,NotApplicable,False,,,False,True,True,Santa Clara Superior,C,OTHER MOTOR VEHICLE,,0,0,CLEAR,, NO UNUSUAL CONDITIONS,, ,A,DAYLIGHT,37.250793,-121.898476,,,,,A,NO PEDESTRIANS INVOLVED,3/21/2019 12:00:00 AM,A,22350 VC,False,1.0,STATE ROUTE 85 NORTHBOUND,,,3/27/2019 8:47:02 AM,A,S,100.0,DENT AVENUE PED O/C,F,,D,3/27/2019 8:47:39 AM,3/27/2019 8:47:39 AM,,True,2,,,,,,,
954275,9340-2019-01368,1,False,9340,3/20/2019 4:45:00 PM,1645,088,1368,4313,San Jose,43,True,True,C,REAR END,,Wednesday,NotApplicable,False,,,False,True,False,Santa Clara Superior,C,OTHER MOTOR VEHICLE,,0,0,CLEAR,, NO UNUSUAL CONDITIONS,, ,A,DAYLIGHT,37.35784,-121.919433,,,,,A,NO PEDESTRIANS INVOLVED,3/20/2019 12:00:00 AM,A,22350,False,1.0,I-880 N/B,,,3/27/2019 7:56:31 AM,A,S,500.0,Coleman Ave,F,,D,3/27/2019 7:57:14 AM,3/27/2019 7:57:14 AM,,True,2,,,,,,,
954207,9340-2019-01372,1,False,9340,3/19/2019 5:00:00 PM,1700,281,1368,4313,San Jose,43,True,True,C,REAR END,,Tuesday,Yes,False,,,False,True,True,Santa Clara Superior,C,OTHER MOTOR VEHICLE,,1,0,CLEAR,, NO UNUSUAL CONDITIONS,, ,A,DAYLIGHT,37.322622,-121.894216,,,,,A,NO PEDESTRIANS INVOLVED,3/19/2019 12:00:00 AM,A,22350,False,1.0,I-280 S/B TO SR-87 S/B,,,3/27/2019 7:08:27 AM,A,S,1000.0,Bird Ave,F,,D,3/27/2019 7:09:10 AM,3/27/2019 7:09:10 AM,,True,2,,,,,,,
953988,9340-2019-01369,1,False,9340,3/20/2019 11:20:00 PM,2320,110,1368,4313,San Jose,43,True,True,B,SIDE SWIPE,,Wednesday,NotApplicable,False,M,,False,True,True,Santa Clara Superior,C,OTHER MOTOR VEHICLE,,0,0,CLOUDY,, NO UNUSUAL CONDITIONS,, ,D,DARK-NO STREET LIGHTS,37.32411,-121.83728,,,,,A,NO PEDESTRIANS INVOLVED,3/20/2019 12:00:00 AM,A,22107,False,1.0,US101 S/B,,,3/26/2019 3:09:15 PM,A,N,0.5,Tully Rd,M,,D,3/26/2019 3:09:45 PM,3/26/2019 3:09:45 PM,,True,2,,,,,,,
953986,9340-2019-01290,1,False,9340,3/15/2019 8:05:00 PM,2005,172,1368,4313,San Jose,43,True,True,B,SIDE SWIPE,,Friday,Yes,False,F,,False,True,True,Santa Clara Superior,C,OTHER MOTOR VEHICLE,,1,0,CLEAR,, NO UNUSUAL CONDITIONS,, ,D,DARK-NO STREET LIGHTS,37.313,-121.9404,,,,,A,NO PEDESTRIANS INVOLVED,3/15/2019 12:00:00 AM,A,22350,True,1.0,SR-17 NORTHBOUND,,,3/26/2019 2:58:17 PM,A,S,1425.0,I-280,F,,D,3/26/2019 3:08:19 PM,3/26/2019 3:08:19 PM,,True,2,,,,,,,
953978,9340-2019-01341,1,False,9340,3/19/2019 7:10:00 PM,1910,681,1368,4313,San Jose,43,True,True,B,SIDE SWIPE,,Tuesday,NotApplicable,False,,,False,True,False,Santa Clara Superior,C,OTHER MOTOR VEHICLE,,0,0,CLOUDY,, NO UNUSUAL CONDITIONS,, ,B,DUSK-DAWN,37.37153,-121.84946,,,,,A,NO PEDESTRIANS INVOLVED,3/19/2019 12:00:00 AM,A,21658(a),False,,I-680 N/B,,,3/26/2019 3:02:47 PM,A,N,1500.0,McKee Rd,F,,D,3/26/2019 3:03:22 PM,3/26/2019 3:03:22 PM,,True,2,,,,,,,