Collision Id,	Report Number,	Report Version,	Is Preliminary,	NCIC Code,Crash Date Time,	Crash Time Description,	Beat,City Id,	City Code,	City Name,County Code,	City Is Active,	City Is Incorporated,	Collision Type Code,Collision Type Description,	Collision Type Other Desc,	Day Of Week,	DispatchNotified,	HasPhotographs,	HitRun,	IsAttachmentsMailed,	IsDeleted,	IsHighwayRelated,	IsTowAway,	JudicialDistrict,	MotorVehicleInvolvedWithCode,	MotorVehicleInvolvedWithDesc,MotorVehicleInvolvedWithOtherDesc,	NumberInjured,	NumberKilled,Weather 1, Weather 2, Road Condition 1, Road Condition 2, Special Condition,LightingCode, LightingDescription,Latitude,Longitude,MilepostDirection,MilepostDistance,MilepostMarker,MilepostUnitOfMeasure,	PedestrianActionCode,PedestrianActionDesc,PreparedDate,	Primary Collision Factor Code,Primary Collision Factor Violation,PrimaryCollisionFactorIsCited,	PrimaryCollisionPartyNumber,	PrimaryRoad,	ReportingDistrict,	ReportingDistrictCode,ReviewedDate,	RoadwaySurfaceCode,SecondaryDirection,	SecondaryDistance,	SecondaryRoad,	SecondaryUnitOfMeasure,	SketchDesc,	TrafficControlDeviceCode,CreatedDate,	ModifiedDate,IsCountyRoad,IsFreeway,CHP555Version,	IsAdditonalObjectStruck,NotificationDate,	NotificationTimeDescription,	HasDigitalMediaFiles,	EvidenceNumber,	IsLocationReferToNarrative,	IsAOIOneSameAsLocation
1035701,9725-2019-01112,1,False,9725,7/11/2019 3:25:00 PM,1525,015,1368,4313,San Jose,43,True,True,C,REAR END,,Thursday,Yes,False,,,False,True,True,Santa Clara Superior,C,OTHER MOTOR VEHICLE,,1,0,CLEAR,, NO UNUSUAL CONDITIONS,, ,A,DAYLIGHT,37.2372,-121.76092,,,,,A,NO PEDESTRIANS INVOLVED,7/11/2019 12:00:00 AM,A,22350,False,1.0,US-101 S/B,,,7/23/2019 8:44:27 AM,A,S,0.5,SR-85,M,,D,7/23/2019 8:49:59 AM,7/23/2019 8:49:59 AM,,True,2,,,,,,,
1035631,9340-2019-03202,1,False,9340,7/13/2019 9:50:00 AM,950,110,1368,4313,San Jose,43,True,True,C,REAR END,,Saturday,NotApplicable,False,,,False,True,True,Santa Clara Superior,C,OTHER MOTOR VEHICLE,,0,0,CLEAR,, NO UNUSUAL CONDITIONS,, ,A,DAYLIGHT,37.32196,-121.83291,,,,,A,NO PEDESTRIANS INVOLVED,7/13/2019 12:00:00 AM,A,22350,False,1.0,US101 N/B,,,7/23/2019 7:50:48 AM,A,N,750.0,Tully Rd,F,,D,7/23/2019 7:51:31 AM,7/23/2019 7:51:31 AM,,True,2,,,,,,,
1035627,9340-2019-03193,1,False,9340,7/12/2019 8:35:00 PM,2035,087,1368,4313,San Jose,43,True,True,C,REAR END,,Friday,Yes,False,,,False,True,False,Santa Clara Superior,C,OTHER MOTOR VEHICLE,,1,0,CLEAR,, NO UNUSUAL CONDITIONS,, ,D,DARK-NO STREET LIGHTS,37.346341,-121.903342,,,,,A,NO PEDESTRIANS INVOLVED,7/12/2019 12:00:00 AM,A,22350,False,1.0,SR-87 N/B,,,7/23/2019 7:47:31 AM,A,S,500.0,Taylor St,F,,D,7/23/2019 7:48:47 AM,7/23/2019 7:48:47 AM,,True,2,,,,,,,
1035562,9725-2019-01139,1,False,9725,7/13/2019 10:50:00 PM,2250,015,1368,4313,San Jose,43,True,True,F,OVERTURNED,,Saturday,Yes,False,,,False,True,True,San Jose Superior,A,NON-COLLISION,,1,0,CLEAR,, NO UNUSUAL CONDITIONS,, ,C,DARK-STREET LIGHTS,37.24124,-121.77218,,,,,A,NO PEDESTRIANS INVOLVED,7/13/2019 12:00:00 AM,A,23152(a),False,1.0,US-101 S/B from bernal road,,,7/23/2019 6:21:46 AM,A,S,60.0,Bernal Rd,F,,D,7/23/2019 6:22:52 AM,7/23/2019 6:22:52 AM,,True,2,,,,,,,
1035344,9340-2019-03239,1,False,9340,7/15/2019 3:40:00 PM,1540,087,1368,4313,San Jose,43,True,True,C,REAR END,,Monday,NotApplicable,False,,,False,True,True,Santa Clara Superior,C,OTHER MOTOR VEHICLE,,0,0,CLEAR,, NO UNUSUAL CONDITIONS,, ,A,DAYLIGHT,37.293326,-121.872658,,,,,A,NO PEDESTRIANS INVOLVED,7/15/2019 12:00:00 AM,A,22350,False,1.0,SR-87 S/B,,,7/22/2019 2:42:52 PM,A,S,310.0,Curtner Ave,F,,D,7/22/2019 2:43:30 PM,7/22/2019 2:43:30 PM,,True,2,,,,,,,
1035262,9340-2019-03220,1,False,9340,7/15/2019 8:20:00 AM,820,681,1368,4313,San Jose,43,True,True,C,REAR END,,Monday,Yes,False,,,False,True,True,Santa Clara Superior,C,OTHER MOTOR VEHICLE,,2,0,CLEAR,, NO UNUSUAL CONDITIONS,, ,A,DAYLIGHT,37.40217,-121.87641,,,,,A,NO PEDESTRIANS INVOLVED,7/15/2019 12:00:00 AM,A,22350,False,1.0,I-680 N/B,,,7/22/2019 1:29:19 PM,A,N,1000.0,Capitol Ave,F,,D,7/22/2019 1:31:33 PM,7/22/2019 1:31:33 PM,,True,2,,,,,,,
1035003,9340-2019-03221,1,False,9340,7/15/2019 9:45:00 AM,945,681,1368,4313,San Jose,43,True,True,C,REAR END,,Monday,NotApplicable,False,,,False,True,False,Santa Clara Superior,C,OTHER MOTOR VEHICLE,,0,0,CLEAR,, NO UNUSUAL CONDITIONS,, ,A,DAYLIGHT,37.4007,-121.87602,,,,,A,NO PEDESTRIANS INVOLVED,7/15/2019 12:00:00 AM,A,22350,False,1.0,I-680 N/B,,,7/22/2019 10:19:16 AM,A,N,800.0,Capitol Ave,F,,D,7/22/2019 10:20:13 AM,7/22/2019 10:20:13 AM,,True,2,,,,,,,
1034895,9340-2019-03216,1,False,9340,7/14/2019 1:45:00 PM,1345,110,1368,4313,San Jose,43,True,True,B,SIDE SWIPE,,Sunday,NotApplicable,False,M,,False,True,True,Santa Clara Superior,C,OTHER MOTOR VEHICLE,,0,0,CLEAR,, NO UNUSUAL CONDITIONS,, ,A,DAYLIGHT,37.33057,-121.84266,,,,,A,NO PEDESTRIANS INVOLVED,7/14/2019 12:00:00 AM,A,21658(a),False,1.0,US-101 NB TO I-680 NB,,,7/22/2019 9:02:19 AM,A,S,348.0,Story Rd,F,,D,7/22/2019 9:02:59 AM,7/22/2019 9:02:59 AM,,True,2,,,,,,,
1034851,9340-2019-03217,1,False,9340,7/14/2019 7:10:00 PM,1910,120,1368,4313,San Jose,43,True,True,E,HIT OBJECT,,Sunday,NotApplicable,False,,,False,True,False,Santa Clara Superior,J,OTHER OBJECT,MATTRESS,0,0,CLEAR,, NO UNUSUAL CONDITIONS,, ,A,DAYLIGHT,37.37232,-121.9197,,,,,A,NO PEDESTRIANS INVOLVED,7/14/2019 12:00:00 AM,A,22350,False,1.0,US101 N/B,,,7/22/2019 8:31:14 AM,A,N,52.0,Brokaw Rd,F,,D,7/22/2019 8:31:51 AM,7/22/2019 8:31:51 AM,,True,2,,,,,,,
1034716,9340-2019-03194,1,False,9340,7/12/2019 4:25:00 PM,1625,087,1368,4313,San Jose,43,True,True,C,REAR END,,Friday,No,False,,,False,True,False,Santa Clara Superior,C,OTHER MOTOR VEHICLE,,0,0,CLEAR,, NO UNUSUAL CONDITIONS,, ,A,DAYLIGHT,37.309566,-121.882761,,,,,A,NO PEDESTRIANS INVOLVED,7/12/2019 12:00:00 AM,A,22350,False,1.0,SR-87 N/B,,,7/22/2019 5:40:23 AM,A,S,400.0,Alma Ave,F,,D,7/22/2019 5:41:50 AM,7/22/2019 5:41:50 AM,,True,2,,,,,,,
1034711,9340-2019-03192,1,False,9340,7/12/2019 6:55:00 PM,1855,681,1368,4313,San Jose,43,True,True,C,REAR END,,Friday,NotApplicable,False,,,False,True,False,Santa Clara Superior,C,OTHER MOTOR VEHICLE,,0,0,CLEAR,, NO UNUSUAL CONDITIONS,, ,A,DAYLIGHT,37.360743,-121.841891,,,,,A,NO PEDESTRIANS INVOLVED,7/12/2019 12:00:00 AM,A,22350,False,1.0,I-680 S/B,,,7/22/2019 5:10:10 AM,A,N,300.0,Alum Rock Ave,F,,D,7/22/2019 5:11:10 AM,7/22/2019 5:11:10 AM,,True,2,,,,,,,
1034709,9340-2019-03186,1,False,9340,7/12/2019 3:35:00 PM,1535,172,1368,4313,San Jose,43,True,True,C,REAR END,,Friday,NotApplicable,False,M,,False,True,True,Santa Clara Superior,E,PARKED MOTOR VEHICLE,,0,0,CLEAR,, NO UNUSUAL CONDITIONS,, ,A,DAYLIGHT,37.299666,-121.940369,,,,,A,NO PEDESTRIANS INVOLVED,7/12/2019 12:00:00 AM,A,22107,False,1.0,SR-17 N/B,,,7/22/2019 5:01:29 AM,A,N,0.4,Hamilton Ave,M,,D,7/22/2019 5:04:31 AM,7/22/2019 5:04:31 AM,,True,2,,,,,,,
1034704,9340-2019-03170,1,False,9340,7/11/2019 10:10:00 AM,1010,903,1368,4313,San Jose,43,True,True,E,HIT OBJECT,,Thursday,NotApplicable,False,,,False,False,False,Santa Clara Superior,I,FIXED OBJECT,Fence,0,0,CLEAR,, NO UNUSUAL CONDITIONS,, ,A,DAYLIGHT,37.313703,-121.936538,,,,,A,NO PEDESTRIANS INVOLVED,7/11/2019 12:00:00 AM,A,22350,False,1.0,751 S. Bascom Ave.,,,7/22/2019 4:51:53 AM,A,W,1500.0,Bascom Ave,F,,D,7/22/2019 4:52:36 AM,7/22/2019 4:52:36 AM,,,2,,,,,,,
1034685,9340-2019-03195,1,False,9340,7/12/2019 9:55:00 AM,955,110,1368,4313,San Jose,43,True,True,C,REAR END,,Friday,NotApplicable,False,,,False,True,True,Santa Clara Superior,C,OTHER MOTOR VEHICLE,,0,0,CLEAR,, NO UNUSUAL CONDITIONS,, ,A,DAYLIGHT,37.1845,-121.4932,,,,,A,NO PEDESTRIANS INVOLVED,7/12/2019 12:00:00 AM,A,22350,False,1.0,US101 N/B,,,7/21/2019 9:15:10 PM,A,S,2500.0,Tully Rd,F,,D,7/21/2019 9:16:11 PM,7/21/2019 9:16:11 PM,,True,2,,,,,,,
1034683,9340-2019-03205,1,False,9340,7/13/2019 4:15:00 PM,1615,281,1368,4313,San Jose,43,True,True,B,SIDE SWIPE,,Saturday,NotApplicable,False,,,False,True,True,Santa Clara Superior,C,OTHER MOTOR VEHICLE,,1,0,CLEAR,, NO UNUSUAL CONDITIONS,, ,A,DAYLIGHT,37.337892,-121.853835,,,,,A,NO PEDESTRIANS INVOLVED,7/13/2019 12:00:00 AM,A,22107,False,1.0,I-280 S/B to US-101 S/B,,,7/21/2019 8:48:30 PM,A,S,1000.0,McLaughlin Ave,F,,D,7/21/2019 8:49:16 PM,7/21/2019 8:49:16 PM,,True,2,,,,,,,
1034681,9340-2019-03203,1,False,9340,7/13/2019 2:01:00 PM,1401,087,1368,4313,San Jose,43,True,True,C,REAR END,,Saturday,NotApplicable,False,,,False,True,False,Santa Clara Superior,C,OTHER MOTOR VEHICLE,,0,0,CLEAR,, NO UNUSUAL CONDITIONS,, ,A,DAYLIGHT,37.313185,-121.885679,,,,,A,NO PEDESTRIANS INVOLVED,7/13/2019 12:00:00 AM,A,22350,False,1.0,SR-87 N/B,,,7/21/2019 8:40:59 PM,A,N,1373.0,Alma Ave,F,,D,7/21/2019 8:41:38 PM,7/21/2019 8:41:38 PM,,True,2,,,,,,,
1034680,9340-2019-03213,1,False,9340,7/14/2019 2:40:00 AM,240,110,1368,4313,San Jose,43,True,True,C,REAR END,,Sunday,NotApplicable,False,M,,False,True,True,Santa Clara Superior,C,OTHER MOTOR VEHICLE,,1,0,CLEAR,, NO UNUSUAL CONDITIONS,, ,D,DARK-NO STREET LIGHTS,37.31096,-121.824067,,,,,A,NO PEDESTRIANS INVOLVED,7/14/2019 12:00:00 AM,A,22350,False,1.0,US101 N/B,,,7/21/2019 8:32:23 PM,A,S,3000.0,Tully Rd,F,,D,7/21/2019 8:34:05 PM,7/21/2019 8:34:05 PM,,True,2,,,,,,,
1034678,9340-2019-03234,1,False,9340,7/15/2019 6:00:00 PM,1800,681,1368,4313,San Jose,43,True,True,B,SIDE SWIPE,,Monday,Yes,False,F,,False,True,False,Santa Clara Superior,C,OTHER MOTOR VEHICLE,,1,0,CLEAR,, NO UNUSUAL CONDITIONS,, ,A,DAYLIGHT,37.3444,-121.8445,,,,,A,NO PEDESTRIANS INVOLVED,7/15/2019 12:00:00 AM,A,21658(a),False,1.0,I-680 N/B,,,7/21/2019 8:15:52 PM,A,N,500.0,King Rd.,F,,D,7/21/2019 8:17:15 PM,7/21/2019 8:17:15 PM,,True,2,,,,,,,
1034671,9340-2019-03236,1,False,9340,7/15/2019 5:00:00 PM,1700,281,1368,4313,San Jose,43,True,True,C,REAR END,,Monday,NotApplicable,False,M,,False,True,False,Santa Clara Superior,C,OTHER MOTOR VEHICLE,,0,0,CLEAR,, NO UNUSUAL CONDITIONS,, ,A,DAYLIGHT,37.3258,-121.8832,,,,,A,NO PEDESTRIANS INVOLVED,7/15/2019 12:00:00 AM,A,22350,False,1.0,I-280 S/B,,,7/21/2019 7:10:05 PM,A,N,2280.0,7th St,F,,D,7/21/2019 7:10:55 PM,7/21/2019 7:10:55 PM,,True,2,,,,,,,
1034665,9340-2019-03197,1,False,9340,7/13/2019 2:45:00 AM,245,120,1368,4313,San Jose,43,True,True,F,OVERTURNED,,Saturday,Yes,False,,,False,True,True,Santa Clara Superior,A,NON-COLLISION,,2,0,CLEAR,, NO UNUSUAL CONDITIONS,, ,C,DARK-STREET LIGHTS,37.36433,-121.90069,,,,,A,NO PEDESTRIANS INVOLVED,7/13/2019 12:00:00 AM,A,22107,False,1.0,US-101 N/B TO I-880 N/B,,,7/21/2019 6:34:00 PM,A,N,2640.0,Oakland Rd,F,,D,7/21/2019 6:35:33 PM,7/21/2019 6:35:33 PM,,True,2,,,,,,,
1034663,9340-2019-03215,1,False,9340,7/13/2019 3:34:00 PM,1534,220,1368,4313,San Jose,43,True,True,C,REAR END,,Saturday,NotApplicable,False,,,False,True,False,Santa Clara Superior,C,OTHER MOTOR VEHICLE,,0,0,CLEAR,, NO UNUSUAL CONDITIONS,, ,A,DAYLIGHT,37.4117,-121.9883,,,,,A,NO PEDESTRIANS INVOLVED,7/13/2019 12:00:00 AM,A,22350,False,1.0,SR-237 W/B,,,7/21/2019 6:24:13 PM,A,E,500.0,US101,F,,D,7/21/2019 6:25:03 PM,7/21/2019 6:25:03 PM,,True,2,,,,,,,
1034654,9340-2019-03251,1,False,9340,7/16/2019 1:40:00 PM,1340,087,1368,4313,San Jose,43,True,True,B,SIDE SWIPE,,Tuesday,NotApplicable,False,,,False,True,False,Santa Clara Superior,C,OTHER MOTOR VEHICLE,,0,0,CLEAR,, NO UNUSUAL CONDITIONS,, ,A,DAYLIGHT,37.2994,-121.8749,,,,,A,NO PEDESTRIANS INVOLVED,7/16/2019 12:00:00 AM,A,21658(a),False,1.0,SR-87 N/B,,,7/21/2019 5:43:48 PM,A,N,1500.0,Curtner Ave,F,,D,7/21/2019 5:44:25 PM,7/21/2019 5:44:25 PM,,True,2,,,,,,,
1034653,9340-2019-03231,1,False,9340,7/15/2019 4:40:00 PM,1640,089,1368,4313,San Jose,43,True,True,B,SIDE SWIPE,,Monday,NotApplicable,False,,,False,True,False,Santa Clara Superior,C,OTHER MOTOR VEHICLE,,0,0,CLEAR,, NO UNUSUAL CONDITIONS,, ,A,DAYLIGHT,37.226,-121.545,,,,,A,NO PEDESTRIANS INVOLVED,7/15/2019 12:00:00 AM,A,21658(a),False,1.0,I-880 S/B,,,7/21/2019 5:35:01 PM,A,N,300.0,Old Bayshore Hwy,F,,D,7/21/2019 5:36:00 PM,7/21/2019 5:36:00 PM,,True,2,,,,,,,
1034651,9340-2019-03229,1,False,9340,7/15/2019 4:00:00 PM,1600,089,1368,4313,San Jose,43,True,True,C,REAR END,,Monday,NotApplicable,False,M,,False,True,False,Santa Clara Superior,C,OTHER MOTOR VEHICLE,,0,0,CLEAR,, NO UNUSUAL CONDITIONS,, ,A,DAYLIGHT,37.214,-121.5415,,,,,A,NO PEDESTRIANS INVOLVED,7/15/2019 12:00:00 AM,A,22350,False,1.0,I-880 N/B,,,7/21/2019 5:22:01 PM,A,N,340.0,4th St,F,,D,7/21/2019 5:22:51 PM,7/21/2019 5:22:51 PM,,True,2,,,,,,,
1034648,9340-2019-03232,1,False,9340,7/15/2019 4:35:00 PM,1635,681,1368,4313,San Jose,43,True,True,G,VEHICLE/PEDESTRAIN,,Monday,Yes,False,,,False,True,False,Santa Clara Superior,C,OTHER MOTOR VEHICLE,,1,0,CLEAR,, NO UNUSUAL CONDITIONS,, ,A,DAYLIGHT,37.3836,-121.8634,,,,,A,NO PEDESTRIANS INVOLVED,7/15/2019 12:00:00 AM,A,22517,False,1.0,I-680S/B to Berryessa Rd. E/B,,,7/21/2019 4:28:40 PM,A,S,20.0,Berryessa Rd.,F,,D,7/21/2019 4:30:02 PM,7/21/2019 4:30:02 PM,,True,2,,,,,,,
1034646,9340-2019-03230,1,False,9340,7/15/2019 4:30:00 PM,1630,681,1368,4313,San Jose,43,True,True,C,REAR END,,Monday,NotApplicable,False,,,False,True,False,Santa Clara Superior,C,OTHER MOTOR VEHICLE,,0,0,CLEAR,, NO UNUSUAL CONDITIONS,, ,A,DAYLIGHT,37.3836,-121.8634,,,,,A,NO PEDESTRIANS INVOLVED,7/15/2019 12:00:00 AM,A,22350,False,1.0,I-680 S/B to Berryessa Rd E/B,,,7/21/2019 4:19:37 PM,A,S,10.0,Berryessa Rd.,F,,D,7/21/2019 4:20:11 PM,7/21/2019 4:20:11 PM,,True,2,,,,,,,
1034645,9340-2019-03181,1,False,9340,7/12/2019 12:30:00 PM,1230,281,1368,4313,San Jose,43,True,True,B,SIDE SWIPE,,Friday,NotApplicable,False,,,False,True,False,Santa Clara Superior,C,OTHER MOTOR VEHICLE,,0,0,CLEAR,, NO UNUSUAL CONDITIONS,, ,A,DAYLIGHT,37.192,-121.5619,,,,,A,NO PEDESTRIANS INVOLVED,7/12/2019 12:00:00 AM,A,21658(a),False,1.0,I-280 S/B,,,7/21/2019 4:05:16 PM,A,S,345.0,I-880,F,,D,7/21/2019 4:05:53 PM,7/21/2019 4:05:53 PM,,True,2,,,,,,,
1034644,9340-2019-03176,1,False,9340,7/11/2019 7:53:00 PM,1953,281,1368,4313,San Jose,43,True,True,C,REAR END,,Thursday,NotApplicable,False,M,,False,True,False,Santa Clara Superior,C,OTHER MOTOR VEHICLE,,0,0,CLEAR,, NO UNUSUAL CONDITIONS,, ,A,DAYLIGHT,37.317173,-121.933803,,,,,A,NO PEDESTRIANS INVOLVED,7/11/2019 12:00:00 AM,A,21658(a),False,1.0,I-280 S/B,,,7/21/2019 3:45:22 PM,A,N,520.0,Bascom Ave,F,,D,7/21/2019 3:46:20 PM,7/21/2019 3:46:20 PM,,True,2,,,,,,,
1034642,9340-2019-03152,1,False,9340,7/10/2019 11:00:00 AM,1100,281,1368,4313,San Jose,43,True,True,E,HIT OBJECT,,Wednesday,NotApplicable,False,,,False,True,False,Santa Clara Superior,J,OTHER OBJECT,Metal Bar,0,0,CLOUDY,, NO UNUSUAL CONDITIONS,, ,A,DAYLIGHT,37.1953,-121.5156,,,,,A,NO PEDESTRIANS INVOLVED,7/10/2019 12:00:00 AM,C,,,,I-280 N/B,,,7/21/2019 3:31:31 PM,A,S,2146.0,10th St,F,,D,7/21/2019 3:32:06 PM,7/21/2019 3:32:06 PM,,True,2,,,,,,,
1034637,9340-2019-03211,1,False,9340,7/13/2019 8:05:00 PM,2005,240,1368,4313,San Jose,43,True,True,E,HIT OBJECT,,Saturday,Yes,False,,,False,True,True,Santa Clara Superior,I,FIXED OBJECT,EMBANKMENT ,2,0,CLEAR,, NO UNUSUAL CONDITIONS,, ,B,DUSK-DAWN,37.421365,-121.938575,,,,,A,NO PEDESTRIANS INVOLVED,7/13/2019 12:00:00 AM,A,23152(a),True,1.0,W/B SR-237 To (Zanker Rd),,,7/21/2019 2:57:32 PM,A,E,423.0,Zanker Rd,F,,D,7/21/2019 2:58:28 PM,7/21/2019 2:58:28 PM,,True,2,,,,,,,
1034377,9340-2019-03319,1,False,9340,7/19/2019 1:05:00 PM,1305,901,1368,4313,San Jose,43,True,True,C,REAR END,,Friday,NotApplicable,False,,,False,False,False,Santa Clara Superior,E,PARKED MOTOR VEHICLE,,0,0,CLEAR,, NO UNUSUAL CONDITIONS,, On-Duty Emergency Vehicle,A,DAYLIGHT,37.384082,-121.863107,,,,,A,NO PEDESTRIANS INVOLVED,7/19/2019 12:00:00 AM,A,22106,False,1.0,EASTBOUND BERRYESSA ROAD,,,7/19/2019 4:20:15 PM,A,W,12.0,I-680 S/B,F,,D,7/19/2019 4:21:47 PM,7/19/2019 4:21:47 PM,,,2,,,,,,,
1034270,9340-2019-03204,1,False,9340,7/13/2019 1:52:00 PM,1352,089,1368,4313,San Jose,43,True,True,C,REAR END,,Saturday,NotApplicable,False,,,False,True,False,Santa Clara Superior,C,OTHER MOTOR VEHICLE,,0,0,CLEAR,, NO UNUSUAL CONDITIONS,, ,A,DAYLIGHT,37.366133,-121.901416,,,,,A,NO PEDESTRIANS INVOLVED,7/13/2019 12:00:00 AM,A,22350,False,1.0,I-880 S/B,,,7/19/2019 2:26:07 PM,A,N,620.0,US101 N/B,F,,D,7/19/2019 2:26:47 PM,7/19/2019 2:26:47 PM,,True,2,,,,,,,
1034262,9340-2019-03201,1,False,9340,7/13/2019 11:15:00 AM,1115,110,1368,4313,San Jose,43,True,True,C,REAR END,,Saturday,Yes,False,,,False,True,False,Santa Clara Superior,D,MOTOR VEHICLE ON OTHER ROADWAY,,1,0,CLEAR,, NO UNUSUAL CONDITIONS,, ,A,DAYLIGHT,37.31888,-121.83179,,,,,A,NO PEDESTRIANS INVOLVED,7/13/2019 12:00:00 AM,A,22350,False,1.0,US101 N/B,,,7/19/2019 2:19:57 PM,A,N,400.0,Tully Rd,F,,D,7/19/2019 2:20:50 PM,7/19/2019 2:20:50 PM,,True,2,,,,,,,
1034235,9340-2019-03199,1,False,9340,7/12/2019 4:47:00 PM,1647,120,1368,4313,San Jose,43,True,True,B,SIDE SWIPE,,Friday,NotApplicable,False,M,,False,True,False,Santa Clara Superior,C,OTHER MOTOR VEHICLE,,0,0,CLEAR,, NO UNUSUAL CONDITIONS,, ,A,DAYLIGHT,37.364329,-121.902574,,,,,A,NO PEDESTRIANS INVOLVED,7/12/2019 12:00:00 AM,A,21658(a),False,2.0,US101 S/B,,,7/19/2019 2:00:15 PM,A,N,135.0,I-880,F,,D,7/19/2019 2:00:55 PM,7/19/2019 2:00:55 PM,,True,2,,,,,,,
1034228,9340-2019-03191,1,False,9340,7/12/2019 6:00:00 PM,1800,681,1368,4313,San Jose,43,True,True,B,SIDE SWIPE,,Friday,NotApplicable,False,,,False,True,False,Santa Clara Superior,A,NON-COLLISION,,0,0,CLEAR,, NO UNUSUAL CONDITIONS,, ,A,DAYLIGHT,37.391155,-121.869881,,,,,A,NO PEDESTRIANS INVOLVED,7/12/2019 12:00:00 AM,A,21658(a),False,1.0,I-680 S/B,,,7/19/2019 1:54:36 PM,A,S,800.0,Hostetter Rd,F,,D,7/19/2019 1:55:12 PM,7/19/2019 1:55:12 PM,,True,2,,,,,,,
1034223,9340-2019-03182,1,False,9340,7/12/2019 11:59:00 AM,1159,120,1368,4313,San Jose,43,True,True,C,REAR END,,Friday,NotApplicable,False,,,False,True,True,Santa Clara Superior,C,OTHER MOTOR VEHICLE,,0,0,CLEAR,, NO UNUSUAL CONDITIONS,, ,A,DAYLIGHT,37.2386,-121.583788,,,,,A,NO PEDESTRIANS INVOLVED,7/12/2019 12:00:00 AM,A,22350,False,1.0,US101 S/B,,,7/19/2019 1:51:10 PM,A,N,10.0,Great America Pky,F,,D,7/19/2019 1:51:58 PM,7/19/2019 1:51:58 PM,,True,2,,,,,,,
1034128,9340-2019-03187,1,False,9340,7/12/2019 6:15:00 PM,1815,083,1368,4313,San Jose,43,True,True,C,REAR END,,Friday,NotApplicable,False,,,False,True,False,Santa Clara Superior,C,OTHER MOTOR VEHICLE,,0,0,CLEAR,, NO UNUSUAL CONDITIONS,, ,A,DAYLIGHT,37.2522,-121.8407,,,,,A,NO PEDESTRIANS INVOLVED,7/12/2019 12:00:00 AM,A,22350,False,1.0,sr-85 s/b to Blossom Hill Road,,,7/19/2019 12:02:44 PM,A,N,500.0,Blossom Hill Rd,F,,D,7/19/2019 12:03:25 PM,7/19/2019 12:03:25 PM,,True,2,,,,,,,
1034122,9340-2019-03189,1,False,9340,7/12/2019 2:15:00 PM,1415,681,1368,4313,San Jose,43,True,True,B,SIDE SWIPE,,Friday,NotApplicable,False,,,False,True,False,Santa Clara Superior,C,OTHER MOTOR VEHICLE,,0,0,CLEAR,, NO UNUSUAL CONDITIONS,, ,A,DAYLIGHT,37.399788,-121.876052,,,,,A,NO PEDESTRIANS INVOLVED,7/12/2019 12:00:00 AM,A,22107,False,1.0,I-680 S/B,,,7/19/2019 11:55:59 AM,A,N,100.0,Capitol Ave,F,,D,7/19/2019 11:57:00 AM,7/19/2019 11:57:00 AM,,True,2,,,,,,,
1034040,9340-2019-03212,1,False,9340,7/12/2019 10:00:00 PM,2200,110,1368,4313,San Jose,43,True,True,C,REAR END,,Friday,NotApplicable,False,M,,False,True,True,,C,OTHER MOTOR VEHICLE,,0,0,CLEAR,, NO UNUSUAL CONDITIONS,, ,D,DARK-NO STREET LIGHTS,37.350997,-121.862555,,,,,A,NO PEDESTRIANS INVOLVED,7/12/2019 12:00:00 AM,A,22350,False,1.0,US101 S/B,,,7/19/2019 10:39:01 AM,A,N,350.0,Santa Clara St,F,,D,7/19/2019 10:39:39 AM,7/19/2019 10:39:39 AM,,True,2,,,,,,,
1033988,9340-2019-03207,1,False,9340,7/12/2019 9:59:00 PM,2159,110,1368,4313,San Jose,43,True,True,B,SIDE SWIPE,,Friday,NotApplicable,False,,,False,True,True,Santa Clara Superior,C,OTHER MOTOR VEHICLE,,0,0,CLEAR,, NO UNUSUAL CONDITIONS,, ,D,DARK-NO STREET LIGHTS,37.350667,-121.862454,,,,,A,NO PEDESTRIANS INVOLVED,7/12/2019 12:00:00 AM,A,22107,False,1.0,US101 S/B,,,7/19/2019 10:01:17 AM,A,N,300.0,Santa Clara St,F,,D,7/19/2019 10:01:54 AM,7/19/2019 10:01:54 AM,,True,2,,,,,,,
1033953,9340-2019-02640,3,False,9340,6/5/2019 11:51:00 PM,2351,681,1368,4313,San Jose,43,True,True,B,SIDE SWIPE,,Wednesday,Yes,True,,,False,True,True,Santa Clara Superior,C,OTHER MOTOR VEHICLE,,1,0,CLEAR,, NO UNUSUAL CONDITIONS,, ,D,DARK-NO STREET LIGHTS,37.35573,-121.8385,,,,,E,IN ROAD - INCLUDES SHOULDER,6/5/2019 12:00:00 AM,A,22107,False,1.0,I-680 S/B,,,1/29/2020 8:28:15 PM,A,S,1350.0,Alum Rock Ave,F,,D,7/19/2019 9:42:31 AM,1/29/2020 8:29:28 PM,,True,2,,,,,,,