Collision Id,	Report Number,	Report Version,	Is Preliminary,	NCIC Code,Crash Date Time,	Crash Time Description,	Beat,City Id,	City Code,	City Name,County Code,	City Is Active,	City Is Incorporated,	Collision Type Code,Collision Type Description,	Collision Type Other Desc,	Day Of Week,	DispatchNotified,	HasPhotographs,	HitRun,	IsAttachmentsMailed,	IsDeleted,	IsHighwayRelated,	IsTowAway,	JudicialDistrict,	MotorVehicleInvolvedWithCode,	MotorVehicleInvolvedWithDesc,MotorVehicleInvolvedWithOtherDesc,	NumberInjured,	NumberKilled,Weather 1, Weather 2, Road Condition 1, Road Condition 2, Special Condition,LightingCode, LightingDescription,Latitude,Longitude,MilepostDirection,MilepostDistance,MilepostMarker,MilepostUnitOfMeasure,	PedestrianActionCode,PedestrianActionDesc,PreparedDate,	Primary Collision Factor Code,Primary Collision Factor Violation,PrimaryCollisionFactorIsCited,	PrimaryCollisionPartyNumber,	PrimaryRoad,	ReportingDistrict,	ReportingDistrictCode,ReviewedDate,	RoadwaySurfaceCode,SecondaryDirection,	SecondaryDistance,	SecondaryRoad,	SecondaryUnitOfMeasure,	SketchDesc,	TrafficControlDeviceCode,CreatedDate,	ModifiedDate,IsCountyRoad,IsFreeway,CHP555Version,	IsAdditonalObjectStruck,NotificationDate,	NotificationTimeDescription,	HasDigitalMediaFiles,	EvidenceNumber,	IsLocationReferToNarrative,	IsAOIOneSameAsLocation
1028523,9340-2019-03051,1,False,9340,7/1/2019 7:03:00 AM,703,110,1368,4313,San Jose,43,True,True,C,REAR END,,Monday,NotApplicable,False,,,False,True,False,Santa Clara Superior,C,OTHER MOTOR VEHICLE,,0,0,CLEAR,, NO UNUSUAL CONDITIONS,, ,A,DAYLIGHT,37.30386,-121.817,,,,,A,NO PEDESTRIANS INVOLVED,7/1/2019 12:00:00 AM,A,22350,False,1.0,US101 N/B,,,7/10/2019 2:57:36 PM,A,S,200.0,Capitol Expy,F,,D,7/10/2019 2:58:14 PM,7/10/2019 2:58:14 PM,,True,2,,,,,,,
1028477,9340-2019-03028,2,False,9340,6/29/2019 6:05:00 PM,1805,120,1368,4313,San Jose,43,True,True,C,REAR END,,Saturday,NotApplicable,False,M,,False,True,False,Santa Clara Superior,C,OTHER MOTOR VEHICLE,,0,0,CLEAR,, NO UNUSUAL CONDITIONS,, ,A,DAYLIGHT,37.3638,-121.8985,,,,,A,NO PEDESTRIANS INVOLVED,6/29/2019 12:00:00 AM,A,22350,False,1.0,US-101 N/B,,,2/26/2020 12:51:45 PM,A,N,100.0, TENTH ST.,F,,D,7/10/2019 2:33:31 PM,2/26/2020 12:51:48 PM,,True,2,,,,,,,
1028449,9340-2019-03055,2,False,9340,7/1/2019 1:50:00 PM,1350,088,1368,4313,San Jose,43,True,True,B,SIDE SWIPE,,Monday,NotApplicable,False,,,False,True,True,Santa Clara Superior,C,OTHER MOTOR VEHICLE,,2,0,CLEAR,, NO UNUSUAL CONDITIONS,, ,A,DAYLIGHT,37.3317,-121.9396,,,,,A,NO PEDESTRIANS INVOLVED,7/1/2019 12:00:00 AM,A,21658(a),False,1.0,I-880 N/B,,,8/3/2021 9:25:44 AM,A,S,1290.0,Bascom Ave,F,,C,7/10/2019 2:17:00 PM,8/3/2021 9:25:58 AM,,True,2,,,,,,,
1028360,9340-2019-03056,1,False,9340,7/1/2019 3:30:00 PM,1530,089,1368,4313,San Jose,43,True,True,C,REAR END,,Monday,NotApplicable,False,,,False,True,False,Santa Clara Superior,C,OTHER MOTOR VEHICLE,,3,0,CLEAR,, NO UNUSUAL CONDITIONS,, ,A,DAYLIGHT,33.3291,-121.4182,,,,,A,NO PEDESTRIANS INVOLVED,7/1/2019 12:00:00 AM,A,22350,False,1.0,I-880 S/B,,,7/10/2019 1:06:44 PM,A,N,1230.0,Brokaw Rd,F,,D,7/10/2019 1:08:12 PM,7/10/2019 1:08:12 PM,,True,2,,,,,,,
1028347,9340-2019-03057,1,False,9340,7/1/2019 8:40:00 PM,2040,281,1368,4313,San Jose,43,True,True,E,HIT OBJECT,,Monday,Yes,False,,,False,True,True,Santa Clara Superior,I,FIXED OBJECT,CONCRETE CENTER MEDIAN,1,0,CLEAR,, NO UNUSUAL CONDITIONS,, ,C,DARK-STREET LIGHTS,37.3241,-121.8916,,,,,A,NO PEDESTRIANS INVOLVED,7/1/2019 12:00:00 AM,A,23152(a),True,1.0,I-280 N/B,,,7/10/2019 12:54:40 PM,A,S,325.0,SR-87,F,,D,7/10/2019 12:55:34 PM,7/10/2019 12:55:34 PM,,True,2,,,,,,,
1028325,9340-2019-03048,1,False,9340,7/1/2019 11:45:00 AM,1145,088,1368,4313,San Jose,43,True,True,C,REAR END,,Monday,NotApplicable,False,,,False,True,False,Santa Clara Superior,C,OTHER MOTOR VEHICLE,,1,0,CLEAR,, NO UNUSUAL CONDITIONS,, ,A,DAYLIGHT,37.350018,-121.916359,,,,,A,NO PEDESTRIANS INVOLVED,7/1/2019 12:00:00 AM,A,22350,False,1.0,I-880 N/B,,,7/10/2019 12:37:32 PM,A,N,1000.0,Coleman Ave,F,,D,7/10/2019 12:38:13 PM,7/10/2019 12:38:13 PM,,True,2,,,,,,,
1028226,9340-2019-03062,1,False,9340,7/1/2019 6:55:00 PM,1855,281,1368,4313,San Jose,43,True,True,C,REAR END,,Monday,NotApplicable,False,,,False,True,True,Santa Clara Superior,C,OTHER MOTOR VEHICLE,,0,0,CLEAR,, NO UNUSUAL CONDITIONS,, ,A,DAYLIGHT,37.3143,-121.91277,,,,,A,NO PEDESTRIANS INVOLVED,7/1/2019 12:00:00 AM,A,22350,False,1.0,I-280 S/B FROM SOUTHWEST EXPRESSWAY,,,7/10/2019 11:20:35 AM,A,N,500.0,Race St,F,,D,7/10/2019 11:21:18 AM,7/10/2019 11:21:18 AM,,True,2,,,,,,,
1028091,9340-2019-02639,2,False,9340,6/5/2019 11:50:00 PM,2350,681,1368,4313,San Jose,43,True,True,C,REAR END,,Wednesday,Yes,False,,,False,True,True,Santa Clara Superior,C,OTHER MOTOR VEHICLE,,0,0,CLEAR,, NO UNUSUAL CONDITIONS,, ,D,DARK-NO STREET LIGHTS,37.3565,-121.8393,,,,,A,NO PEDESTRIANS INVOLVED,6/5/2019 12:00:00 AM,A,22350,False,1.0,I-680 S/B,,,7/10/2019 9:41:19 AM,A,S,1323.0,Alum Rock Avenue,F,,D,7/10/2019 9:42:08 AM,7/17/2019 3:04:16 PM,,True,2,,,,,,,
1028089,9340-2019-02642,2,False,9340,6/5/2019 11:49:00 PM,2349,681,1368,4313,San Jose,43,True,True,E,HIT OBJECT,,Wednesday,Yes,False,,,False,True,True,Santa Clara Superior,I,FIXED OBJECT,Bush,0,0,CLEAR,, NO UNUSUAL CONDITIONS,, ,D,DARK-NO STREET LIGHTS,37.3569,-121.8396,,,,,A,NO PEDESTRIANS INVOLVED,6/5/2019 12:00:00 AM,A,22107,False,1.0,I-680 S/B,,,7/10/2019 9:40:07 AM,A,S,1200.0,Alum Rock Avenue ,F,,D,7/10/2019 9:40:34 AM,7/17/2019 3:01:13 PM,,True,2,,,,,,,
1028087,9340-2019-02826,1,False,9340,6/16/2019 11:20:00 PM,2320,083,1368,4313,San Jose,43,True,True,B,SIDE SWIPE,,Sunday,NotApplicable,False,M,,False,True,True,Santa Clara Superior,C,OTHER MOTOR VEHICLE,,0,0,CLEAR,, NO UNUSUAL CONDITIONS,, ,C,DARK-STREET LIGHTS,37.1455,-121.4955,,,,,A,NO PEDESTRIANS INVOLVED,6/17/2019 12:00:00 AM,A,22107,False,1.0,N/B SR-85,,,7/10/2019 9:37:08 AM,A,S,1500.0,Blossom Hill Rd,F,,D,7/10/2019 9:37:50 AM,7/10/2019 9:37:50 AM,,True,2,,,,,,,
1028082,9340-2019-03052,1,False,9340,7/1/2019 3:10:00 PM,1510,083,1368,4313,San Jose,43,True,True,C,REAR END,,Monday,NotApplicable,False,M,,False,True,True,Santa Clara Superior,C,OTHER MOTOR VEHICLE,,1,0,CLEAR,, NO UNUSUAL CONDITIONS,, ,A,DAYLIGHT,37.15417,-121.55593,,,,,A,NO PEDESTRIANS INVOLVED,7/1/2019 12:00:00 AM,A,22350,False,1.0,SR-85 S/B,,,7/10/2019 9:34:37 AM,A,N,500.0,Union Ave,F,,D,7/10/2019 9:35:31 AM,7/10/2019 9:35:31 AM,,True,2,,,,,,,
1028075,9340-2019-02910,1,False,9340,6/21/2019 3:10:00 PM,1510,089,1368,4313,San Jose,43,True,True,C,REAR END,,Friday,NotApplicable,False,F,,False,True,True,Santa Clara Superior,C,OTHER MOTOR VEHICLE,,1,0,CLEAR,, NO UNUSUAL CONDITIONS,, ,A,DAYLIGHT,37.38686,-121.905618,,,,,A,NO PEDESTRIANS INVOLVED,6/21/2019 12:00:00 AM,A,22350,False,1.0,I-880 S/B,,,7/10/2019 9:32:40 AM,A,,,Brokaw Rd,,,D,7/10/2019 9:33:16 AM,7/10/2019 9:33:16 AM,,True,2,,,,,,,
1028073,9340-2019-02940,1,False,9340,6/24/2019 2:05:00 PM,1405,083,1368,4313,San Jose,43,True,True,B,SIDE SWIPE,,Monday,NotApplicable,False,F,,False,True,True,Santa Clara Superior,C,OTHER MOTOR VEHICLE,,1,0,CLEAR,, NO UNUSUAL CONDITIONS,, ,A,DAYLIGHT,37.15132,-121.50332,,,,,A,NO PEDESTRIANS INVOLVED,6/24/2019 12:00:00 AM,A,22107,False,1.0,SR-85 N/B,,,7/10/2019 9:31:11 AM,A,N,2000.0,BLOSSOM HILL ROAD,F,,D,7/10/2019 9:31:53 AM,7/10/2019 9:31:53 AM,,True,2,,,,,,,
1028019,9340-2019-03011,1,False,9340,6/28/2019 12:40:00 PM,1240,083,1368,4313,San Jose,43,True,True,B,SIDE SWIPE,,Friday,Yes,False,,,False,True,True,Santa Clara Superior,C,OTHER MOTOR VEHICLE,,1,0,CLEAR,, NO UNUSUAL CONDITIONS,, ,A,DAYLIGHT,37.250487,-121.836638,,,,,A,NO PEDESTRIANS INVOLVED,6/28/2019 12:00:00 AM,A,21658(a),True,1.0,SR-85 S/B,,,7/10/2019 8:57:10 AM,A,S,250.0,Blossom Hill Rd,F,,D,7/10/2019 8:58:24 AM,7/10/2019 8:58:24 AM,,True,2,,,,,,,
1028017,9340-2019-03041,1,False,9340,6/30/2019 1:46:00 PM,1346,120,1368,4313,San Jose,43,True,True,C,REAR END,,Sunday,NotApplicable,False,M,,False,True,True,Santa Clara Superior,C,OTHER MOTOR VEHICLE,,0,0,CLEAR,, NO UNUSUAL CONDITIONS,, ,A,DAYLIGHT,37.373095,-121.924236,,,,,A,NO PEDESTRIANS INVOLVED,6/30/2019 12:00:00 AM,A,22350,False,1.0,US101 N/B,,,7/10/2019 8:54:54 AM,A,N,1360.0,Oakland Rd,F,,D,7/10/2019 8:56:08 AM,7/10/2019 8:56:08 AM,,True,2,,,,,,,
1028004,9340-2019-03039,2,False,9340,6/29/2019 3:30:00 PM,1530,681,1368,4313,San Jose,43,True,True,B,SIDE SWIPE,,Saturday,NotApplicable,False,,,False,True,True,Santa Clara Superior,C,OTHER MOTOR VEHICLE,,1,0,CLEAR,, NO UNUSUAL CONDITIONS,, ,A,DAYLIGHT,37.401974,-121.876618,,,,,A,NO PEDESTRIANS INVOLVED,6/29/2019 12:00:00 AM,A,21658(a),False,1.0,I-680 S/B,,,7/9/2021 2:13:29 PM,A,N,800.0,Capitol Ave,F,,D,7/10/2019 8:48:26 AM,7/9/2021 2:13:52 PM,,True,2,,,,,,,
1027987,9340-2019-03032,1,False,9340,6/28/2019 9:30:00 AM,930,120,1368,4313,San Jose,43,True,True,C,REAR END,,Friday,NotApplicable,False,,,False,True,False,Santa Clara Superior,C,OTHER MOTOR VEHICLE,,0,0,CLEAR,, NO UNUSUAL CONDITIONS,, ,A,DAYLIGHT,37.22267,-121.554319,,,,,A,NO PEDESTRIANS INVOLVED,6/28/2019 12:00:00 AM,A,22350,False,1.0,US101 N/B,,,7/10/2019 8:33:26 AM,A,N,180.0,SR-87,F,,D,7/10/2019 8:34:55 AM,7/10/2019 8:34:55 AM,,True,2,,,,,,,
1027486,9340-2019-03010,1,False,9340,6/28/2019 12:05:00 PM,1205,281,1368,4313,San Jose,43,True,True,B,SIDE SWIPE,,Friday,NotApplicable,False,,,False,True,False,Santa Clara Superior,C,OTHER MOTOR VEHICLE,,0,0,CLEAR,, NO UNUSUAL CONDITIONS,, ,A,DAYLIGHT,37.3326,-121.8631,,,,,A,NO PEDESTRIANS INVOLVED,6/28/2019 12:00:00 AM,A,21658(a),False,1.0,I-280 S/B,,,7/9/2019 2:31:10 PM,A,N,0.4,McLaughlin Ave,M,,D,7/9/2019 2:31:50 PM,7/9/2019 2:31:50 PM,,True,2,,,,,,,
1027463,9340-2019-03040,1,False,9340,6/30/2019 2:28:00 PM,1428,120,1368,4313,San Jose,43,True,True,C,REAR END,,Sunday,NotApplicable,False,,,False,True,True,Santa Clara Superior,C,OTHER MOTOR VEHICLE,,2,0,CLEAR,, NO UNUSUAL CONDITIONS,, ,A,DAYLIGHT,37.373095,-121.924236,,,,,A,NO PEDESTRIANS INVOLVED,6/30/2019 12:00:00 AM,A,22350,False,1.0,US101 N/B,,,7/9/2019 2:19:18 PM,A,N,1360.0,Oakland Rd,F,,D,7/9/2019 2:20:00 PM,7/9/2019 2:20:00 PM,,True,2,,,,,,,
1027456,9340-2019-03022,1,False,9340,6/29/2019 12:00:00 AM,0,089,1368,4313,San Jose,43,True,True,C,REAR END,,Saturday,Yes,False,,,False,True,True,Santa Clara Superior,C,OTHER MOTOR VEHICLE,,2,0,CLEAR,, NO UNUSUAL CONDITIONS,, ,C,DARK-STREET LIGHTS,37.3636,-121.9019,,,,,A,NO PEDESTRIANS INVOLVED,6/29/2019 12:00:00 AM,A,22107,False,1.0,US101 N/B,,,7/9/2019 2:16:18 PM,A,S,100.0,US101,F,,D,7/9/2019 2:17:08 PM,7/9/2019 2:17:08 PM,,True,2,,,,,,,
1027429,9340-2019-03033,1,False,9340,6/30/2019 1:25:00 AM,125,110,1368,4313,San Jose,43,True,True,E,HIT OBJECT,,Sunday,NotApplicable,False,,,False,True,True,Santa Clara Superior,I,FIXED OBJECT,EMBANKMENT,0,0,CLEAR,, NO UNUSUAL CONDITIONS,, ,D,DARK-NO STREET LIGHTS,37.31819,-121.830116,,,,,A,NO PEDESTRIANS INVOLVED,6/30/2019 12:00:00 AM,A,22350,False,1.0,US101 N/B TO TULLY ROAD,,,7/9/2019 2:05:31 PM,A,S,270.0,Tully Rd,F,,D,7/9/2019 2:06:27 PM,7/9/2019 2:06:27 PM,,True,2,,,,,,,
1027388,9340-2019-03042,1,False,9340,6/30/2019 4:55:00 PM,1655,088,1368,4313,San Jose,43,True,True,C,REAR END,,Sunday,NotApplicable,False,,,False,True,False,Santa Clara Superior,C,OTHER MOTOR VEHICLE,,0,0,CLEAR,, NO UNUSUAL CONDITIONS,, ,A,DAYLIGHT,37.318699,-121.940336,,,,,A,NO PEDESTRIANS INVOLVED,6/30/2019 12:00:00 AM,A,22350,False,1.0,I-880 S/B,,,7/9/2019 1:45:17 PM,A,N,800.0,Stevens Creek Blvd,F,,D,7/9/2019 1:46:39 PM,7/9/2019 1:46:39 PM,,True,2,,,,,,,
1027376,9340-2019-03001,1,False,9340,6/27/2019 6:20:00 PM,1820,083,1368,4313,San Jose,43,True,True,C,REAR END,,Thursday,NotApplicable,False,,,False,True,True,Santa Clara Superior,C,OTHER MOTOR VEHICLE,,1,0,CLEAR,, NO UNUSUAL CONDITIONS,, ,A,DAYLIGHT,37.15327,-121.55543,,,,,A,NO PEDESTRIANS INVOLVED,6/27/2019 12:00:00 AM,A,22350,True,1.0,SR-85 S/B,,,7/9/2019 1:35:06 PM,A,N,100.0,Union Ave,F,,D,7/9/2019 1:38:19 PM,7/9/2019 1:38:19 PM,,True,2,,,,,,,
1048158,9340-2019-03493,1,False,9340,7/29/2019 8:55:00 PM,2055,088,1368,4313,San Jose,43,True,True,B,SIDE SWIPE,,Monday,NotApplicable,True,M,,False,True,False,Santa Clara Superior,C,OTHER MOTOR VEHICLE,,0,0,CLEAR,, NO UNUSUAL CONDITIONS,, ,C,DARK-STREET LIGHTS,37.33599,-121.934446,,,,,A,NO PEDESTRIANS INVOLVED,7/29/2019 12:00:00 AM,A,21658(a),False,1.0,I-880 S/B,,,8/8/2019 12:16:48 PM,A,N,219.0,Bascom Ave,F,,D,8/8/2019 12:18:45 PM,8/8/2019 12:18:45 PM,,True,2,,,,,,,
1047939,9340-2019-03542,1,False,9340,8/1/2019 1:40:00 PM,1340,281,1368,4313,San Jose,43,True,True,C,REAR END,,Thursday,NotApplicable,False,,,False,True,False,Santa Clara Superior,C,OTHER MOTOR VEHICLE,,0,0,CLEAR,, NO UNUSUAL CONDITIONS,, ,A,DAYLIGHT,37.31701,-121.93146,,,,,A,NO PEDESTRIANS INVOLVED,8/1/2019 12:00:00 AM,A,22350,False,1.0,I-280 N/B,,,8/8/2019 9:52:26 AM,A,S,80.0,Bascom Ave,F,,D,8/8/2019 9:53:02 AM,8/8/2019 9:53:02 AM,,True,2,,,,,,,
1047905,9340-2019-03544,1,False,9340,8/1/2019 6:30:00 PM,1830,110,1368,4313,San Jose,43,True,True,C,REAR END,,Thursday,NotApplicable,False,M,,False,True,False,Santa Clara Superior,C,OTHER MOTOR VEHICLE,,0,0,CLEAR,, NO UNUSUAL CONDITIONS,, ,A,DAYLIGHT,37.3257,-121.8387,,,,,A,NO PEDESTRIANS INVOLVED,8/1/2019 12:00:00 AM,A,22350,False,1.0,US101 S/B,,,8/8/2019 9:26:52 AM,A,N,3218.0,Tully Rd,F,,D,8/8/2019 9:27:27 AM,8/8/2019 9:27:27 AM,,True,2,,,,,,,
1047846,9340-2019-03531,1,False,9340,7/31/2019 4:58:00 PM,1658,281,1368,4313,San Jose,43,True,True,C,REAR END,,Wednesday,Yes,False,,,False,True,True,Santa Clara Superior,C,OTHER MOTOR VEHICLE,,1,0,CLEAR,, NO UNUSUAL CONDITIONS,, ,A,DAYLIGHT,37.32788,-121.87369,,,,,A,NO PEDESTRIANS INVOLVED,7/31/2019 12:00:00 AM,A,22350,False,1.0,I-280 S/B,,,8/8/2019 8:38:53 AM,A,N,360.0,10th St,F,,D,8/8/2019 8:40:19 AM,8/8/2019 8:40:19 AM,,True,2,,,,,,,
1047676,9340-2019-03475,1,False,9340,7/28/2019 5:50:00 AM,550,281,1368,4313,San Jose,43,True,True,E,HIT OBJECT,,Sunday,NotApplicable,False,,,False,True,True,Santa Clara Superior,I,FIXED OBJECT,CONCRETE BARRIER,0,0,CLEAR,, NO UNUSUAL CONDITIONS,, ,B,DUSK-DAWN,37.32585,-121.88388,,,,,A,NO PEDESTRIANS INVOLVED,7/28/2019 12:00:00 AM,A,22107,False,1.0,I-280 S/B,,,8/7/2019 9:16:13 PM,A,N,1000.0,7th St,F,,D,8/7/2019 9:17:41 PM,8/7/2019 9:17:41 PM,,True,2,,,,,,,
1047674,9340-2019-03554,1,False,9340,8/1/2019 4:55:00 AM,455,282,1368,4313,San Jose,43,True,True,B,SIDE SWIPE,,Thursday,NotApplicable,False,,,False,True,True,Santa Clara Superior,C,OTHER MOTOR VEHICLE,,1,0,CLEAR,, NO UNUSUAL CONDITIONS,, ,C,DARK-STREET LIGHTS,37.316715,-121.926389,,,,,A,NO PEDESTRIANS INVOLVED,8/1/2019 12:00:00 AM,C,,,,I-280 S/B,,,8/7/2019 8:58:29 PM,A,S,280.0,Leland Ave,F,,D,8/7/2019 8:59:06 PM,8/7/2019 8:59:06 PM,,True,2,,,,,,,
1047669,9340-2019-03550,1,False,9340,8/1/2019 4:58:00 AM,458,281,1368,4313,San Jose,43,True,True,C,REAR END,,Thursday,NotApplicable,False,,,False,True,True,Santa Clara Superior,C,OTHER MOTOR VEHICLE,,0,0,CLOUDY,, NO UNUSUAL CONDITIONS,, ,D,DARK-NO STREET LIGHTS,37.316673,-121.925248,,,,,A,NO PEDESTRIANS INVOLVED,8/1/2019 12:00:00 AM,A,22350,False,1.0,I-280 S/B,,,8/7/2019 8:30:33 PM,A,S,400.0,LELAND AVE.,F,,D,8/7/2019 8:31:17 PM,8/7/2019 8:31:17 PM,,True,2,,,,,,,
1047667,9340-2019-03549,1,False,9340,8/1/2019 4:53:00 AM,453,281,1368,4313,San Jose,43,True,True,E,HIT OBJECT,,Thursday,NotApplicable,False,,,False,True,True,Santa Clara Superior,J,OTHER OBJECT,CONCRETE DIVIDER,0,0,CLOUDY,, NO UNUSUAL CONDITIONS,, ,C,DARK-STREET LIGHTS,37.316811,-121.925612,,,,,A,NO PEDESTRIANS INVOLVED,8/1/2019 12:00:00 AM,A,22107,False,1.0,I-280 S/B,,,8/7/2019 8:27:19 PM,A,S,300.0,LELAND AVE.,F,,D,8/7/2019 8:28:14 PM,8/7/2019 8:28:14 PM,,True,2,,,,,,,
1047638,9340-2019-03564,1,False,9340,8/1/2019 2:25:00 PM,1425,681,1368,4313,San Jose,43,True,True,F,OVERTURNED,,Thursday,Yes,False,,,False,True,False,Santa Clara Superior,A,NON-COLLISION,,1,0,CLEAR,, NO UNUSUAL CONDITIONS,, ,A,DAYLIGHT,37.395685,-121.873159,,,,,A,NO PEDESTRIANS INVOLVED,8/1/2019 12:00:00 AM,A,22350,False,1.0,I-680 N/B TO HOSTETTER RD ,,,8/7/2019 6:06:05 PM,A,S,20.0,Hostetter Rd,F,,A,8/7/2019 6:07:28 PM,8/7/2019 6:07:28 PM,,True,2,,,,,,,
1047636,9340-2019-03499,1,False,9340,7/29/2019 12:10:00 PM,1210,110,1368,4313,San Jose,43,True,True,C,REAR END,,Monday,Yes,False,,,False,True,False,Santa Clara Superior,C,OTHER MOTOR VEHICLE,,1,0,CLEAR,, NO UNUSUAL CONDITIONS,, ,A,DAYLIGHT,37.3244,-121.8368,,,,,A,NO PEDESTRIANS INVOLVED,7/29/2019 12:00:00 AM,A,22350,False,1.0,US-101 N/B,,,8/7/2019 5:56:31 PM,A,S,2000.0,Story Road,F,,D,8/7/2019 5:57:51 PM,8/7/2019 5:57:51 PM,,True,2,,,,,,,
1047629,9340-2019-03541,2,False,9340,8/1/2019 11:05:00 AM,1105,281,1368,4313,San Jose,43,True,True,B,SIDE SWIPE,,Thursday,Yes,False,,,False,True,True,Santa Clara Superior,C,OTHER MOTOR VEHICLE,,1,0,CLEAR,, NO UNUSUAL CONDITIONS,, ,A,DAYLIGHT,37.325606,-121.884291,,,,,A,NO PEDESTRIANS INVOLVED,8/1/2019 12:00:00 AM,A,21658(a),False,1.0,I-280 S/B,,,8/7/2019 5:37:49 PM,A,S,400.0,SOUTH 1ST STREET,F,,D,8/7/2019 5:10:08 PM,8/7/2019 5:38:03 PM,,True,2,,,,,,,
1047490,9340-2019-03515,1,False,9340,7/30/2019 5:40:00 PM,1740,089,1368,4313,San Jose,43,True,True,C,REAR END,,Tuesday,NotApplicable,False,,,False,False,False,Santa Clara Superior,C,OTHER MOTOR VEHICLE,,0,0,CLEAR,, NO UNUSUAL CONDITIONS,, ,A,DAYLIGHT,37.372502,-121.902226,,,,,A,NO PEDESTRIANS INVOLVED,7/30/2019 12:00:00 AM,A,21658(a),False,1.0,I-880 S/B,,,8/7/2019 2:40:53 PM,A,N,1800.0,Old Bayshore Hwy,F,,D,8/7/2019 2:41:37 PM,8/7/2019 2:41:37 PM,True,,2,,,,,,,
1047481,9340-2019-03628,1,False,9340,8/6/2019 8:05:00 AM,805,083,1368,4313,San Jose,43,True,True,C,REAR END,,Tuesday,NotApplicable,False,,,False,True,False,Santa Clara Superior,C,OTHER MOTOR VEHICLE,,2,0,CLEAR,, NO UNUSUAL CONDITIONS,, ,A,DAYLIGHT,37.15291,-121.541066,,,,,A,NO PEDESTRIANS INVOLVED,8/6/2019 12:00:00 AM,A,22350,False,1.0,SR-85 N/B,,,8/7/2019 2:34:22 PM,A,S,2100.0,Camden Ave,F,,D,8/7/2019 2:35:00 PM,8/7/2019 2:35:00 PM,,True,2,,,,,,,
1047445,9340-2019-03624,1,False,9340,8/6/2019 7:10:00 AM,710,083,1368,4313,San Jose,43,True,True,C,REAR END,,Tuesday,NotApplicable,False,M,,False,True,False,Santa Clara Superior,C,OTHER MOTOR VEHICLE,,1,0,CLEAR,, NO UNUSUAL CONDITIONS,, ,A,DAYLIGHT,37.15293,-121.535336,,,,,A,NO PEDESTRIANS INVOLVED,8/6/2019 12:00:00 AM,A,22350,False,1.0,SR-85 N/B,,,8/7/2019 2:07:14 PM,A,N,730.0,Meridian Ave,F,,D,8/7/2019 2:08:19 PM,8/7/2019 2:08:19 PM,,True,2,,,,,,,
1047412,9340-2019-02811,4,False,9340,6/16/2019 6:48:00 AM,648,087,1368,4313,San Jose,43,True,True,E,HIT OBJECT,,Sunday,Yes,True,,,False,True,True,Santa Clara Superior,J,OTHER OBJECT,DIRT EMBANKMENT,0,1,CLOUDY,, NO UNUSUAL CONDITIONS,, Fatal,A,DAYLIGHT,37.18441,-121.523912,,,,,A,NO PEDESTRIANS INVOLVED,6/16/2019 12:00:00 AM,A,22350,False,1.0,SR-87 S/B TO ALMADEN EXPRESSWAY,,,4/7/2020 2:14:24 PM,A,S,3613.0,Alma Ave,F,,D,8/7/2019 1:43:37 PM,4/7/2020 2:14:28 PM,,True,2,,,,,,,
1047398,9340-2019-03537,1,False,9340,8/1/2019 9:20:00 AM,920,083,1368,4313,San Jose,43,True,True,C,REAR END,,Thursday,NotApplicable,False,,,False,True,False,Santa Clara Superior,C,OTHER MOTOR VEHICLE,,0,0,CLEAR,, NO UNUSUAL CONDITIONS,, ,A,DAYLIGHT,37.15305,-121.533902,,,,,A,NO PEDESTRIANS INVOLVED,8/1/2019 12:00:00 AM,A,22350,False,1.0,SR-85 N/B,,,8/7/2019 1:36:26 PM,A,S,360.0,Meridian Ave,F,,D,8/7/2019 1:37:05 PM,8/7/2019 1:37:05 PM,,True,2,,,,,,,
1047330,9340-2019-03539,1,False,9340,8/1/2019 8:30:00 AM,830,230,1368,4313,San Jose,43,True,True,C,REAR END,,Thursday,NotApplicable,False,,,False,True,True,Santa Clara Superior,C,OTHER MOTOR VEHICLE,,0,0,CLEAR,, NO UNUSUAL CONDITIONS,, ,A,DAYLIGHT,37.4199,-121.9414,,,,,A,NO PEDESTRIANS INVOLVED,8/1/2019 12:00:00 AM,A,22350,False,1.0,SR-237 W/B,,,8/7/2019 12:59:54 PM,A,W,450.0,Zanker Rd,F,,D,8/7/2019 1:01:45 PM,8/7/2019 1:01:45 PM,,True,2,,,,,,,
1047154,9340-2019-03535,1,False,9340,7/31/2019 6:41:00 PM,1841,681,1368,4313,San Jose,43,True,True,C,REAR END,,Wednesday,NotApplicable,False,,,False,True,False,Santa Clara Superior,C,OTHER MOTOR VEHICLE,,0,0,CLEAR,, NO UNUSUAL CONDITIONS,, ,A,DAYLIGHT,37.396219,-121.87462,,,,,A,NO PEDESTRIANS INVOLVED,7/31/2019 12:00:00 AM,A,22350,False,1.0,I-680 S/B,,,8/7/2019 10:50:54 AM,A,S,1141.0,Capitol Ave,F,,D,8/7/2019 10:51:36 AM,8/7/2019 10:51:36 AM,,True,2,,,,,,,
1047125,9340-2019-03523,1,False,9340,7/31/2019 10:45:00 AM,1045,120,1368,4313,San Jose,43,True,True,C,REAR END,,Wednesday,NotApplicable,False,,,False,True,False,Santa Clara Superior,C,OTHER MOTOR VEHICLE,,0,0,CLEAR,, NO UNUSUAL CONDITIONS,, ,A,DAYLIGHT,37.363728,-121.898226,,,,,A,NO PEDESTRIANS INVOLVED,7/31/2019 12:00:00 AM,A,22350,False,1.0,US101 N/B,,,8/7/2019 10:31:42 AM,A,S,1000.0,I-880,F,,D,8/7/2019 10:32:47 AM,8/7/2019 10:32:47 AM,,True,2,,,,,,,