Collision Id,	Report Number,	Report Version,	Is Preliminary,	NCIC Code,Crash Date Time,	Crash Time Description,	Beat,City Id,	City Code,	City Name,County Code,	City Is Active,	City Is Incorporated,	Collision Type Code,Collision Type Description,	Collision Type Other Desc,	Day Of Week,	DispatchNotified,	HasPhotographs,	HitRun,	IsAttachmentsMailed,	IsDeleted,	IsHighwayRelated,	IsTowAway,	JudicialDistrict,	MotorVehicleInvolvedWithCode,	MotorVehicleInvolvedWithDesc,MotorVehicleInvolvedWithOtherDesc,	NumberInjured,	NumberKilled,Weather 1, Weather 2, Road Condition 1, Road Condition 2, Special Condition,LightingCode, LightingDescription,Latitude,Longitude,MilepostDirection,MilepostDistance,MilepostMarker,MilepostUnitOfMeasure,	PedestrianActionCode,PedestrianActionDesc,PreparedDate,	Primary Collision Factor Code,Primary Collision Factor Violation,PrimaryCollisionFactorIsCited,	PrimaryCollisionPartyNumber,	PrimaryRoad,	ReportingDistrict,	ReportingDistrictCode,ReviewedDate,	RoadwaySurfaceCode,SecondaryDirection,	SecondaryDistance,	SecondaryRoad,	SecondaryUnitOfMeasure,	SketchDesc,	TrafficControlDeviceCode,CreatedDate,	ModifiedDate,IsCountyRoad,IsFreeway,CHP555Version,	IsAdditonalObjectStruck,NotificationDate,	NotificationTimeDescription,	HasDigitalMediaFiles,	EvidenceNumber,	IsLocationReferToNarrative,	IsAOIOneSameAsLocation
1046987,9340-2019-03532,1,False,9340,7/31/2019 8:15:00 AM,815,110,1368,4313,San Jose,43,True,True,C,REAR END,,Wednesday,NotApplicable,False,,,False,True,True,Santa Clara Superior,C,OTHER MOTOR VEHICLE,,0,0,CLEAR,, NO UNUSUAL CONDITIONS,, ,A,DAYLIGHT,37.3136,-121.8265,,,,,A,NO PEDESTRIANS INVOLVED,7/31/2019 12:00:00 AM,A,22350,False,1.0,US101 N/B,,,8/7/2019 8:59:03 AM,A,S,1000.0,Tully Rd,F,,D,8/7/2019 8:59:42 AM,8/7/2019 8:59:42 AM,,True,2,,,,,,,
1046905,9340-2019-03508,1,False,9340,7/30/2019 1:35:00 PM,1335,120,1368,4313,San Jose,43,True,True,C,REAR END,,Tuesday,NotApplicable,False,,,False,True,False,Santa Clara Superior,C,OTHER MOTOR VEHICLE,,0,0,CLEAR,, NO UNUSUAL CONDITIONS,, ,A,DAYLIGHT,37.37707,-121.94377,,,,,A,NO PEDESTRIANS INVOLVED,7/30/2019 12:00:00 AM,A,22350,False,1.0,US101 S/B,,,8/7/2019 8:01:39 AM,A,N,400.0,SR-87,F,,D,8/7/2019 8:02:17 AM,8/7/2019 8:02:17 AM,,True,2,,,,,,,
1046759,9340-2019-03440,1,False,9340,7/25/2019 10:00:00 AM,1000,089,1368,4313,San Jose,43,True,True,C,REAR END,,Thursday,Yes,False,,,False,True,False,Santa Clara Superior,C,OTHER MOTOR VEHICLE,,1,0,CLEAR,, NO UNUSUAL CONDITIONS,, ,A,DAYLIGHT,37.4272,-121.9167,,,,,A,NO PEDESTRIANS INVOLVED,7/25/2019 12:00:00 AM,A,22350,False,2.0,I-880 S/B,,,8/6/2019 9:10:31 PM,A,N,100.0,Calaveras Blvd,F,,D,8/6/2019 9:11:25 PM,8/6/2019 9:11:25 PM,,True,2,,,,,,,
1046739,9340-2019-03563,1,False,9340,8/1/2019 2:00:00 PM,1400,681,1368,4313,San Jose,43,True,True,F,OVERTURNED,,Thursday,Yes,False,,,False,True,True,Santa Clara Superior,A,NON-COLLISION,,1,0,CLEAR,, NO UNUSUAL CONDITIONS,, ,A,DAYLIGHT,37.346529,-121.843154,,,,,A,NO PEDESTRIANS INVOLVED,8/1/2019 12:00:00 AM,A,22350,False,1.0,I-680 SB ,,,8/6/2019 6:00:39 PM,A,N,1250.0,King Rd,F,,D,8/6/2019 6:01:34 PM,8/6/2019 6:01:34 PM,,True,2,,,,,,,
1046714,9340-2019-03553,1,False,9340,7/31/2019 9:15:00 PM,2115,120,1368,4313,San Jose,43,True,True,E,HIT OBJECT,,Wednesday,NotApplicable,False,,,False,True,True,Santa Clara Superior,I,FIXED OBJECT,METAL POST ,1,0,CLEAR,, NO UNUSUAL CONDITIONS,, ,D,DARK-NO STREET LIGHTS,37.3923,-122.0001,,,,,A,NO PEDESTRIANS INVOLVED,7/31/2019 12:00:00 AM,A,22107,False,1.0,US101 S/B,,,8/6/2019 4:48:35 PM,A,N,600.0,Lawrence Expy,F,,D,8/6/2019 4:49:58 PM,8/6/2019 4:49:58 PM,,True,2,,,,,,,
1046693,9340-2019-03520,1,False,9340,7/31/2019 12:20:00 AM,20,087,1368,4313,San Jose,43,True,True,F,OVERTURNED,,Wednesday,Yes,False,,,False,True,True,Santa Clara Superior,A,NON-COLLISION,,1,0,CLEAR,, NO UNUSUAL CONDITIONS,, ,C,DARK-STREET LIGHTS,37.26006,-121.85862,,,,,A,NO PEDESTRIANS INVOLVED,7/31/2019 12:00:00 AM,A,22107,False,1.0,SR-87 N/B,,,8/6/2019 4:13:33 PM,A,N,800.0,SR-85,F,,D,8/6/2019 4:14:40 PM,8/6/2019 4:14:40 PM,,True,2,,,,,,,
1046551,9340-2019-03509,1,False,9340,7/30/2019 8:00:00 AM,800,681,1368,4313,San Jose,43,True,True,C,REAR END,,Tuesday,NotApplicable,False,,,False,True,True,Santa Clara Superior,C,OTHER MOTOR VEHICLE,,0,0,CLEAR,, NO UNUSUAL CONDITIONS,, ,A,DAYLIGHT,37.3417,-121.849,,,,,A,NO PEDESTRIANS INVOLVED,7/30/2019 12:00:00 AM,A,22350,False,1.0,I-680 S/B,,,8/6/2019 2:26:37 PM,A,S,500.0,King Rd,F,,D,8/6/2019 2:27:09 PM,8/6/2019 2:27:09 PM,,True,2,,,,,,,
1046539,9340-2019-03505,1,False,9340,7/30/2019 8:38:00 AM,838,110,1368,4313,San Jose,43,True,True,B,SIDE SWIPE,,Tuesday,NotApplicable,False,,,False,True,False,Santa Clara Superior,C,OTHER MOTOR VEHICLE,,0,0,CLOUDY,, NO UNUSUAL CONDITIONS,, ,A,DAYLIGHT,37.29,-121.8094,,,,,A,NO PEDESTRIANS INVOLVED,7/30/2019 12:00:00 AM,A,21658(a),False,1.0,US101 N/B,,,8/6/2019 2:20:31 PM,A,S,1000.0,Yerba Buena Rd,F,,D,8/6/2019 2:21:48 PM,8/6/2019 2:21:48 PM,,True,2,,,,,,,
1046535,9340-2019-03502,1,False,9340,7/30/2019 9:10:00 AM,910,681,1368,4313,San Jose,43,True,True,C,REAR END,,Tuesday,NotApplicable,False,,,False,True,False,Santa Clara Superior,C,OTHER MOTOR VEHICLE,,0,0,CLEAR,, NO UNUSUAL CONDITIONS,, ,A,DAYLIGHT,37.3432,-121.8484,,,,,A,NO PEDESTRIANS INVOLVED,7/30/2019 12:00:00 AM,A,22350,False,1.0,SB I-680 FROM KING ROAD,,,8/6/2019 2:16:48 PM,A,S,120.0,KING ROAD,F,,D,8/6/2019 2:18:19 PM,8/6/2019 2:18:19 PM,,True,2,,,,,,,
1046513,9340-2019-03533,1,False,9340,7/31/2019 10:10:00 PM,2210,240,1368,4313,San Jose,43,True,True,C,REAR END,,Wednesday,NotApplicable,False,,,False,True,True,Santa Clara Superior,C,OTHER MOTOR VEHICLE,,0,0,CLEAR,, OBSTRUCTION ON ROADWAY*,, ,D,DARK-NO STREET LIGHTS,37.4204,-121.9391,,,,,A,NO PEDESTRIANS INVOLVED,7/31/2019 12:00:00 AM,A,22350,False,1.0,SR-237 W/B,,,8/6/2019 2:00:15 PM,A,W,25.0,Zanker Rd,F,,D,8/6/2019 2:01:18 PM,8/6/2019 2:01:18 PM,,True,2,,,,,,,
1046483,9340-2019-03512,1,False,9340,7/30/2019 4:34:00 PM,1634,110,1368,4313,San Jose,43,True,True,E,HIT OBJECT,,Tuesday,NotApplicable,False,,,False,True,True,Santa Clara Superior,I,FIXED OBJECT,CONCRETE CURB,0,0,CLEAR,, NO UNUSUAL CONDITIONS,, ,A,DAYLIGHT,37.28231,-121.810748,,,,,A,NO PEDESTRIANS INVOLVED,7/30/2019 12:00:00 AM,A,22350,False,1.0,Hellyer Ave w/b,,,8/6/2019 1:40:23 PM,A,E,20.0,US101 S/B,F,,D,8/6/2019 1:41:19 PM,8/6/2019 1:41:19 PM,,True,2,,,,,,,
1046366,9340-2019-03513,1,False,9340,7/30/2019 6:00:00 PM,1800,110,1368,4313,San Jose,43,True,True,C,REAR END,,Tuesday,Yes,False,,,False,True,True,Santa Clara Superior,C,OTHER MOTOR VEHICLE,,1,0,CLEAR,, NO UNUSUAL CONDITIONS,, ,A,DAYLIGHT,37.33701,-121.84965,,,,,A,NO PEDESTRIANS INVOLVED,7/30/2019 12:00:00 AM,A,22350,False,1.0,US101 S/B,,,8/6/2019 12:29:12 PM,A,N,506.0,Story Rd,F,,D,8/6/2019 12:30:12 PM,8/6/2019 12:30:12 PM,,True,2,,,,,,,
1046353,9340-2019-03514,1,False,9340,7/30/2019 7:08:00 PM,1908,120,1368,4313,San Jose,43,True,True,B,SIDE SWIPE,,Tuesday,NotApplicable,False,,,False,True,False,Santa Clara Superior,C,OTHER MOTOR VEHICLE,,0,0,CLEAR,, NO UNUSUAL CONDITIONS,, ,A,DAYLIGHT,37.364125,-121.902424,,,,,A,NO PEDESTRIANS INVOLVED,7/30/2019 12:00:00 AM,A,21658(a),False,1.0,US101 S/B,,,8/6/2019 12:19:36 PM,A,N,60.0,I-880,F,,D,8/6/2019 12:20:17 PM,8/6/2019 12:20:17 PM,,True,2,,,,,,,
1046043,9340-2019-03481,1,False,9340,7/29/2019 2:00:00 AM,200,282,1368,4313,San Jose,43,True,True,E,HIT OBJECT,,Monday,Yes,False,,,False,True,True,Santa Clara Superior,I,FIXED OBJECT,RAISED CONCRETE CURB,1,0,CLEAR,, NO UNUSUAL CONDITIONS,, ,C,DARK-STREET LIGHTS,37.3175,-121.97478,,,,,A,NO PEDESTRIANS INVOLVED,7/29/2019 12:00:00 AM,A,22350,False,1.0,I-280 N/B,,,8/6/2019 8:43:33 AM,A,N,290.0,Saratoga Ave,F,,D,8/6/2019 8:46:11 AM,8/6/2019 8:46:11 AM,,True,2,,,,,,,
1046033,9340-2019-03489,1,False,9340,7/29/2019 3:00:00 PM,1500,089,1368,4313,San Jose,43,True,True,C,REAR END,,Monday,NotApplicable,False,M,,False,True,False,Santa Clara Superior,C,OTHER MOTOR VEHICLE,,0,0,CLEAR,, NO UNUSUAL CONDITIONS,, ,A,DAYLIGHT,37.365149,-121.901598,,,,,A,NO PEDESTRIANS INVOLVED,7/29/2019 12:00:00 AM,A,22350,False,1.0,I-880 S/B,,,8/6/2019 8:37:25 AM,A,N,341.0,US101,F,,D,8/6/2019 8:38:54 AM,8/6/2019 8:38:54 AM,,True,2,,,,,,,
1045984,9340-2019-03486,1,False,9340,7/29/2019 8:55:00 AM,855,083,1368,4313,San Jose,43,True,True,B,SIDE SWIPE,,Monday,NotApplicable,False,,,False,True,False,Santa Clara Superior,C,OTHER MOTOR VEHICLE,,1,0,CLEAR,, NO UNUSUAL CONDITIONS,, ,A,DAYLIGHT,37.151677,-121.50408,,,,,A,NO PEDESTRIANS INVOLVED,7/29/2019 12:00:00 AM,A,21658(a),False,1.0,SR-85 N/B,,,8/6/2019 8:06:08 AM,A,N,2630.0,Blossom Hill Rd,F,,D,8/6/2019 8:06:47 AM,8/6/2019 8:06:47 AM,,True,2,,,,,,,
1045979,9340-2019-03477,1,False,9340,7/28/2019 3:55:00 PM,1555,110,1368,4313,San Jose,43,True,True,C,REAR END,,Sunday,NotApplicable,False,M,,False,True,False,Santa Clara Superior,C,OTHER MOTOR VEHICLE,,0,0,CLEAR,, NO UNUSUAL CONDITIONS,, ,A,DAYLIGHT,37.31798,-121.83305,,,,,A,NO PEDESTRIANS INVOLVED,7/28/2019 12:00:00 AM,A,22106,False,1.0,US-101 S/B TO TULLY RD. ,,,8/6/2019 8:00:46 AM,A,N,100.0,Tully Rd,F,,D,8/6/2019 8:01:24 AM,8/6/2019 8:01:24 AM,,True,2,,,,,,,
1045968,9340-2019-03447,1,False,9340,7/26/2019 6:40:00 AM,640,110,1368,4313,San Jose,43,True,True,F,OVERTURNED,,Friday,NotApplicable,False,,,False,True,True,Santa Clara Superior,A,NON-COLLISION,,1,0,CLEAR,, NO UNUSUAL CONDITIONS,, ,A,DAYLIGHT,37.34831,-121.86017,,,,,A,NO PEDESTRIANS INVOLVED,7/26/2019 12:00:00 AM,A,21658(a),False,1.0,US101 N/B,,,8/6/2019 7:50:24 AM,A,S,400.0,McKee Rd,F,,D,8/6/2019 7:51:24 AM,8/6/2019 7:51:24 AM,,True,2,,,,,,,
1045775,9340-2019-03501,1,False,9340,7/30/2019 8:12:00 AM,812,681,1368,4313,San Jose,43,True,True,B,SIDE SWIPE,,Tuesday,NotApplicable,False,M,,False,True,False,Santa Clara Superior,C,OTHER MOTOR VEHICLE,,0,0,CLEAR,, NO UNUSUAL CONDITIONS,, ,A,DAYLIGHT,37.3895,-121.8686,,,,,A,NO PEDESTRIANS INVOLVED,7/30/2019 12:00:00 AM,A,22107,False,1.0,I-680 S/B,,,8/5/2019 6:33:28 PM,A,N,2470.0,Berryessa Rd,F,,D,8/5/2019 6:34:29 PM,8/5/2019 6:34:29 PM,,True,2,,,,,,,
1045756,9340-2019-03430,1,False,9340,7/25/2019 5:40:00 PM,1740,281,1368,4313,San Jose,43,True,True,C,REAR END,,Thursday,NotApplicable,False,,,False,True,False,Santa Clara Superior,C,OTHER MOTOR VEHICLE,,0,0,CLEAR,, NO UNUSUAL CONDITIONS,, ,A,DAYLIGHT,37.18539,-121.54333,,,,,A,NO PEDESTRIANS INVOLVED,7/25/2019 12:00:00 AM,A,22350,False,1.0,I-280 S/B,,,8/5/2019 5:10:00 PM,A,S,500.0,Race St,F,,D,8/5/2019 5:10:32 PM,8/5/2019 5:10:32 PM,,True,2,,,,,,,
1045752,9340-2019-03482,1,False,9340,7/28/2019 1:20:00 AM,120,230,1368,4313,San Jose,43,True,True,B,SIDE SWIPE,,Sunday,NotApplicable,False,,,False,True,False,Santa Clara Superior,C,OTHER MOTOR VEHICLE,,0,0,CLEAR,, NO UNUSUAL CONDITIONS,, ,C,DARK-STREET LIGHTS,37.4185,-121.9702,,,,,A,NO PEDESTRIANS INVOLVED,7/28/2019 12:00:00 AM,A,22107,False,1.0,SR-237 E/B,,,8/5/2019 5:04:54 PM,A,E,500.0,LAFAYETTE ST.,F,,D,8/5/2019 5:05:28 PM,8/5/2019 5:05:28 PM,,True,2,,,,,,,
1045750,9340-2019-03418,1,False,9340,7/24/2019 2:46:00 PM,1446,281,1368,4313,San Jose,43,True,True,E,HIT OBJECT,,Wednesday,Yes,False,,,False,True,True,Santa Clara Superior,I,FIXED OBJECT,CONCRETE WALL,1,0,CLEAR,, NO UNUSUAL CONDITIONS,, ,A,DAYLIGHT,37.32269,-121.892156,,,,,A,NO PEDESTRIANS INVOLVED,7/24/2019 12:00:00 AM,A,22350,True,1.0,I-280 N/B to SR-87 S/B,,,8/5/2019 5:00:40 PM,A,S,1000.0,West Virginia St,F,,D,8/5/2019 5:02:09 PM,8/5/2019 5:02:09 PM,,True,2,,,,,,,
1045739,9340-2019-03404,1,False,9340,7/24/2019 5:54:00 AM,554,089,1368,4313,San Jose,43,True,True,F,OVERTURNED,,Wednesday,Yes,True,,,False,True,True,Santa Clara Superior,A,NON-COLLISION,,1,0,CLEAR,, NO UNUSUAL CONDITIONS,, ,B,DUSK-DAWN,37.4015,-121.9088,,,,,A,NO PEDESTRIANS INVOLVED,7/24/2019 12:00:00 AM,A,22350,False,1.0,I-880 N/B FROM MONTAGUE EXPY E/B ,,,8/5/2019 4:46:10 PM,A,S,20.0,MONTAGUE EXPY ,F,,D,8/5/2019 4:47:01 PM,8/5/2019 4:47:01 PM,,True,2,,,,,,,
1045721,9340-2019-03407,1,False,9340,7/24/2019 6:55:00 AM,655,281,1368,4313,San Jose,43,True,True,B,SIDE SWIPE,,Wednesday,NotApplicable,False,,,False,True,False,Santa Clara Superior,C,OTHER MOTOR VEHICLE,,0,0,CLEAR,, NO UNUSUAL CONDITIONS,, ,A,DAYLIGHT,37.3279,-121.8775,,,,,A,NO PEDESTRIANS INVOLVED,7/24/2019 12:00:00 AM,A,21658(a),False,1.0,I-280 N/B,,,8/5/2019 4:23:22 PM,A,N,100.0,7th Street,F,,D,8/5/2019 4:24:18 PM,8/5/2019 4:24:18 PM,,True,2,,,,,,,
1045697,9340-2019-03432,1,False,9340,7/25/2019 4:40:00 PM,1640,083,1368,4313,San Jose,43,True,True,B,SIDE SWIPE,,Thursday,Yes,False,,,False,True,True,Santa Clara Superior,C,OTHER MOTOR VEHICLE,,1,0,CLEAR,, NO UNUSUAL CONDITIONS,, ,A,DAYLIGHT,37.25066,-121.92979,,,,,A,NO PEDESTRIANS INVOLVED,7/25/2019 12:00:00 AM,A,21658(a),False,1.0,SR-85 S/B,,,8/5/2019 3:52:35 PM,A,S,400.0,Union Ave,F,,D,8/5/2019 3:57:11 PM,8/5/2019 3:57:11 PM,,True,2,,,,,,,
1045627,9340-2019-03421,1,False,9340,7/24/2019 9:20:00 PM,2120,087,1368,4313,San Jose,43,True,True,E,HIT OBJECT,,Wednesday,Yes,False,,,False,True,False,Santa Clara Superior,I,FIXED OBJECT,Concrete Center Divide,0,0,CLEAR,, NO UNUSUAL CONDITIONS,, ,D,DARK-NO STREET LIGHTS,37.328321,-121.894889,,,,,A,NO PEDESTRIANS INVOLVED,7/24/2019 12:00:00 AM,A,23152(a),True,1.0,SR-87 N/B,,,8/5/2019 2:59:52 PM,A,N,200.0,West San Carlos Street,F,,D,8/5/2019 3:02:21 PM,8/5/2019 3:02:21 PM,,True,2,,,,,,,
1045234,9340-2019-03484,1,False,9340,7/29/2019 7:45:00 AM,745,110,1368,4313,San Jose,43,True,True,C,REAR END,,Monday,NotApplicable,False,,,False,True,False,Santa Clara Superior,C,OTHER MOTOR VEHICLE,,0,0,CLEAR,, NO UNUSUAL CONDITIONS,, ,A,DAYLIGHT,37.359,-121.8718,,,,,A,NO PEDESTRIANS INVOLVED,7/29/2019 12:00:00 AM,A,22350,False,1.0,US101 N/B,,,8/5/2019 10:31:40 AM,A,N,2500.0,McKee Rd,F,,D,8/5/2019 10:32:17 AM,8/5/2019 10:32:17 AM,,True,2,,,,,,,
1045157,9340-2019-03503,1,False,9340,7/29/2019 5:30:00 PM,1730,110,1368,4313,San Jose,43,True,True,C,REAR END,,Monday,NotApplicable,False,,,False,True,False,Santa Clara Superior,C,OTHER MOTOR VEHICLE,,0,0,CLEAR,, NO UNUSUAL CONDITIONS,, ,A,DAYLIGHT,37.362717,-121.88787,,,,,A,NO PEDESTRIANS INVOLVED,7/29/2019 12:00:00 AM,A,22350,False,1.0,US-101 S/B,,,8/5/2019 9:49:43 AM,A,S,600.0,OAKLAND ROAD,F,,D,8/5/2019 9:50:29 AM,8/5/2019 9:50:29 AM,,True,2,,,,,,,
1044910,9725-2019-01206,1,False,9725,7/24/2019 4:00:00 PM,1600,013,1368,4313,San Jose,43,True,True,B,SIDE SWIPE,,Wednesday,NotApplicable,False,,,False,True,False,San Jose Superior,C,OTHER MOTOR VEHICLE,,0,0,CLEAR,, NO UNUSUAL CONDITIONS,, ,A,DAYLIGHT,37.2183,-121.7321,,,,,A,NO PEDESTRIANS INVOLVED,7/24/2019 12:00:00 AM,A,21658(a),False,1.0,US 101 S/B,,,8/5/2019 7:01:17 AM,A,N,0.25,Bailey Ave,M,,D,8/5/2019 7:02:00 AM,8/5/2019 7:02:00 AM,,True,2,,,,,,,
1044811,9340-2019-03465,1,False,9340,7/27/2019 3:40:00 AM,340,282,1368,4313,San Jose,43,True,True,B,SIDE SWIPE,,Saturday,NotApplicable,False,M,,False,True,True,Santa Clara Superior,C,OTHER MOTOR VEHICLE,,0,0,CLEAR,, NO UNUSUAL CONDITIONS,, ,D,DARK-NO STREET LIGHTS,37.3186,-121.9906,,,,,A,NO PEDESTRIANS INVOLVED,7/27/2019 12:00:00 AM,A,22107,False,1.0,I-280 N/B,,,8/4/2019 7:56:06 PM,A,S,1500.0,Lawrence Expy,F,,D,8/4/2019 7:57:52 PM,8/4/2019 7:57:52 PM,,True,2,,,,,,,
1044810,9340-2019-03468,1,False,9340,7/27/2019 5:35:00 AM,535,281,1368,4313,San Jose,43,True,True,C,REAR END,,Saturday,NotApplicable,False,,,False,True,True,Santa Clara Superior,C,OTHER MOTOR VEHICLE,,0,0,CLEAR,, NO UNUSUAL CONDITIONS,, ,B,DUSK-DAWN,37.31669,-121.92549,,,,,A,NO PEDESTRIANS INVOLVED,7/27/2019 12:00:00 AM,A,22350,False,1.0,I-280 S/B,,,8/4/2019 7:46:19 PM,A,S,300.0,Leland Ave,F,,D,8/4/2019 7:46:52 PM,8/4/2019 7:46:52 PM,,True,2,,,,,,,
1044809,9340-2019-03543,1,False,9340,7/27/2019 7:05:00 AM,705,089,1368,4313,San Jose,43,True,True,C,REAR END,,Saturday,NotApplicable,False,M,,False,True,True,Santa Clara Superior,C,OTHER MOTOR VEHICLE,,0,0,CLEAR,, NO UNUSUAL CONDITIONS,, ,A,DAYLIGHT,37.37698,-121.90341,,,,,A,NO PEDESTRIANS INVOLVED,7/27/2019 12:00:00 AM,A,22350,False,1.0,I-880 S/B,,,8/4/2019 7:33:10 PM,A,S,1910.0,Brokaw Rd,F,,D,8/4/2019 7:33:42 PM,8/4/2019 7:33:42 PM,,True,2,,,,,,,
1044808,9340-2019-03472,1,False,9340,7/27/2019 3:15:00 PM,1515,681,1368,4313,San Jose,43,True,True,B,SIDE SWIPE,,Saturday,NotApplicable,False,M,,False,True,True,Santa Clara Superior,C,OTHER MOTOR VEHICLE,,0,0,CLEAR,, NO UNUSUAL CONDITIONS,, ,A,DAYLIGHT,37.2144,-121.5033,,,,,A,NO PEDESTRIANS INVOLVED,7/27/2019 12:00:00 AM,A,21658(a),False,1.0,I-680 S/B,,,8/4/2019 7:04:49 PM,A,N,975.0,Alum Rock Ave,F,,D,8/4/2019 7:05:25 PM,8/4/2019 7:05:25 PM,,True,2,,,,,,,
1044807,9340-2019-03469,1,False,9340,7/27/2019 6:20:00 AM,620,088,1368,4313,San Jose,43,True,True,B,SIDE SWIPE,,Saturday,NotApplicable,False,,,False,True,True,Santa Clara Superior,C,OTHER MOTOR VEHICLE,,1,0,CLEAR,, NO UNUSUAL CONDITIONS,, ,A,DAYLIGHT,37.36242,-121.90327,,,,,A,NO PEDESTRIANS INVOLVED,7/27/2019 12:00:00 AM,A,21658(a),False,1.0,I-880 S/B,,,8/4/2019 6:48:10 PM,A,S,655.0,US-101,F,,D,8/4/2019 6:50:15 PM,8/4/2019 6:50:15 PM,,True,2,,,,,,,
1044805,9340-2019-03455,1,False,9340,7/26/2019 3:32:00 PM,1532,110,1368,4313,San Jose,43,True,True,C,REAR END,,Friday,Yes,False,,,False,True,True,Santa Clara Superior,C,OTHER MOTOR VEHICLE,,2,0,CLEAR,, NO UNUSUAL CONDITIONS,, ,A,DAYLIGHT,37.33479,-121.847585,,,,,A,NO PEDESTRIANS INVOLVED,7/26/2019 12:00:00 AM,A,22350,False,1.0,US101 S/B,,,8/4/2019 6:18:21 PM,A,S,400.0,Story Rd,F,,D,8/4/2019 6:19:33 PM,8/4/2019 6:19:33 PM,,True,2,,,,,,,
1044804,9340-2019-03459,1,False,9340,7/26/2019 5:45:00 PM,1745,120,1368,4313,San Jose,43,True,True,F,OVERTURNED,,Friday,NotApplicable,False,M,,False,True,False,Santa Clara Superior,A,NON-COLLISION,,1,0,CLEAR,, NO UNUSUAL CONDITIONS,, ,A,DAYLIGHT,37.377652,-121.94587,,,,,A,NO PEDESTRIANS INVOLVED,7/25/2019 12:00:00 AM,A,21658(a),False,1.0,US101 N/B,,,8/4/2019 5:56:17 PM,A,N,1200.0,De la Cruz Blvd,F,,D,8/4/2019 5:57:14 PM,8/4/2019 5:57:14 PM,,True,2,,,,,,,
1044802,9340-2019-03451,1,False,9340,7/26/2019 3:30:00 PM,1530,083,1368,4313,San Jose,43,True,True,B,SIDE SWIPE,,Friday,NotApplicable,False,,,False,True,False,Santa Clara Superior,C,OTHER MOTOR VEHICLE,,0,0,CLEAR,, NO UNUSUAL CONDITIONS,, ,A,DAYLIGHT,37.2504,-121.9289,,,,,A,NO PEDESTRIANS INVOLVED,7/26/2019 12:00:00 AM,A,22107,False,1.0,SR-85 SOUTHBOUND,,,8/4/2019 5:28:15 PM,A,S,400.0,Union Ave,F,,D,8/4/2019 5:28:48 PM,8/4/2019 5:28:48 PM,,True,2,,,,,,,
1044801,9340-2019-03452,1,False,9340,7/26/2019 8:05:00 PM,2005,087,1368,4313,San Jose,43,True,True,E,HIT OBJECT,,Friday,NotApplicable,False,,,False,True,False,Santa Clara Superior,J,OTHER OBJECT,Bumper,0,0,CLEAR,, NO UNUSUAL CONDITIONS,, ,A,DAYLIGHT,37.2708,-121.8613,,,,,A,NO PEDESTRIANS INVOLVED,7/26/2019 12:00:00 AM,C,,,,SR-87 N/B,,,8/4/2019 5:08:36 PM,A,S,1000.0,Capitol Expy,F,,D,8/4/2019 5:09:27 PM,8/4/2019 5:09:27 PM,,True,2,,,,,,,
1044799,9340-2019-03454,1,False,9340,7/26/2019 7:10:00 PM,1910,681,1368,4313,San Jose,43,True,True,C,REAR END,,Friday,NotApplicable,False,,,False,True,True,Santa Clara Superior,C,OTHER MOTOR VEHICLE,,0,0,CLEAR,, NO UNUSUAL CONDITIONS,, ,A,DAYLIGHT,37.2148,-121.5036,,,,,A,NO PEDESTRIANS INVOLVED,7/26/2019 12:00:00 AM,A,22350,False,1.0,I-680 S/B,,,8/4/2019 4:56:13 PM,A,S,1480.0,McKee Rd,F,,D,8/4/2019 4:58:44 PM,8/4/2019 4:58:44 PM,,True,2,,,,,,,
1044793,9340-2019-03453,1,False,9340,7/26/2019 9:08:00 PM,2108,681,1368,4313,San Jose,43,True,True,C,REAR END,,Friday,NotApplicable,False,,,False,True,False,Santa Clara Superior,C,OTHER MOTOR VEHICLE,,0,0,CLEAR,, NO UNUSUAL CONDITIONS,, ,D,DARK-NO STREET LIGHTS,37.359978,-121.841432,,,,,A,NO PEDESTRIANS INVOLVED,7/26/2019 12:00:00 AM,A,22350,False,1.0,I-680 S/B,,,8/4/2019 4:20:24 PM,A,N,100.0,Alum Rock Ave,F,,D,8/4/2019 4:21:14 PM,8/4/2019 4:21:14 PM,,True,2,,,,,,,
1044792,9340-2019-03460,1,False,9340,7/26/2019 3:20:00 PM,1520,110,1368,4313,San Jose,43,True,True,C,REAR END,,Friday,NotApplicable,False,,,False,True,True,Santa Clara Superior,C,OTHER MOTOR VEHICLE,,1,0,CLEAR,, NO UNUSUAL CONDITIONS,, ,A,DAYLIGHT,37.340756,-121.853307,,,,,A,NO PEDESTRIANS INVOLVED,7/26/2019 12:00:00 AM,A,22350,True,1.0,US101 S/B,,,8/4/2019 3:59:55 PM,A,N,400.0,I-280,F,,D,8/4/2019 4:01:08 PM,8/4/2019 4:01:08 PM,,True,2,,,,,,,