Collision Id,	Report Number,	Report Version,	Is Preliminary,	NCIC Code,Crash Date Time,	Crash Time Description,	Beat,City Id,	City Code,	City Name,County Code,	City Is Active,	City Is Incorporated,	Collision Type Code,Collision Type Description,	Collision Type Other Desc,	Day Of Week,	DispatchNotified,	HasPhotographs,	HitRun,	IsAttachmentsMailed,	IsDeleted,	IsHighwayRelated,	IsTowAway,	JudicialDistrict,	MotorVehicleInvolvedWithCode,	MotorVehicleInvolvedWithDesc,MotorVehicleInvolvedWithOtherDesc,	NumberInjured,	NumberKilled,Weather 1, Weather 2, Road Condition 1, Road Condition 2, Special Condition,LightingCode, LightingDescription,Latitude,Longitude,MilepostDirection,MilepostDistance,MilepostMarker,MilepostUnitOfMeasure,	PedestrianActionCode,PedestrianActionDesc,PreparedDate,	Primary Collision Factor Code,Primary Collision Factor Violation,PrimaryCollisionFactorIsCited,	PrimaryCollisionPartyNumber,	PrimaryRoad,	ReportingDistrict,	ReportingDistrictCode,ReviewedDate,	RoadwaySurfaceCode,SecondaryDirection,	SecondaryDistance,	SecondaryRoad,	SecondaryUnitOfMeasure,	SketchDesc,	TrafficControlDeviceCode,CreatedDate,	ModifiedDate,IsCountyRoad,IsFreeway,CHP555Version,	IsAdditonalObjectStruck,NotificationDate,	NotificationTimeDescription,	HasDigitalMediaFiles,	EvidenceNumber,	IsLocationReferToNarrative,	IsAOIOneSameAsLocation
1040492,9340-2019-03483,1,False,9340,7/29/2019 12:25:00 AM,25,281,1368,4313,San Jose,43,True,True,E,HIT OBJECT,,Monday,Yes,False,,,False,True,True,Santa Clara Superior,I,FIXED OBJECT,Concrete barrier,2,0,CLEAR,, NO UNUSUAL CONDITIONS,, ,C,DARK-STREET LIGHTS,37.33717,-121.85602,,,,,A,NO PEDESTRIANS INVOLVED,7/29/2019 12:00:00 AM,A,23152(a),True,1.0,I-280 S/B,,,7/29/2019 9:44:27 AM,A,S,200.0,McLaughlin Ave,F,,D,7/29/2019 9:45:38 AM,7/29/2019 9:45:38 AM,,True,2,,,,,,,
1040437,9340-2019-03262,1,False,9340,7/17/2019 8:40:00 AM,840,083,1368,4313,San Jose,43,True,True,C,REAR END,,Wednesday,NotApplicable,False,M,,False,True,False,Santa Clara Superior,C,OTHER MOTOR VEHICLE,,0,0,CLEAR,, NO UNUSUAL CONDITIONS,, ,A,DAYLIGHT,37.2501,-121.9054,,,,,A,NO PEDESTRIANS INVOLVED,7/17/2019 12:00:00 AM,A,22350,False,1.0,SR-85 N/B,,,7/29/2019 9:09:17 AM,A,S,500.0,Camden Ave,F,,D,7/29/2019 9:09:53 AM,7/29/2019 9:09:53 AM,,True,2,,,,,,,
1040402,9340-2019-03286,1,False,9340,7/17/2019 4:20:00 PM,1620,110,1368,4313,San Jose,43,True,True,C,REAR END,,Wednesday,NotApplicable,False,,,False,True,False,Santa Clara Superior,C,OTHER MOTOR VEHICLE,,0,0,CLEAR,, NO UNUSUAL CONDITIONS,, ,A,DAYLIGHT,37.333266,-121.846533,,,,,A,NO PEDESTRIANS INVOLVED,7/17/2019 12:00:00 AM,A,22350,False,1.0,I-680 S/B TO US-101 SB,,,7/29/2019 8:41:21 AM,A,S,1000.0,Story Rd,F,,D,7/29/2019 8:42:18 AM,7/29/2019 8:42:18 AM,,True,2,,,,,,,
1040399,9340-2019-03344,1,False,9340,7/20/2019 11:37:00 PM,2337,110,1368,4313,San Jose,43,True,True,E,HIT OBJECT,,Saturday,Yes,False,M,,False,True,True,Santa Clara Superior,I,FIXED OBJECT,GUARD RAIL,0,0,CLEAR,, NO UNUSUAL CONDITIONS,, ,D,DARK-NO STREET LIGHTS,37.258935,-121.79813,,,,,A,NO PEDESTRIANS INVOLVED,7/20/2019 12:00:00 AM,A,23152(a),True,1.0,US101 N/B,,,7/29/2019 8:37:37 AM,A,N,750.0,Blossom Hill Rd,F,,D,7/29/2019 8:38:40 AM,7/29/2019 8:38:40 AM,,True,2,,,,,,,
1040395,9340-2019-03289,1,False,9340,7/17/2019 10:40:00 AM,1040,281,1368,4313,San Jose,43,True,True,C,REAR END,,Wednesday,NotApplicable,False,,,False,True,True,Santa Clara Superior,C,OTHER MOTOR VEHICLE,,1,0,CLEAR,, NO UNUSUAL CONDITIONS,, ,A,DAYLIGHT,37.32097,-121.90348,,,,,A,NO PEDESTRIANS INVOLVED,7/17/2019 12:00:00 AM,A,21703,False,1.0,I-280 N/B,,,7/29/2019 8:34:09 AM,A,N,600.0,Bird Ave,F,,D,7/29/2019 8:34:52 AM,7/29/2019 8:34:52 AM,,True,2,,,,,,,
1040362,9340-2019-03271,2,False,9340,7/17/2019 8:05:00 AM,805,281,1368,4313,San Jose,43,True,True,C,REAR END,,Wednesday,NotApplicable,False,,,False,True,True,Santa Clara Superior,D,MOTOR VEHICLE ON OTHER ROADWAY,,2,0,CLEAR,, NO UNUSUAL CONDITIONS,, ,A,DAYLIGHT,37.317026,-121.928075,,,,,A,NO PEDESTRIANS INVOLVED,7/17/2019 12:00:00 AM,A,22350,False,1.0,I-280 N/B,,,8/5/2019 2:22:36 PM,A,N,350.0,Leland Ave,F,,D,7/29/2019 8:18:43 AM,8/5/2019 2:22:43 PM,,True,2,,,,,,,
1040353,9340-2019-03266,1,False,9340,7/17/2019 8:35:00 AM,835,281,1368,4313,San Jose,43,True,True,B,SIDE SWIPE,,Wednesday,NotApplicable,False,,,False,True,False,Santa Clara Superior,C,OTHER MOTOR VEHICLE,,0,0,CLEAR,, NO UNUSUAL CONDITIONS,, ,A,DAYLIGHT,37.3272,-121.881,,,,,A,NO PEDESTRIANS INVOLVED,7/17/2019 12:00:00 AM,A,21658(a),False,1.0,I-280 N/B,,,7/29/2019 8:09:22 AM,A,N,100.0,4th St,F,,D,7/29/2019 8:10:41 AM,7/29/2019 8:10:41 AM,,True,2,,,,,,,
1040349,9340-2019-03269,1,False,9340,7/17/2019 1:00:00 PM,1300,120,1368,4313,San Jose,43,True,True,E,HIT OBJECT,,Wednesday,NotApplicable,False,,,False,True,False,Santa Clara Superior,J,OTHER OBJECT,WOOD DEBRIS,0,0,CLEAR,, NO UNUSUAL CONDITIONS,, ,A,DAYLIGHT,37.386164,-121.978769,,,,,A,NO PEDESTRIANS INVOLVED,7/17/2019 12:00:00 AM,A,24002(a),False,1.0,US-101 S/B,,,7/29/2019 8:07:35 AM,A,N,200.0,Great America Pky,F,,D,7/29/2019 8:08:08 AM,7/29/2019 8:08:08 AM,,True,2,,,,,,,
1040344,9340-2019-03279,1,False,9340,7/17/2019 4:15:00 PM,1615,681,1368,4313,San Jose,43,True,True,B,SIDE SWIPE,,Wednesday,NotApplicable,False,,,False,True,False,Santa Clara Superior,C,OTHER MOTOR VEHICLE,,0,0,CLEAR,, NO UNUSUAL CONDITIONS,, ,A,DAYLIGHT,37.40489,-121.87761,,,,,A,NO PEDESTRIANS INVOLVED,7/17/2019 12:00:00 AM,A,21658(a),False,1.0,I-680 S/B,,,7/29/2019 8:02:09 AM,A,S,200.0,Cropley Ave,F,,D,7/29/2019 8:03:29 AM,7/29/2019 8:03:29 AM,,True,2,,,,,,,
1040343,9340-2019-03260,1,False,9340,7/17/2019 2:40:00 AM,240,110,1368,4313,San Jose,43,True,True,E,HIT OBJECT,,Wednesday,NotApplicable,False,,,False,True,True,Santa Clara Superior,I,FIXED OBJECT,ATTENUATOR BARRELS,0,0,CLEAR,, NO UNUSUAL CONDITIONS,, ,D,DARK-NO STREET LIGHTS,37.33748,-121.8491,,,,,A,NO PEDESTRIANS INVOLVED,7/17/2019 12:00:00 AM,A,22107,False,1.0,US-101 N/B TO I-280/1-680,,,7/29/2019 8:01:11 AM,A,N,300.0,Story Rd,F,,D,7/29/2019 8:01:46 AM,7/29/2019 8:01:46 AM,,True,2,,,,,,,
1040239,9340-2019-03352,1,False,9340,7/21/2019 2:30:00 PM,1430,281,1368,4313,San Jose,43,True,True,B,SIDE SWIPE,,Sunday,NotApplicable,False,M,,False,True,False,Santa Clara Superior,C,OTHER MOTOR VEHICLE,,0,0,CLEAR,, NO UNUSUAL CONDITIONS,, ,A,DAYLIGHT,37.3319,-121.8649,,,,,A,NO PEDESTRIANS INVOLVED,7/21/2019 12:00:00 AM,A,21658(a),False,1.0,I-280 N/B,,,7/28/2019 10:19:25 PM,A,S,2000.0,11th St,F,,D,7/28/2019 10:19:59 PM,7/28/2019 10:19:59 PM,,True,2,,,,,,,
1040238,9340-2019-03354,1,False,9340,7/21/2019 2:50:00 PM,1450,281,1368,4313,San Jose,43,True,True,B,SIDE SWIPE,,Sunday,NotApplicable,False,M,,False,True,False,Santa Clara Superior,C,OTHER MOTOR VEHICLE,,0,0,CLEAR,, NO UNUSUAL CONDITIONS,, ,A,DAYLIGHT,37.3189,-121.8902,,,,,A,NO PEDESTRIANS INVOLVED,7/21/2019 12:00:00 AM,A,21658(a),False,1.0,I-280 to SR-87 S/B,,,7/28/2019 10:17:02 PM,A,S,400.0,Virgina St.,F,,D,7/28/2019 10:17:40 PM,7/28/2019 10:17:40 PM,,True,2,,,,,,,
1040237,9340-2019-03339,1,False,9340,7/20/2019 6:00:00 PM,1800,281,1368,4313,San Jose,43,True,True,C,REAR END,,Saturday,NotApplicable,False,M,,False,True,False,Santa Clara Superior,C,OTHER MOTOR VEHICLE,,0,0,CLEAR,, NO UNUSUAL CONDITIONS,, ,A,DAYLIGHT,37.3359,-121.857,,,,,A,NO PEDESTRIANS INVOLVED,7/20/2019 12:00:00 AM,A,22350,False,1.0,I-680 S/B to McLaughlin Ave,,,7/28/2019 10:15:18 PM,A,N,10.0,McLaughlin Ave,F,,A,7/28/2019 10:16:12 PM,7/28/2019 10:16:12 PM,,True,2,,,,,,,
1040236,9340-2019-03327,1,False,9340,7/19/2019 4:45:00 PM,1645,089,1368,4313,San Jose,43,True,True,F,OVERTURNED,,Friday,NotApplicable,False,,,False,True,True,Santa Clara Superior,A,NON-COLLISION,,1,0,CLEAR,, NO UNUSUAL CONDITIONS,, ,A,DAYLIGHT,37.407895,-121.910555,,,,,A,NO PEDESTRIANS INVOLVED,7/19/2019 12:00:00 AM,D,,,,I-880 S/B,,,7/28/2019 10:13:18 PM,A,N,2000.0,Montague Expy,F,,D,7/28/2019 10:14:07 PM,7/28/2019 10:14:07 PM,,True,2,,,,,,,
1040235,9340-2019-03340,1,False,9340,7/20/2019 6:50:00 PM,1850,681,1368,4313,San Jose,43,True,True,E,HIT OBJECT,,Saturday,Yes,False,,,False,True,True,Santa Clara Superior,I,FIXED OBJECT,DIRT EMBANKMENT,0,0,CLEAR,, NO UNUSUAL CONDITIONS,, ,A,DAYLIGHT,37.228,-121.5047,,,,,A,NO PEDESTRIANS INVOLVED,7/20/2019 12:00:00 AM,A,23152(a),True,1.0,I-680 N/B TO MCKEE ROAD,,,7/28/2019 10:06:17 PM,A,N,240.0,MCKEE ROAD,F,,D,7/28/2019 10:07:08 PM,7/28/2019 10:07:08 PM,,True,2,,,,,,,
1040233,9340-2019-03338,1,False,9340,7/20/2019 5:50:00 PM,1750,120,1368,4313,San Jose,43,True,True,C,REAR END,,Saturday,NotApplicable,False,,,False,True,False,Santa Clara Superior,C,OTHER MOTOR VEHICLE,,0,0,CLEAR,, NO UNUSUAL CONDITIONS,, ,A,DAYLIGHT,37.363363,-121.893312,,,,,A,NO PEDESTRIANS INVOLVED,7/20/2019 12:00:00 AM,A,22350,False,1.0,US101 N/B,,,7/28/2019 9:19:00 PM,A,N,500.0,Oakland Rd,F,,D,7/28/2019 9:19:52 PM,7/28/2019 9:19:52 PM,,True,2,,,,,,,
1040232,9340-2019-03333,1,False,9340,7/19/2019 3:50:00 PM,1550,087,1368,4313,San Jose,43,True,True,B,SIDE SWIPE,,Friday,NotApplicable,False,,,False,True,True,Santa Clara Superior,C,OTHER MOTOR VEHICLE,,2,0,CLEAR,, NO UNUSUAL CONDITIONS,, ,A,DAYLIGHT,37.332366,-121.897184,,,,,A,NO PEDESTRIANS INVOLVED,7/19/2019 12:00:00 AM,A,22107,False,1.0,SR-87 S/B,,,7/28/2019 9:15:14 PM,A,N,200.0,Santa Clara St,F,,D,7/28/2019 9:16:09 PM,7/28/2019 9:16:09 PM,,True,2,,,,,,,
1040230,9340-2019-03353,1,False,9340,7/21/2019 4:20:00 PM,1620,681,1368,4313,San Jose,43,True,True,B,SIDE SWIPE,,Sunday,NotApplicable,False,,,False,True,False,Santa Clara Superior,C,OTHER MOTOR VEHICLE,,0,0,CLEAR,, NO UNUSUAL CONDITIONS,, ,A,DAYLIGHT,37.211,-121.5018,,,,,A,NO PEDESTRIANS INVOLVED,7/21/2019 12:00:00 AM,A,21658(a),False,,I-680 N/B,,,7/28/2019 9:10:03 PM,A,S,760.0,Jackson Ave,F,,D,7/28/2019 9:10:41 PM,7/28/2019 9:10:41 PM,,True,2,,,,,,,
1040226,9340-2019-03322,1,False,9340,7/19/2019 3:07:00 PM,1507,281,1368,4313,San Jose,43,True,True,C,REAR END,,Friday,NotApplicable,False,,,False,True,False,Santa Clara Superior,C,OTHER MOTOR VEHICLE,,0,0,CLEAR,, NO UNUSUAL CONDITIONS,, ,A,DAYLIGHT,37.185,-121.5455,,,,,A,NO PEDESTRIANS INVOLVED,7/19/2019 12:00:00 AM,A,22350,False,1.0,I-280 S/B TO MERIDIAN AVENUE,,,7/28/2019 8:03:54 PM,A,N,185.0,Meridian Ave,F,,D,7/28/2019 8:05:03 PM,7/28/2019 8:05:03 PM,,True,2,,,,,,,
1040225,9340-2019-03324,1,False,9340,7/19/2019 1:20:00 PM,1320,088,1368,4313,San Jose,43,True,True,E,HIT OBJECT,,Friday,NotApplicable,False,,,False,True,True,Santa Clara Superior,I,FIXED OBJECT,Concrete Barrier,0,0,CLEAR,, NO UNUSUAL CONDITIONS,, ,A,DAYLIGHT,37.348742,-121.918353,,,,,A,NO PEDESTRIANS INVOLVED,7/19/2019 12:00:00 AM,A,22107,False,1.0,I-880 S/B,,,7/28/2019 7:58:11 PM,A,S,30.0,Coleman Ave,F,,D,7/28/2019 7:58:46 PM,7/28/2019 7:58:46 PM,,True,2,,,,,,,
1040224,9340-2019-03326,1,False,9340,7/19/2019 3:30:00 PM,1530,681,1368,4313,San Jose,43,True,True,C,REAR END,,Friday,NotApplicable,False,,,False,True,False,Santa Clara Superior,C,OTHER MOTOR VEHICLE,,0,0,CLEAR,, NO UNUSUAL CONDITIONS,, ,A,DAYLIGHT,37.3848,-121.8631,,,,,A,NO PEDESTRIANS INVOLVED,7/19/2019 12:00:00 AM,A,22350,False,1.0,I-680 N/B,,,7/28/2019 7:54:18 PM,A,N,100.0,Berryessa Rd,F,,D,7/28/2019 7:55:26 PM,7/28/2019 7:55:26 PM,,True,2,,,,,,,
1040223,9340-2019-03325,1,False,9340,7/19/2019 3:00:00 PM,1500,681,1368,4313,San Jose,43,True,True,C,REAR END,,Friday,NotApplicable,False,,,False,True,True,Santa Clara Superior,C,OTHER MOTOR VEHICLE,,2,0,CLEAR,, NO UNUSUAL CONDITIONS,, ,A,DAYLIGHT,37.3631,-121.8432,,,,,A,NO PEDESTRIANS INVOLVED,7/19/2019 12:00:00 AM,A,22350,False,1.0,I-680 S/B,,,7/28/2019 7:46:33 PM,A,N,700.0,Alum Rock Ave,F,,D,7/28/2019 7:47:28 PM,7/28/2019 7:47:28 PM,,True,2,,,,,,,
1040204,9340-2019-03299,1,False,9340,7/18/2019 3:00:00 PM,1500,281,1368,4313,San Jose,43,True,True,B,SIDE SWIPE,,Thursday,NotApplicable,False,,,False,True,False,Santa Clara Superior,C,OTHER MOTOR VEHICLE,,0,0,CLEAR,, NO UNUSUAL CONDITIONS,, ,A,DAYLIGHT,37.315912,-121.916539,,,,,A,NO PEDESTRIANS INVOLVED,7/18/2019 12:00:00 AM,A,21658(a),False,1.0,I-280 S/B,,,7/28/2019 5:54:55 PM,A,N,500.0,Meridian Ave,F,,D,7/28/2019 5:55:52 PM,7/28/2019 5:55:52 PM,,True,2,,,,,,,
1040199,9340-2019-03379,1,False,9340,7/22/2019 6:00:00 PM,1800,083,1368,4313,San Jose,43,True,True,B,SIDE SWIPE,,Monday,NotApplicable,False,M,,False,True,False,Santa Clara Superior,C,OTHER MOTOR VEHICLE,,0,0,CLEAR,, NO UNUSUAL CONDITIONS,, ,A,DAYLIGHT,37.243149,-121.815253,,,,,A,NO PEDESTRIANS INVOLVED,7/22/2019 12:00:00 AM,A,21658(a),False,1.0,SR-85 S/B,,,7/28/2019 5:29:30 PM,A,N,3240.0,Cottle Rd,F,,D,7/28/2019 5:31:17 PM,7/28/2019 5:31:17 PM,,True,2,,,,,,,
1040197,9340-2019-03380,1,False,9340,7/22/2019 6:30:00 PM,1830,083,1368,4313,San Jose,43,True,True,B,SIDE SWIPE,,Monday,NotApplicable,False,M,,False,True,True,Santa Clara Superior,C,OTHER MOTOR VEHICLE,,0,0,CLEAR,, NO UNUSUAL CONDITIONS,, ,A,DAYLIGHT,37.252169,-121.887078,,,,,A,NO PEDESTRIANS INVOLVED,7/22/2019 12:00:00 AM,A,21658(a),False,1.0,SR-85 S/B,,,7/28/2019 5:22:01 PM,A,S,2450.0,Camden Ave,F,,D,7/28/2019 5:22:40 PM,7/28/2019 5:22:40 PM,,True,2,,,,,,,
1040183,9340-2019-03342,1,False,9340,7/20/2019 1:40:00 PM,1340,230,1368,4313,San Jose,43,True,True,C,REAR END,,Saturday,NotApplicable,False,,,False,True,False,Santa Clara Superior,C,OTHER MOTOR VEHICLE,,0,0,CLEAR,, NO UNUSUAL CONDITIONS,, ,A,DAYLIGHT,37.419888,-121.960133,,,,,A,NO PEDESTRIANS INVOLVED,7/20/2019 12:00:00 AM,A,22106,False,1.0,SR-237 W/B to N. First St.,,,7/28/2019 4:29:36 PM,A,E,16.0,N. First St.,F,,A,7/28/2019 4:30:39 PM,7/28/2019 4:30:39 PM,,True,2,,,,,,,
1040182,9340-2019-03305,1,False,9340,7/18/2019 8:54:00 PM,2054,110,1368,4313,San Jose,43,True,True,C,REAR END,,Thursday,NotApplicable,False,,,False,True,True,Santa Clara Superior,C,OTHER MOTOR VEHICLE,,0,0,CLEAR,, NO UNUSUAL CONDITIONS,, ,C,DARK-STREET LIGHTS,37.278427,-121.806459,,,,,A,NO PEDESTRIANS INVOLVED,7/18/2019 12:00:00 AM,A,22350,False,1.0,US101 S/B,,,7/28/2019 4:13:05 PM,A,S,1360.0,Hellyer Ave,F,,D,7/28/2019 4:14:02 PM,7/28/2019 4:14:02 PM,,True,2,,,,,,,
1040181,9340-2019-03306,1,False,9340,7/18/2019 7:20:00 PM,1920,110,1368,4313,San Jose,43,True,True,C,REAR END,,Thursday,NotApplicable,False,,,False,True,False,Santa Clara Superior,C,OTHER MOTOR VEHICLE,,0,0,CLEAR,, NO UNUSUAL CONDITIONS,, ,A,DAYLIGHT,37.305044,-121.819046,,,,,A,NO PEDESTRIANS INVOLVED,7/18/2019 12:00:00 AM,A,22350,False,,US101 S/B to Capitol Expy,,,7/28/2019 4:05:09 PM,A,N,960.0,Capitol Expy,F,,D,7/28/2019 4:05:58 PM,7/28/2019 4:05:58 PM,,True,2,,,,,,,
1040176,9340-2019-03307,1,False,9340,7/18/2019 5:45:00 PM,1745,120,1368,4313,San Jose,43,True,True,C,REAR END,,Thursday,NotApplicable,False,,,False,True,False,Santa Clara Superior,C,OTHER MOTOR VEHICLE,,1,0,CLEAR,, NO UNUSUAL CONDITIONS,, ,A,DAYLIGHT,37.375709,-121.940799,,,,,A,NO PEDESTRIANS INVOLVED,7/18/2019 12:00:00 AM,A,22350,False,1.0,US101 S/B from De la Cruz Blvd.,,,7/28/2019 3:45:50 PM,A,S,568.0,De la Cruz Blvd,F,,D,7/28/2019 3:46:43 PM,7/28/2019 3:46:43 PM,,True,2,,,,,,,
1040171,9340-2019-03426,1,False,9340,7/25/2019 1:45:00 PM,1345,281,1368,4313,San Jose,43,True,True,C,REAR END,,Thursday,NotApplicable,False,,,False,True,False,Santa Clara Superior,C,OTHER MOTOR VEHICLE,,0,0,CLEAR,, NO UNUSUAL CONDITIONS,, ,A,DAYLIGHT,37.3263,-121.8826,,,,,A,NO PEDESTRIANS INVOLVED,7/25/2019 12:00:00 AM,A,22350,False,1.0,I-280 SOUTHBOUND,,,7/28/2019 3:13:36 PM,A,N,1250.0,7th St,F,,D,7/28/2019 3:14:13 PM,7/28/2019 3:14:13 PM,,True,2,,,,,,,
1040163,9340-2019-03296,1,False,9340,7/18/2019 3:25:00 PM,1525,087,1368,4313,San Jose,43,True,True,C,REAR END,,Thursday,NotApplicable,False,,,False,True,False,Santa Clara Superior,C,OTHER MOTOR VEHICLE,,0,0,CLEAR,, NO UNUSUAL CONDITIONS,, ,A,DAYLIGHT,37.3136,-121.8865,,,,,A,NO PEDESTRIANS INVOLVED,7/18/2019 12:00:00 AM,A,22350,False,1.0,SR-87 SOUTHBOUND,,,7/28/2019 2:31:36 PM,A,N,2000.0,Alma Ave,F,,D,7/28/2019 2:32:15 PM,7/28/2019 2:32:15 PM,,True,2,,,,,,,
1040161,9340-2019-03297,1,False,9340,7/18/2019 4:00:00 PM,1600,087,1368,4313,San Jose,43,True,True,C,REAR END,,Thursday,NotApplicable,False,,,False,True,True,Santa Clara Superior,C,OTHER MOTOR VEHICLE,,1,0,CLEAR,, NO UNUSUAL CONDITIONS,, ,A,DAYLIGHT,37.2902,-121.8714,,,,,A,NO PEDESTRIANS INVOLVED,7/18/2019 12:00:00 AM,A,22350,False,1.0,SR-87 SOUTHBOUND,,,7/28/2019 2:23:48 PM,A,S,1500.0,Curtner Ave,F,,D,7/28/2019 2:24:50 PM,7/28/2019 2:24:50 PM,,True,2,,,,,,,
1039720,9340-2019-03268,1,False,9340,7/17/2019 11:00:00 AM,1100,120,1368,4313,San Jose,43,True,True,B,SIDE SWIPE,,Wednesday,NotApplicable,False,M,,False,True,False,Santa Clara Superior,C,OTHER MOTOR VEHICLE,,0,0,CLEAR,, NO UNUSUAL CONDITIONS,, ,A,DAYLIGHT,37.3628,-121.893,,,,,A,NO PEDESTRIANS INVOLVED,7/17/2019 12:00:00 AM,A,21658(a),False,1.0,US-101 S/B ,,,7/26/2019 3:21:48 PM,A,N,300.0,13th St,F,,D,7/26/2019 3:22:25 PM,7/26/2019 3:22:25 PM,,True,2,,,,,,,
1039708,9340-2019-03265,1,False,9340,7/17/2019 7:50:00 AM,750,681,1368,4313,San Jose,43,True,True,C,REAR END,,Wednesday,Yes,False,,,False,True,True,Santa Clara Superior,C,OTHER MOTOR VEHICLE,,1,0,CLEAR,, NO UNUSUAL CONDITIONS,, ,A,DAYLIGHT,37.2037,-121.5045,,,,,A,NO PEDESTRIANS INVOLVED,7/17/2019 12:00:00 AM,A,22350,False,1.0,I-680 S/B,,,7/26/2019 3:10:20 PM,A,N,750.0,US-101,F,,D,7/26/2019 3:11:11 PM,7/26/2019 3:11:11 PM,,True,2,,,,,,,
1039678,9340-2019-03267,1,False,9340,7/17/2019 12:55:00 PM,1255,087,1368,4313,San Jose,43,True,True,B,SIDE SWIPE,,Wednesday,NotApplicable,False,,,False,True,False,Santa Clara Superior,C,OTHER MOTOR VEHICLE,,0,0,CLEAR,, NO UNUSUAL CONDITIONS,, ,A,DAYLIGHT,37.314931,-121.887463,,,,,A,NO PEDESTRIANS INVOLVED,7/17/2019 12:00:00 AM,A,21658(a),False,1.0,SR-87 N/B,,,7/26/2019 2:24:01 PM,A,N,750.0,Alma Ave,F,,D,7/26/2019 2:49:12 PM,7/26/2019 2:49:12 PM,,True,2,,,,,,,
1039375,9340-2019-03261,1,False,9340,7/17/2019 6:15:00 AM,615,110,1368,4313,San Jose,43,True,True,E,HIT OBJECT,,Wednesday,NotApplicable,False,,,False,False,True,Santa Clara Superior,I,FIXED OBJECT,METER LIGHT POLE,0,0,CLEAR,, NO UNUSUAL CONDITIONS,, ,A,DAYLIGHT,37.2944,-121.8104,,,,,A,NO PEDESTRIANS INVOLVED,7/17/2019 12:00:00 AM,A,22107,False,1.0,Yerba Buena Rd,,,7/26/2019 9:44:55 AM,A,W,75.0,US101,F,,A,7/26/2019 9:45:29 AM,7/26/2019 9:45:29 AM,,,2,,,,,,,
1039357,9340-2019-03285,1,False,9340,7/17/2019 4:15:00 PM,1615,110,1368,4313,San Jose,43,True,True,C,REAR END,,Wednesday,NotApplicable,False,,,False,True,False,Santa Clara Superior,C,OTHER MOTOR VEHICLE,,0,0,CLEAR,, NO UNUSUAL CONDITIONS,, ,A,DAYLIGHT,37.334702,-121.848087,,,,,A,NO PEDESTRIANS INVOLVED,7/17/2019 12:00:00 AM,A,22350,False,1.0, I-680 S/B TO US-101 SB,,,7/26/2019 9:25:31 AM,A,S,350.0,Story Rd,F,,D,7/26/2019 9:26:10 AM,7/26/2019 9:26:10 AM,,True,2,,,,,,,
1039335,9340-2019-03264,1,False,9340,7/17/2019 9:00:00 AM,900,089,1368,4313,San Jose,43,True,True,B,SIDE SWIPE,,Wednesday,NotApplicable,False,,,False,True,False,Santa Clara Superior,C,OTHER MOTOR VEHICLE,,0,0,CLEAR,, NO UNUSUAL CONDITIONS,, ,A,DAYLIGHT,37.356109,-121.909548,,,,,A,NO PEDESTRIANS INVOLVED,7/17/2019 12:00:00 AM,A,22107,False,1.0,I-880 S/B,,,7/26/2019 9:07:01 AM,A,N,800.0,SR-87,F,,D,7/26/2019 9:07:39 AM,7/26/2019 9:07:39 AM,,True,2,,,,,,,
1039330,9340-2019-03278,1,False,9340,7/17/2019 2:45:00 PM,1445,088,1368,4313,San Jose,43,True,True,C,REAR END,,Wednesday,NotApplicable,False,,,False,True,True,Santa Clara Superior,C,OTHER MOTOR VEHICLE,,0,0,CLEAR,, NO UNUSUAL CONDITIONS,, ,A,DAYLIGHT,37.3274,-121.9409,,,,,A,NO PEDESTRIANS INVOLVED,7/17/2019 12:00:00 AM,A,22350,False,1.0,I-880 SOUTHBOUND,,,7/26/2019 9:03:11 AM,A,N,1500.0,Stevens Creek Blvd,F,,D,7/26/2019 9:03:57 AM,7/26/2019 9:03:57 AM,,True,2,,,,,,,
1039247,9340-2019-03248,1,False,9340,7/16/2019 9:50:00 AM,950,087,1368,4313,San Jose,43,True,True,C,REAR END,,Tuesday,Yes,False,,,False,True,True,Santa Clara Superior,C,OTHER MOTOR VEHICLE,,1,0,CLEAR,, NO UNUSUAL CONDITIONS,, ,A,DAYLIGHT,37.34848,-121.90657,,,,,A,NO PEDESTRIANS INVOLVED,7/16/2019 12:00:00 AM,A,22350,False,1.0, SR-87 N/B from Taylor Ave.,,,7/26/2019 8:02:27 AM,A,N,800.0,Taylor Ave,F,,D,7/26/2019 8:03:19 AM,7/26/2019 8:03:19 AM,,True,2,,,,,,,
1039239,9340-2019-03241,1,False,9340,7/16/2019 1:15:00 AM,115,120,1368,4313,San Jose,43,True,True,E,HIT OBJECT,,Tuesday,Yes,False,,,False,True,True,Santa Clara Superior,I,FIXED OBJECT,WOOD SIGN POST,0,0,CLEAR,, NO UNUSUAL CONDITIONS,, ,C,DARK-STREET LIGHTS,37.36294,-121.89306,,,,,A,NO PEDESTRIANS INVOLVED,7/16/2019 12:00:00 AM,A,23152(a),True,1.0,US101 S/B,,,7/26/2019 7:54:05 AM,A,N,410.0,Oakland Rd,F,,D,7/26/2019 7:55:45 AM,7/26/2019 7:55:45 AM,,True,2,,,,,,,