Collision Id,	Report Number,	Report Version,	Is Preliminary,	NCIC Code,Crash Date Time,	Crash Time Description,	Beat,City Id,	City Code,	City Name,County Code,	City Is Active,	City Is Incorporated,	Collision Type Code,Collision Type Description,	Collision Type Other Desc,	Day Of Week,	DispatchNotified,	HasPhotographs,	HitRun,	IsAttachmentsMailed,	IsDeleted,	IsHighwayRelated,	IsTowAway,	JudicialDistrict,	MotorVehicleInvolvedWithCode,	MotorVehicleInvolvedWithDesc,MotorVehicleInvolvedWithOtherDesc,	NumberInjured,	NumberKilled,Weather 1, Weather 2, Road Condition 1, Road Condition 2, Special Condition,LightingCode, LightingDescription,Latitude,Longitude,MilepostDirection,MilepostDistance,MilepostMarker,MilepostUnitOfMeasure,	PedestrianActionCode,PedestrianActionDesc,PreparedDate,	Primary Collision Factor Code,Primary Collision Factor Violation,PrimaryCollisionFactorIsCited,	PrimaryCollisionPartyNumber,	PrimaryRoad,	ReportingDistrict,	ReportingDistrictCode,ReviewedDate,	RoadwaySurfaceCode,SecondaryDirection,	SecondaryDistance,	SecondaryRoad,	SecondaryUnitOfMeasure,	SketchDesc,	TrafficControlDeviceCode,CreatedDate,	ModifiedDate,IsCountyRoad,IsFreeway,CHP555Version,	IsAdditonalObjectStruck,NotificationDate,	NotificationTimeDescription,	HasDigitalMediaFiles,	EvidenceNumber,	IsLocationReferToNarrative,	IsAOIOneSameAsLocation
1060993,9340-2019-03832,1,False,9340,8/19/2019 5:00:00 PM,1700,281,1368,4313,San Jose,43,True,True,C,REAR END,,Monday,NotApplicable,False,M,,False,True,False,Santa Clara Superior,C,OTHER MOTOR VEHICLE,,0,0,CLEAR,, NO UNUSUAL CONDITIONS,, ,A,DAYLIGHT,37.3239,-121.8921,,,,,A,NO PEDESTRIANS INVOLVED,8/19/2019 12:00:00 AM,A,22350,False,1.0,I-280 S/B,,,8/28/2019 6:31:15 AM,A,S,50.0,SR-87,F,,D,8/28/2019 6:32:22 AM,8/28/2019 6:32:22 AM,,True,2,,,,,,,
1060954,9340-2019-03834,1,False,9340,8/19/2019 2:10:00 PM,1410,681,1368,4313,San Jose,43,True,True,C,REAR END,,Monday,Yes,False,,,False,True,True,Santa Clara Superior,C,OTHER MOTOR VEHICLE,,1,0,CLEAR,, NO UNUSUAL CONDITIONS,, ,A,DAYLIGHT,37.359441,-121.840703,,,,,A,NO PEDESTRIANS INVOLVED,8/19/2019 12:00:00 AM,A,22350,False,1.0,I-680 N/B,,,8/28/2019 5:43:25 AM,A,S,80.0,Alum Rock Ave,F,,D,8/28/2019 5:44:29 AM,8/28/2019 5:44:29 AM,,True,2,,,,,,,
1060939,9340-2019-03831,1,False,9340,8/19/2019 9:25:00 AM,925,282,1368,4313,San Jose,43,True,True,C,REAR END,,Monday,NotApplicable,False,,,False,True,False,Santa Clara Superior,C,OTHER MOTOR VEHICLE,,0,0,CLOUDY,, NO UNUSUAL CONDITIONS,, ,A,DAYLIGHT,37.316604,-121.961373,,,,,A,NO PEDESTRIANS INVOLVED,8/19/2019 12:00:00 AM,A,22350,False,2.0,I-280 N/B,,,8/28/2019 5:13:23 AM,A,S,700.0,SAN TOMAS EXPRESSWAY,F,,D,8/28/2019 5:14:01 AM,8/28/2019 5:14:01 AM,,True,2,,,,,,,
1060914,9340-2019-03829,1,False,9340,8/19/2019 8:05:00 AM,805,083,1368,4313,San Jose,43,True,True,C,REAR END,,Monday,NotApplicable,False,,,False,True,False,Santa Clara Superior,C,OTHER MOTOR VEHICLE,,0,0,CLOUDY,, NO UNUSUAL CONDITIONS,, ,A,DAYLIGHT,37.2554,-121.9536,,,,,A,NO PEDESTRIANS INVOLVED,8/19/2019 12:00:00 AM,A,22350,False,1.0,SR-85 N/B FROM BASCOM AVE,,,8/27/2019 10:27:41 PM,A,N,100.0,Bascom Ave,F,,D,8/27/2019 10:28:56 PM,8/27/2019 10:28:56 PM,,True,2,,,,,,,
1060911,9340-2019-03885,1,False,9340,8/15/2019 1:59:00 PM,1359,110,1368,4313,San Jose,43,True,True,E,HIT OBJECT,,Thursday,NotApplicable,False,M,,False,True,False,Santa Clara Superior,J,OTHER OBJECT,falling rubber mat,0,0,CLEAR,, NO UNUSUAL CONDITIONS,, ,A,DAYLIGHT,37.327,-121.8393,,,,,A,NO PEDESTRIANS INVOLVED,8/15/2019 12:00:00 AM,A,23114(a),False,1.0,US-101 N/B,,,8/27/2019 9:11:03 PM,A,N,200.0,Tully Road,F,,D,8/27/2019 9:12:06 PM,8/27/2019 9:12:06 PM,,True,2,,,,,,,
1060890,9340-2019-03768,1,False,9340,8/15/2019 12:40:00 PM,1240,110,1368,4313,San Jose,43,True,True,C,REAR END,,Thursday,NotApplicable,False,M,,False,True,False,Santa Clara Superior,C,OTHER MOTOR VEHICLE,,0,0,CLEAR,, NO UNUSUAL CONDITIONS,, ,A,DAYLIGHT,37.3401,-121.852,,,,,A,NO PEDESTRIANS INVOLVED,8/15/2019 12:00:00 AM,A,22350,False,1.0,US 101 n/b from Story rd. ,,,8/27/2019 6:42:08 PM,A,N,1500.0,Story Rd,F,,D,8/27/2019 6:43:50 PM,8/27/2019 6:43:50 PM,,True,2,,,,,,,
1060878,9340-2019-03774,1,False,9340,8/15/2019 10:40:00 AM,1040,282,1368,4313,San Jose,43,True,True,E,HIT OBJECT,,Thursday,Yes,False,,,False,True,True,Santa Clara Superior,I,FIXED OBJECT,METAL GUARD RAIL,0,0,CLEAR,, NO UNUSUAL CONDITIONS,, ,A,DAYLIGHT,37.320648,-121.994748,,,,,A,NO PEDESTRIANS INVOLVED,8/15/2019 12:00:00 AM,A,23152(f),True,1.0,I-280 N/B,,,8/27/2019 6:00:25 PM,A,S,230.0,Lawrence Expy,F,,D,8/27/2019 6:01:36 PM,8/27/2019 6:01:36 PM,,True,2,,,,,,,
1060730,9340-2019-03814,1,False,9340,8/17/2019 6:01:00 PM,1801,087,1368,4313,San Jose,43,True,True,C,REAR END,,Saturday,NotApplicable,False,,,False,True,True,Santa Clara Superior,C,OTHER MOTOR VEHICLE,,0,0,CLEAR,, NO UNUSUAL CONDITIONS,, ,A,DAYLIGHT,37.306275,-121.88008,,,,,A,NO PEDESTRIANS INVOLVED,8/17/2019 12:00:00 AM,A,22350,False,1.0,SR-87 N/B,,,8/27/2019 3:14:32 PM,A,N,1850.0,Almaden Expy,F,,D,8/27/2019 3:15:14 PM,8/27/2019 3:15:14 PM,,True,2,,,,,,,
1060661,9340-2019-03813,1,False,9340,8/17/2019 5:32:00 PM,1732,087,1368,4313,San Jose,43,True,True,C,REAR END,,Saturday,NotApplicable,False,,,False,True,True,Santa Clara Superior,C,OTHER MOTOR VEHICLE,,0,0,CLEAR,, NO UNUSUAL CONDITIONS,, ,A,DAYLIGHT,37.304933,-121.878984,,,,,A,NO PEDESTRIANS INVOLVED,8/17/2019 12:00:00 AM,A,22350,False,1.0,SR-87 N/B,,,8/27/2019 2:36:34 PM,A,N,1230.0,Almaden Expy,F,,D,8/27/2019 2:38:14 PM,8/27/2019 2:38:14 PM,,True,2,,,,,,,
1060646,9340-2019-03853,1,False,9340,8/20/2019 5:45:00 PM,1745,281,1368,4313,San Jose,43,True,True,B,SIDE SWIPE,,Tuesday,NotApplicable,False,,,False,True,True,Santa Clara Superior,C,OTHER MOTOR VEHICLE,,1,0,CLEAR,, NO UNUSUAL CONDITIONS,, ,A,DAYLIGHT,37.3167,-121.9268,,,,,A,NO PEDESTRIANS INVOLVED,8/20/2019 12:00:00 AM,A,21658(a),False,1.0,I-280 S/B,,,8/27/2019 2:27:13 PM,A,N,3245.0,Meridian Ave,F,,D,8/27/2019 2:28:08 PM,8/27/2019 2:28:08 PM,,True,2,,,,,,,
1060618,9340-2019-03819,1,False,9340,8/17/2019 4:05:00 PM,1605,088,1368,4313,San Jose,43,True,True,C,REAR END,,Saturday,Yes,False,,,False,True,True,Santa Clara Superior,C,OTHER MOTOR VEHICLE,,3,0,CLEAR,, NO UNUSUAL CONDITIONS,, ,A,DAYLIGHT,37.361652,-121.903762,,,,,A,NO PEDESTRIANS INVOLVED,8/17/2019 12:00:00 AM,A,22350,True,1.0,I-880 N/B,,,8/27/2019 2:13:59 PM,A,S,998.0,US101,F,,D,8/27/2019 2:14:48 PM,8/27/2019 2:14:48 PM,,True,2,,,,,,,
1060589,9340-2019-03809,2,False,9340,8/16/2019 2:20:00 PM,1420,110,1368,4313,San Jose,43,True,True,B,SIDE SWIPE,,Friday,NotApplicable,True,M,,False,True,False,Santa Clara Superior,C,OTHER MOTOR VEHICLE,,0,0,CLEAR,, NO UNUSUAL CONDITIONS,, ,A,DAYLIGHT,37.34798,-121.859685,,,,,A,NO PEDESTRIANS INVOLVED,8/16/2019 12:00:00 AM,A,22107,False,1.0,US101 N/B,,,6/10/2020 5:29:14 PM,A,S,900.0,Alum Rock Ave,F,,D,8/27/2019 1:56:56 PM,6/10/2020 5:29:48 PM,,True,2,,,,,,,
1059865,9340-2019-03816,1,False,9340,8/17/2019 6:55:00 PM,1855,281,1368,4313,San Jose,43,True,True,B,SIDE SWIPE,,Saturday,NotApplicable,False,M,,False,True,False,Santa Clara Superior,C,OTHER MOTOR VEHICLE,,0,0,CLEAR,, NO UNUSUAL CONDITIONS,, ,A,DAYLIGHT,37.196,-121.5412,,,,,A,NO PEDESTRIANS INVOLVED,8/17/2019 12:00:00 AM,A,22107,False,1.0,I-280 N/B,,,8/26/2019 10:21:33 PM,A,S,2542.0,Race St,F,,D,8/26/2019 10:22:27 PM,8/26/2019 10:22:27 PM,,True,2,,,,,,,
1059863,9340-2019-03812,1,False,9340,8/17/2019 2:00:00 PM,1400,281,1368,4313,San Jose,43,True,True,B,SIDE SWIPE,,Saturday,NotApplicable,False,,,False,True,True,Santa Clara Superior,C,OTHER MOTOR VEHICLE,,0,0,CLEAR,, NO UNUSUAL CONDITIONS,, ,A,DAYLIGHT,37.324665,-121.890892,,,,,A,NO PEDESTRIANS INVOLVED,8/17/2019 12:00:00 AM,D,,,,I-280 N/B (TO SR-87 S/B),,,8/26/2019 10:18:16 PM,A,S,380.0,SR-87,F,,D,8/26/2019 10:19:05 PM,8/26/2019 10:19:05 PM,,True,2,,,,,,,
1059862,9340-2019-03851,1,False,9340,7/25/2019 7:25:00 AM,725,089,1368,4313,San Jose,43,True,True,B,SIDE SWIPE,,Thursday,NotApplicable,False,M,,False,True,False,Santa Clara Superior,C,OTHER MOTOR VEHICLE,,0,0,CLEAR,, NO UNUSUAL CONDITIONS,, ,A,DAYLIGHT,37.43412,-121.91914,,,,,A,NO PEDESTRIANS INVOLVED,7/25/2019 12:00:00 AM,A,22107,False,1.0,I-880 S/B,,,8/26/2019 10:13:04 PM,A,N,1000.0,Calaveras Blvd,F,,D,8/26/2019 10:14:00 PM,8/26/2019 10:14:00 PM,,True,2,,,,,,,
1059852,9340-2019-03798,1,False,9340,8/16/2019 6:25:00 PM,1825,681,1368,4313,San Jose,43,True,True,C,REAR END,,Friday,NotApplicable,False,,,False,True,False,Santa Clara Superior,C,OTHER MOTOR VEHICLE,,0,0,CLEAR,, NO UNUSUAL CONDITIONS,, ,A,DAYLIGHT,37.42822,-121.88492,,,,,A,NO PEDESTRIANS INVOLVED,8/16/2019 12:00:00 AM,A,21658(a),False,1.0,I-680 N/B,,,8/26/2019 9:01:54 PM,A,S,2600.0,Calaveras Blvd,F,,D,8/26/2019 9:03:15 PM,8/26/2019 9:03:15 PM,,True,2,,,,,,,
1059836,9340-2019-03815,1,False,9340,8/17/2019 1:40:00 PM,1340,904,1368,4313,San Jose,43,True,True,A,HEAD-ON,,Saturday,NotApplicable,False,M,,False,False,True,Santa Clara Superior,C,OTHER MOTOR VEHICLE,,0,0,CLEAR,, NO UNUSUAL CONDITIONS,, Courtesy Report,A,DAYLIGHT,37.191,-121.5619,,,,,A,NO PEDESTRIANS INVOLVED,8/17/2019 12:00:00 AM,A,21460(a),False,1.0,Pfeffer Ln,,,8/26/2019 6:43:22 PM,A,W,679.0,Macarthur Ave,F,,D,8/26/2019 6:44:29 PM,8/26/2019 6:44:29 PM,True,,2,,,,,,,
1059633,9340-2019-03802,1,False,9340,8/16/2019 4:20:00 PM,1620,088,1368,4313,San Jose,43,True,True,C,REAR END,,Friday,NotApplicable,False,,,False,True,True,Santa Clara Superior,C,OTHER MOTOR VEHICLE,,0,0,CLEAR,, NO UNUSUAL CONDITIONS,, ,A,DAYLIGHT,37.339583,-121.929865,,,,,A,NO PEDESTRIANS INVOLVED,8/16/2019 12:00:00 AM,A,22350,False,1.0,I-880 N/B,,,8/26/2019 2:31:50 PM,A,S,1500.0,The Alameda,F,,D,8/26/2019 2:33:05 PM,8/26/2019 2:33:05 PM,,True,2,,,,,,,
1059622,9340-2019-03789,1,False,9340,8/16/2019 9:20:00 AM,920,281,1368,4313,San Jose,43,True,True,C,REAR END,,Friday,NotApplicable,False,,,False,True,False,Santa Clara Superior,C,OTHER MOTOR VEHICLE,,0,0,CLEAR,, NO UNUSUAL CONDITIONS,, ,A,DAYLIGHT,37.31735,-121.93379,,,,,A,NO PEDESTRIANS INVOLVED,8/16/2019 12:00:00 AM,A,22350,False,1.0,I-280 N/B,,,8/26/2019 2:27:31 PM,A,S,300.0,I-880,F,,D,8/26/2019 2:28:09 PM,8/26/2019 2:28:09 PM,,True,2,,,,,,,
1059609,9725-2019-01348,1,False,9725,8/12/2019 5:55:00 PM,1755,013,1368,4313,San Jose,43,True,True,C,REAR END,,Monday,NotApplicable,False,,,False,True,False,Santa Clara Superior,C,OTHER MOTOR VEHICLE,,0,0,CLEAR,, NO UNUSUAL CONDITIONS,, ,A,DAYLIGHT,37.1685,-121.6687,,,,,A,NO PEDESTRIANS INVOLVED,8/12/2019 12:00:00 AM,A,22350,False,1.0,US 101 S/B,,,8/26/2019 2:18:57 PM,A,N,1.0,Cochrane Rd,M,,D,8/26/2019 2:20:01 PM,8/26/2019 2:20:01 PM,,True,2,,,,,,,
1059593,9340-2019-03793,1,False,9340,8/16/2019 11:15:00 AM,1115,083,1368,4313,San Jose,43,True,True,C,REAR END,,Friday,NotApplicable,False,,,False,True,False,Santa Clara Superior,C,OTHER MOTOR VEHICLE,,0,0,CLEAR,, NO UNUSUAL CONDITIONS,, ,A,DAYLIGHT,37.2542,-121.8793,,,,,A,NO PEDESTRIANS INVOLVED,8/16/2019 12:00:00 AM,A,22350,False,2.0,SR-85 S/B to Almaden Expy,,,8/26/2019 2:11:23 PM,A,N,1047.0,Almaden Expy,F,,D,8/26/2019 2:12:10 PM,8/26/2019 2:12:10 PM,,True,2,,,,,,,
1059547,9340-2019-03791,1,False,9340,8/16/2019 10:00:00 AM,1000,110,1368,4313,San Jose,43,True,True,C,REAR END,,Friday,NotApplicable,False,,,False,True,False,Santa Clara Superior,C,OTHER MOTOR VEHICLE,,0,0,CLEAR,, NO UNUSUAL CONDITIONS,, ,A,DAYLIGHT,37.36311,-121.88945,,,,,A,NO PEDESTRIANS INVOLVED,8/16/2019 12:00:00 AM,A,22350,False,1.0,US-101 NB TO OAKLAND RD,,,8/26/2019 1:43:19 PM,A,S,600.0,Oakland Rd,F,,D,8/26/2019 1:46:06 PM,8/26/2019 1:46:06 PM,,True,2,,,,,,,
1058781,9340-2019-03898,1,False,9340,8/23/2019 7:56:00 AM,756,110,1368,4313,San Jose,43,True,True,C,REAR END,,Friday,Yes,False,,,False,True,True,Santa Clara Superior,C,OTHER MOTOR VEHICLE,,1,0,CLEAR,, NO UNUSUAL CONDITIONS,, ,A,DAYLIGHT,37.15594,-121.48685,,,,,A,NO PEDESTRIANS INVOLVED,8/23/2019 12:00:00 AM,A,22350,False,1.0,US101 S/B,,,8/25/2019 1:40:36 PM,A,N,3100.0,Blossom Hill Rd,F,,D,8/25/2019 1:42:44 PM,8/25/2019 1:42:44 PM,,True,2,,,,,,,
1058775,9340-2019-03797,1,False,9340,8/16/2019 5:45:00 PM,1745,681,1368,4313,San Jose,43,True,True,C,REAR END,,Friday,NotApplicable,False,,,False,True,False,Santa Clara Superior,C,OTHER MOTOR VEHICLE,,0,0,CLEAR,, NO UNUSUAL CONDITIONS,, ,A,DAYLIGHT,37.39357,-121.87292,,,,,A,NO PEDESTRIANS INVOLVED,8/16/2019 12:00:00 AM,A,22350,False,1.0,I-680 S/B,,,8/25/2019 1:02:49 PM,A,S,600.0,Hostetter Rd,F,,D,8/25/2019 1:03:47 PM,8/25/2019 1:03:47 PM,,True,2,,,,,,,
1058772,9340-2019-03804,1,False,9340,8/16/2019 6:00:00 PM,1800,083,1368,4313,San Jose,43,True,True,B,SIDE SWIPE,,Friday,NotApplicable,False,,,False,True,False,Santa Clara Superior,C,OTHER MOTOR VEHICLE,,0,0,CLEAR,, NO UNUSUAL CONDITIONS,, ,A,DAYLIGHT,37.24629,-121.82818,,,,,A,NO PEDESTRIANS INVOLVED,8/16/2019 12:00:00 AM,A,21658(a),False,1.0,SR-85 S/B,,,8/25/2019 12:34:05 PM,A,S,1500.0,Blossom Hill Rd,F,,D,8/25/2019 12:35:11 PM,8/25/2019 12:35:11 PM,,True,2,,,,,,,
1058767,9340-2019-03801,1,False,9340,8/16/2019 3:15:00 PM,1515,083,1368,4313,San Jose,43,True,True,E,HIT OBJECT,,Friday,NotApplicable,False,,,False,True,False,Santa Clara Superior,J,OTHER OBJECT,DEBRIS,0,0,CLEAR,, NO UNUSUAL CONDITIONS,, ,A,DAYLIGHT,37.25039,-121.91778,,,,,A,NO PEDESTRIANS INVOLVED,8/16/2019 12:00:00 AM,C,,,,SR-85 S/B,,,8/25/2019 11:50:12 AM,A,N,2000.0,Almaden Expy,F,,D,8/25/2019 11:51:19 AM,8/25/2019 11:51:19 AM,,True,2,,,,,,,
1058766,9340-2019-03796,1,False,9340,8/16/2019 3:30:00 PM,1530,281,1368,4313,San Jose,43,True,True,B,SIDE SWIPE,,Friday,Yes,False,,,False,True,False,Santa Clara Superior,C,OTHER MOTOR VEHICLE,,1,0,CLEAR,, NO UNUSUAL CONDITIONS,, ,A,DAYLIGHT,37.2012,-121.5111,,,,,A,NO PEDESTRIANS INVOLVED,8/16/2019 12:00:00 AM,A,22107,False,1.0,I-280 S/B TO US-101 S/B,,,8/25/2019 11:41:50 AM,A,N,457.0,Story Rd,F,,D,8/25/2019 11:43:26 AM,8/25/2019 11:43:26 AM,,True,2,,,,,,,
1058750,9340-2019-03692,1,False,9340,8/10/2019 5:05:00 PM,1705,281,1368,4313,San Jose,43,True,True,C,REAR END,,Saturday,Yes,False,,,False,True,True,Santa Clara Superior,C,OTHER MOTOR VEHICLE,,1,0,CLEAR,, NO UNUSUAL CONDITIONS,, ,A,DAYLIGHT,37.324248,-121.891071,,,,,A,NO PEDESTRIANS INVOLVED,8/10/2019 12:00:00 AM,A,22350,True,1.0,I-280 N/B,,,8/25/2019 7:39:15 AM,A,S,260.0,SR-87,F,,D,8/25/2019 7:40:15 AM,8/25/2019 7:40:15 AM,,True,2,,,,,,,
1058745,9340-2019-03822,1,False,9340,8/18/2019 12:50:00 PM,1250,120,1368,4313,San Jose,43,True,True,C,REAR END,,Sunday,NotApplicable,False,,,False,True,False,Santa Clara Superior,C,OTHER MOTOR VEHICLE,,0,0,CLEAR,, NO UNUSUAL CONDITIONS,, ,A,DAYLIGHT,37.36371,-121.897225,,,,,A,NO PEDESTRIANS INVOLVED,8/18/2019 12:00:00 AM,A,22350,False,1.0,US101 N/B,,,8/25/2019 5:44:57 AM,A,S,250.0,10th St,F,,D,8/25/2019 5:45:43 AM,8/25/2019 5:45:43 AM,,True,2,,,,,,,
1058718,9340-2019-03745,1,False,9340,8/14/2019 6:35:00 AM,635,087,1368,4313,San Jose,43,True,True,C,REAR END,,Wednesday,NotApplicable,False,,,False,True,False,Santa Clara Superior,C,OTHER MOTOR VEHICLE,,1,0,CLEAR,, NO UNUSUAL CONDITIONS,, ,A,DAYLIGHT,37.282016,-121.865656,,,,,A,NO PEDESTRIANS INVOLVED,8/14/2019 12:00:00 AM,A,22350,False,1.0,SR-87 N/B,,,8/24/2019 5:38:03 PM,A,N,800.0,Hillsdale Ave,F,,D,8/24/2019 5:38:45 PM,8/24/2019 5:38:45 PM,,True,2,,,,,,,
1058708,9340-2019-03890,1,False,9340,8/22/2019 4:30:00 PM,1630,681,1368,4313,San Jose,43,True,True,C,REAR END,,Thursday,NotApplicable,False,,,False,True,False,Santa Clara Superior,C,OTHER MOTOR VEHICLE,,0,0,CLEAR,, NO UNUSUAL CONDITIONS,, ,A,DAYLIGHT,37.406426,-121.877882,,,,,A,NO PEDESTRIANS INVOLVED,8/22/2019 12:00:00 AM,A,22350,False,1.0,I-680 S/B,,,8/24/2019 4:28:28 PM,A,N,2000.0,Capitol Ave,F,,D,8/24/2019 4:30:01 PM,8/24/2019 4:30:01 PM,,True,2,,,,,,,
1058705,9340-2019-03870,1,False,9340,8/21/2019 3:10:00 PM,1510,681,1368,4313,San Jose,43,True,True,C,REAR END,,Wednesday,NotApplicable,False,,,False,True,True,Santa Clara Superior,C,OTHER MOTOR VEHICLE,,0,0,CLEAR,, NO UNUSUAL CONDITIONS,, ,A,DAYLIGHT,37.387557,-121.866378,,,,,A,NO PEDESTRIANS INVOLVED,8/21/2019 12:00:00 AM,A,22350,False,1.0,I-680 S/B,,,8/24/2019 4:19:37 PM,A,N,1500.0,Berryessa Rd,F,,D,8/24/2019 4:20:39 PM,8/24/2019 4:20:39 PM,,True,2,,,,,,,
1058702,9340-2019-03838,1,False,9340,8/19/2019 2:30:00 PM,1430,089,1368,4313,San Jose,43,True,True,C,REAR END,,Monday,NotApplicable,False,,,False,True,True,Santa Clara Superior,C,OTHER MOTOR VEHICLE,,0,0,CLEAR,, NO UNUSUAL CONDITIONS,, ,A,DAYLIGHT,37.376576,-121.902747,,,,,A,NO PEDESTRIANS INVOLVED,8/19/2019 12:00:00 AM,A,22350,False,1.0,I-880 S/B,,,8/24/2019 4:08:15 PM,A,S,2000.0,Brokaw Rd,F,,D,8/24/2019 4:08:51 PM,8/24/2019 4:08:51 PM,,True,2,,,,,,,
1058701,9340-2019-03818,1,False,9340,8/17/2019 2:30:00 PM,1430,087,1368,4313,San Jose,43,True,True,B,SIDE SWIPE,,Saturday,NotApplicable,False,,,False,True,False,Santa Clara Superior,C,OTHER MOTOR VEHICLE,,0,0,CLEAR,, NO UNUSUAL CONDITIONS,, ,A,DAYLIGHT,37.375241,-121.932589,,,,,A,NO PEDESTRIANS INVOLVED,8/17/2019 12:00:00 AM,A,21658(a),False,1.0, SR-87 N/B TO US-101 N/B,,,8/24/2019 3:52:10 PM,A,N,900.0,Guadalupe River,F,,D,8/24/2019 3:52:47 PM,8/24/2019 3:52:47 PM,,True,2,,,,,,,
1058696,9340-2019-03759,1,False,9340,8/14/2019 8:25:00 AM,825,083,1368,4313,San Jose,43,True,True,C,REAR END,,Wednesday,Yes,False,,,False,True,True,Santa Clara Superior,C,OTHER MOTOR VEHICLE,,1,0,CLEAR,, NO UNUSUAL CONDITIONS,, ,A,DAYLIGHT,37.2545,-121.8792,,,,,A,NO PEDESTRIANS INVOLVED,8/14/2019 12:00:00 AM,A,22350,False,1.0,SR-85 N/B,,,8/24/2019 3:21:16 PM,A,N,500.0,Almaden Expy,F,,D,8/24/2019 3:22:09 PM,8/24/2019 3:22:09 PM,,True,2,,,,,,,
1058693,9340-2019-03594,1,False,9340,2/22/2019 5:49:00 PM,1749,681,1368,4313,San Jose,43,True,True,C,REAR END,,Friday,NotApplicable,False,M,,False,True,False,Santa Clara Superior,C,OTHER MOTOR VEHICLE,,0,0,CLEAR,, NO UNUSUAL CONDITIONS,, Counter Report / Late-Reported,A,DAYLIGHT,37.396084,-121.87457,,,,,A,NO PEDESTRIANS INVOLVED,6/22/2019 12:00:00 AM,A,21658(a),False,1.0,I-680 S/B,,,8/24/2019 3:05:44 PM,A,N,300.0,Hostetter Rd,F,,D,8/24/2019 3:07:25 PM,8/24/2019 3:07:25 PM,,True,2,,,,,,,
1058692,9340-2019-03747,1,False,9340,8/14/2019 8:16:00 AM,816,120,1368,4313,San Jose,43,True,True,C,REAR END,,Wednesday,NotApplicable,False,,,False,True,True,Santa Clara Superior,C,OTHER MOTOR VEHICLE,,0,0,CLEAR,, NO UNUSUAL CONDITIONS,, ,A,DAYLIGHT,37.3634,-121.8947,,,,,A,NO PEDESTRIANS INVOLVED,8/14/2019 12:00:00 AM,A,22350,False,2.0,US101 N/B,,,8/24/2019 3:01:26 PM,A,S,1953.0,I-880,F,,D,8/24/2019 3:02:04 PM,8/24/2019 3:02:04 PM,,True,2,,,,,,,
1058681,9340-2019-03731,1,False,9340,8/13/2019 2:20:00 PM,1420,281,1368,4313,San Jose,43,True,True,C,REAR END,,Tuesday,NotApplicable,False,,,False,True,False,Santa Clara Superior,C,OTHER MOTOR VEHICLE,,0,0,CLEAR,, NO UNUSUAL CONDITIONS,, School Bus Collision,A,DAYLIGHT,37.1854,-121.5451,,,,,A,NO PEDESTRIANS INVOLVED,8/13/2019 12:00:00 AM,A,22107,False,1.0,I-280 S/B,,,8/24/2019 1:46:58 PM,A,S,210.0,Meridian Ave,F,,D,8/24/2019 1:48:14 PM,8/24/2019 1:48:14 PM,,True,2,,,,,,,
1079252,9340-2019-04228,1,False,9340,9/12/2019 12:35:00 PM,1235,901,1368,4313,San Jose,43,True,True,C,REAR END,,Thursday,NotApplicable,False,,,False,False,False,Santa Clara Superior,C,OTHER MOTOR VEHICLE,,0,0,CLEAR,, NO UNUSUAL CONDITIONS,, School Bus Collision,A,DAYLIGHT,37.284737,-121.825172,,,,,A,NO PEDESTRIANS INVOLVED,9/12/2019 12:00:00 AM,A,22350,False,1.0,Senter Rd,,,9/20/2019 9:18:00 AM,A,N,80.0,Hellyer Ave,F,,D,9/20/2019 9:20:41 AM,9/20/2019 9:20:41 AM,True,,2,,,,,,,
1079166,9340-2019-04261,1,False,9340,9/14/2019 12:05:00 PM,1205,083,1368,4313,San Jose,43,True,True,C,REAR END,,Saturday,NotApplicable,False,,,False,True,True,Santa Clara Superior,C,OTHER MOTOR VEHICLE,,0,0,CLEAR,, NO UNUSUAL CONDITIONS,, ,A,DAYLIGHT,37.25625,-121.871958,,,,,A,NO PEDESTRIANS INVOLVED,9/14/2019 12:00:00 AM,A,22350,False,1.0,SR-87 N/B TO ALMADEN EXPRESSWAY,,,9/20/2019 8:04:44 AM,A,S,1000.0,Almaden Expy,F,,D,9/20/2019 8:05:19 AM,9/20/2019 8:05:19 AM,,True,2,,,,,,,
1079134,9340-2019-04283,1,False,9340,9/16/2019 9:50:00 AM,950,088,1368,4313,San Jose,43,True,True,D,BROADSIDE,,Monday,NotApplicable,False,M,,False,True,False,Santa Clara Superior,C,OTHER MOTOR VEHICLE,,0,0,RAINING,, NO UNUSUAL CONDITIONS,, ,A,DAYLIGHT,37.363143,-121.902632,,,,,A,NO PEDESTRIANS INVOLVED,9/16/2019 12:00:00 AM,A,22107,False,1.0,I-880 S/B,,,9/20/2019 7:36:59 AM,B,S,370.0,US101,F,,D,9/20/2019 7:37:35 AM,9/20/2019 7:37:35 AM,,True,2,,,,,,,