Collision Id,	Report Number,	Report Version,	Is Preliminary,	NCIC Code,Crash Date Time,	Crash Time Description,	Beat,City Id,	City Code,	City Name,County Code,	City Is Active,	City Is Incorporated,	Collision Type Code,Collision Type Description,	Collision Type Other Desc,	Day Of Week,	DispatchNotified,	HasPhotographs,	HitRun,	IsAttachmentsMailed,	IsDeleted,	IsHighwayRelated,	IsTowAway,	JudicialDistrict,	MotorVehicleInvolvedWithCode,	MotorVehicleInvolvedWithDesc,MotorVehicleInvolvedWithOtherDesc,	NumberInjured,	NumberKilled,Weather 1, Weather 2, Road Condition 1, Road Condition 2, Special Condition,LightingCode, LightingDescription,Latitude,Longitude,MilepostDirection,MilepostDistance,MilepostMarker,MilepostUnitOfMeasure,	PedestrianActionCode,PedestrianActionDesc,PreparedDate,	Primary Collision Factor Code,Primary Collision Factor Violation,PrimaryCollisionFactorIsCited,	PrimaryCollisionPartyNumber,	PrimaryRoad,	ReportingDistrict,	ReportingDistrictCode,ReviewedDate,	RoadwaySurfaceCode,SecondaryDirection,	SecondaryDistance,	SecondaryRoad,	SecondaryUnitOfMeasure,	SketchDesc,	TrafficControlDeviceCode,CreatedDate,	ModifiedDate,IsCountyRoad,IsFreeway,CHP555Version,	IsAdditonalObjectStruck,NotificationDate,	NotificationTimeDescription,	HasDigitalMediaFiles,	EvidenceNumber,	IsLocationReferToNarrative,	IsAOIOneSameAsLocation
1074501,9340-2019-04181,1,False,9340,9/10/2019 2:45:00 PM,1445,087,1368,4313,San Jose,43,True,True,C,REAR END,,Tuesday,NotApplicable,False,,,False,True,True,Santa Clara Superior,C,OTHER MOTOR VEHICLE,,0,0,CLEAR,, NO UNUSUAL CONDITIONS,, ,A,DAYLIGHT,37.3208,-121.89,,,,,A,NO PEDESTRIANS INVOLVED,9/10/2019 12:00:00 AM,A,22350,False,1.0,SR-87 NORTHBOUND TO I-280,,,9/13/2019 2:37:40 PM,A,N,200.0,West Virginia St,F,,D,9/13/2019 2:38:43 PM,9/13/2019 2:38:43 PM,,True,2,,,,,,,
1074487,9340-2019-04164,1,False,9340,9/5/2019 5:23:00 PM,1723,120,1368,4313,San Jose,43,True,True,C,REAR END,,Thursday,NotApplicable,False,,,False,True,False,Santa Clara Superior,C,OTHER MOTOR VEHICLE,,0,0,CLEAR,, NO UNUSUAL CONDITIONS,, ,A,DAYLIGHT,37.3636,-121.8985,,,,,A,NO PEDESTRIANS INVOLVED,9/5/2019 12:00:00 AM,A,22350,False,1.0,US-101 S/B,,,9/13/2019 2:28:21 PM,A,N,300.0,Oakland Road,F,,D,9/13/2019 2:28:57 PM,9/13/2019 2:28:57 PM,,True,2,,,,,,,
1074393,9340-2019-04203,1,False,9340,9/11/2019 10:09:00 AM,1009,681,1368,4313,San Jose,43,True,True,E,HIT OBJECT,,Wednesday,NotApplicable,False,M,,False,True,False,Santa Clara Superior,J,OTHER OBJECT,Metal Object,0,0,CLEAR,, NO UNUSUAL CONDITIONS,, ,A,DAYLIGHT,37.37651,-121.85476,,,,,A,NO PEDESTRIANS INVOLVED,9/11/2019 12:00:00 AM,A,23114(a),False,2.0,I-680 S/B,,,9/13/2019 1:15:06 PM,A,S,0.5,Berryessa Rd,M,,D,9/13/2019 1:15:41 PM,9/13/2019 1:15:41 PM,,True,2,,,,,,,
1074329,9340-2019-04205,1,False,9340,9/11/2019 11:55:00 AM,1155,083,1368,4313,San Jose,43,True,True,E,HIT OBJECT,,Wednesday,Yes,False,F,,False,True,True,Santa Clara Superior,I,FIXED OBJECT,sound wall,1,0,CLEAR,, NO UNUSUAL CONDITIONS,, ,A,DAYLIGHT,37.255611,-121.848504,,,,,A,NO PEDESTRIANS INVOLVED,9/11/2019 12:00:00 AM,A,21658(a),False,1.0,SR-85 N/B,,,9/13/2019 12:07:37 PM,A,S,1000.0,SR-87,F,,D,9/13/2019 12:09:28 PM,9/13/2019 12:09:28 PM,,True,2,,,,,,,
1074311,9340-2019-04182,1,False,9340,9/10/2019 6:00:00 PM,1800,681,1368,4313,San Jose,43,True,True,C,REAR END,,Tuesday,NotApplicable,False,,,False,True,False,Santa Clara Superior,C,OTHER MOTOR VEHICLE,,0,0,CLEAR,, NO UNUSUAL CONDITIONS,, ,A,DAYLIGHT,37.4113,-121.87958,,,,,A,NO PEDESTRIANS INVOLVED,9/10/2019 12:00:00 AM,A,22350,False,1.0,I-680 S/B,,,9/13/2019 11:55:37 AM,A,S,1100.0,Montague Expy,F,,D,9/13/2019 11:56:17 AM,9/13/2019 11:56:17 AM,,True,2,,,,,,,
1073808,9340-2019-04170,1,False,9340,9/9/2019 6:25:00 PM,1825,083,1368,4313,San Jose,43,True,True,C,REAR END,,Monday,NotApplicable,False,M,,False,True,False,Santa Clara Superior,C,OTHER MOTOR VEHICLE,,0,0,CLEAR,, NO UNUSUAL CONDITIONS,, ,A,DAYLIGHT,37.25364,-121.8434,N,0.3,85 SCL 3.930,M,A,NO PEDESTRIANS INVOLVED,9/9/2019 12:00:00 AM,A,22350,False,1.0,SR-85 S/B,,,9/12/2019 4:47:33 PM,A,N,0.3,Blossom Hill Rd,M,,D,9/12/2019 4:48:07 PM,9/12/2019 4:48:07 PM,,True,2,,,,,,,
1073788,9340-2019-04080,1,False,9340,9/3/2019 8:15:00 AM,815,901,1368,4313,San Jose,43,True,True,E,HIT OBJECT,,Tuesday,NotApplicable,False,,,False,False,False,Santa Clara Superior,I,FIXED OBJECT,POST,0,0,CLEAR,, NO UNUSUAL CONDITIONS,, School Bus Collision,A,DAYLIGHT,37.264648,-121.938435,,,,,A,NO PEDESTRIANS INVOLVED,9/3/2019 12:00:00 AM,A,22107,False,1.0,2225 Camden Avenue,,,9/12/2019 4:17:36 PM,A,S,65.0,Camden Ave,F,,D,9/12/2019 4:18:31 PM,9/12/2019 4:18:31 PM,True,,2,,,,,,,
1073763,9340-2019-04166,1,False,9340,9/9/2019 3:00:00 PM,1500,282,1368,4313,San Jose,43,True,True,C,REAR END,,Monday,NotApplicable,False,,,False,True,False,Santa Clara Superior,C,OTHER MOTOR VEHICLE,,0,0,CLEAR,, NO UNUSUAL CONDITIONS,, ,A,DAYLIGHT,37.316214,-121.97228,,,,,A,NO PEDESTRIANS INVOLVED,9/9/2019 12:00:00 AM,A,22350,False,1.0,I-280 S/B FROM SARATOGA AVE.,,,9/12/2019 3:51:39 PM,A,S,800.0,Saratoga Ave,F,,D,9/12/2019 3:52:29 PM,9/12/2019 3:52:29 PM,,True,2,,,,,,,
1073693,9340-2019-04172,1,False,9340,9/9/2019 12:02:00 AM,2,110,1368,4313,San Jose,43,True,True,E,HIT OBJECT,,Monday,NotApplicable,False,,,False,True,False,Santa Clara Superior,J,OTHER OBJECT,UNKNOWN MOVING DEBRIS,0,0,CLEAR,, NO UNUSUAL CONDITIONS,, ,D,DARK-NO STREET LIGHTS,37.309109,-121.822724,,,,,A,NO PEDESTRIANS INVOLVED,9/9/2019 12:00:00 AM,C,,,,US101 S/B,,,9/12/2019 2:38:42 PM,A,N,1500.0,Capitol Expy,F,,D,9/12/2019 2:39:45 PM,9/12/2019 2:39:45 PM,,True,2,,,,,,,
1073671,9340-2019-04167,1,False,9340,9/9/2019 12:01:00 AM,1,110,1368,4313,San Jose,43,True,True,E,HIT OBJECT,,Monday,NotApplicable,False,,,False,True,False,Santa Clara Superior,J,OTHER OBJECT,UNKNOWN MOVING OBJECT,0,0,CLEAR,, NO UNUSUAL CONDITIONS,, ,D,DARK-NO STREET LIGHTS,37.314401,-121.827757,,,,,A,NO PEDESTRIANS INVOLVED,9/9/2019 12:00:00 AM,C,,,,US101 S/B,,,9/12/2019 2:26:17 PM,A,S,1700.0,Tully Rd,F,,D,9/12/2019 2:26:57 PM,9/12/2019 2:26:57 PM,,True,2,,,,,,,
1073553,9340-2019-04093,1,False,9340,9/4/2019 8:05:00 AM,805,089,1368,4313,San Jose,43,True,True,C,REAR END,,Wednesday,NotApplicable,False,,,False,True,False,Santa Clara Superior,C,OTHER MOTOR VEHICLE,,0,0,CLEAR,, NO UNUSUAL CONDITIONS,, ,A,DAYLIGHT,37.368453,-121.901258,,,,,A,NO PEDESTRIANS INVOLVED,9/4/2019 12:00:00 AM,A,22350,False,1.0,I-880 S/B,,,9/12/2019 1:20:25 PM,A,N,342.0,Old Bayshore Hwy,F,,D,9/12/2019 1:21:11 PM,9/12/2019 1:21:11 PM,,True,2,,,,,,,
1073540,9340-2019-04169,1,False,9340,9/9/2019 5:30:00 PM,1730,083,1368,4313,San Jose,43,True,True,C,REAR END,,Monday,NotApplicable,False,,,False,True,True,Santa Clara Superior,C,OTHER MOTOR VEHICLE,,1,0,CLEAR,, NO UNUSUAL CONDITIONS,, ,A,DAYLIGHT,37.25364,-121.8434,N,0.3,85 SCL 3.930,M,A,NO PEDESTRIANS INVOLVED,9/9/2019 12:00:00 AM,A,22350,False,1.0,SR-85 S/B,,,9/12/2019 1:10:30 PM,A,N,0.3,Blossom Hill Rd,M,,D,9/12/2019 1:11:57 PM,9/12/2019 1:11:57 PM,,True,2,,,,,,,
1073480,9340-2019-04148,1,False,9340,9/8/2019 11:50:00 AM,1150,120,1368,4313,San Jose,43,True,True,C,REAR END,,Sunday,NotApplicable,False,,,False,True,False,Santa Clara Superior,C,OTHER MOTOR VEHICLE,,0,0,CLEAR,, NO UNUSUAL CONDITIONS,, ,A,DAYLIGHT,37.36364,-121.89718,,,,,A,NO PEDESTRIANS INVOLVED,9/8/2019 12:00:00 AM,A,22350,False,1.0,US101 N/B,,,9/12/2019 12:27:56 PM,A,S,300.0,10th St,F,,D,9/12/2019 12:28:36 PM,9/12/2019 12:28:36 PM,,True,2,,,,,,,
1073444,9340-2019-04139,1,False,9340,9/7/2019 1:52:00 AM,152,120,1368,4313,San Jose,43,True,True,C,REAR END,,Saturday,NotApplicable,False,M,,False,True,False,Santa Clara Superior,C,OTHER MOTOR VEHICLE,,0,0,CLEAR,, NO UNUSUAL CONDITIONS,, ,C,DARK-STREET LIGHTS,37.38353,-121.96976,,,,,A,NO PEDESTRIANS INVOLVED,9/7/2019 12:00:00 AM,A,22350,False,1.0,US-101 SB,,,9/12/2019 12:03:45 PM,A,N,0.3,Montague Expy,M,,D,9/12/2019 12:04:23 PM,9/12/2019 12:04:23 PM,,True,2,,,,,,,
1073391,9340-2019-04140,1,False,9340,9/6/2019 10:45:00 PM,2245,110,1368,4313,San Jose,43,True,True,E,HIT OBJECT,,Friday,NotApplicable,False,M,,False,True,True,Santa Clara Superior,I,FIXED OBJECT,Center Divider,0,0,CLEAR,, NO UNUSUAL CONDITIONS,, ,D,DARK-NO STREET LIGHTS,37.331557,-121.844012,,,,,A,NO PEDESTRIANS INVOLVED,9/6/2019 12:00:00 AM,A,22107,False,1.0,US101 N/B,,,9/12/2019 11:24:39 AM,A,S,2000.0,Story Rd,F,,D,9/12/2019 11:25:16 AM,9/12/2019 11:25:16 AM,,True,2,,,,,,,
1073385,9340-2019-04131,1,False,9340,9/6/2019 2:05:00 PM,1405,089,1368,4313,San Jose,43,True,True,D,BROADSIDE,,Friday,NotApplicable,False,,,False,True,True,Santa Clara Superior,C,OTHER MOTOR VEHICLE,,0,0,CLEAR,, NO UNUSUAL CONDITIONS,, ,A,DAYLIGHT,37.38379,-121.9048,,,,,A,NO PEDESTRIANS INVOLVED,9/6/2019 12:00:00 AM,A,22107,False,1.0,I-880 S/B,,,9/12/2019 11:20:51 AM,A,N,450.0,Brokaw Rd,F,,D,9/12/2019 11:21:42 AM,9/12/2019 11:21:42 AM,,True,2,,,,,,,
1073364,9340-2019-04190,1,False,9340,9/10/2019 10:35:00 AM,1035,681,1368,4313,San Jose,43,True,True,B,SIDE SWIPE,,Tuesday,NotApplicable,False,,,False,True,True,Santa Clara Superior,C,OTHER MOTOR VEHICLE,,1,0,CLEAR,, NO UNUSUAL CONDITIONS,, ,A,DAYLIGHT,39.34759,-121.84149,,,,,A,NO PEDESTRIANS INVOLVED,9/10/2019 12:00:00 AM,A,21658(a),False,2.0,I-680 S/B,,,9/12/2019 11:07:31 AM,A,S,100.0,SUNSET AVE. PED O/C,F,,D,9/12/2019 11:08:17 AM,9/12/2019 11:08:17 AM,,True,2,,,,,,,
1073331,9340-2019-04179,1,False,9340,9/6/2019 12:00:00 PM,1200,088,1368,4313,San Jose,43,True,True,C,REAR END,,Friday,NotApplicable,False,,,False,True,True,Santa Clara Superior,C,OTHER MOTOR VEHICLE,,2,0,CLEAR,, NO UNUSUAL CONDITIONS,, ,A,DAYLIGHT,37.32498,-121.94102,,,,,A,NO PEDESTRIANS INVOLVED,9/6/2019 12:00:00 AM,A,22350,False,1.0,I-880 S/B,,,9/12/2019 10:52:46 AM,A,N,547.0,Stevens Creek Blvd,F,,D,9/12/2019 10:53:38 AM,9/12/2019 10:53:38 AM,,True,2,,,,,,,
1073304,9340-2019-04204,1,False,9340,9/11/2019 7:55:00 AM,755,083,1368,4313,San Jose,43,True,True,B,SIDE SWIPE,,Wednesday,NotApplicable,False,,,False,True,False,Santa Clara Superior,C,OTHER MOTOR VEHICLE,,0,0,CLEAR,, NO UNUSUAL CONDITIONS,, ,A,DAYLIGHT,37.25289,-121.840484,,,,,A,NO PEDESTRIANS INVOLVED,9/11/2019 12:00:00 AM,D,,,,SR-85 N/B,,,9/12/2019 10:38:35 AM,A,N,800.0,Blossom Hill Rd,F,,D,9/12/2019 10:39:14 AM,9/12/2019 10:39:14 AM,,True,2,,,,,,,
1073242,9340-2019-04191,1,False,9340,9/10/2019 11:48:00 AM,1148,681,1368,4313,San Jose,43,True,True,C,REAR END,,Tuesday,NotApplicable,False,M,,False,True,True,Santa Clara Superior,C,OTHER MOTOR VEHICLE,,0,0,CLEAR,, NO UNUSUAL CONDITIONS,, ,A,DAYLIGHT,37.34759,-121.84749,,,,,A,NO PEDESTRIANS INVOLVED,9/10/2019 12:00:00 AM,A,22350,False,2.0,I-680 N/B,,,9/12/2019 9:43:27 AM,A,N,300.0,SUNSET AVE. PED O/C,F,,D,9/12/2019 10:01:36 AM,9/12/2019 10:01:36 AM,,True,2,,,,,,,
1073216,9340-2019-04137,1,False,9340,9/6/2019 3:30:00 PM,1530,281,1368,4313,San Jose,43,True,True,C,REAR END,,Friday,Yes,False,M,,False,True,False,Santa Clara Superior,C,OTHER MOTOR VEHICLE,,0,0,CLEAR,, NO UNUSUAL CONDITIONS,, ,A,DAYLIGHT,37.31535,-121.91541,,,,,A,NO PEDESTRIANS INVOLVED,9/6/2019 12:00:00 AM,A,22350,False,1.0,I-280 S/B,,,9/12/2019 9:42:58 AM,A,N,700.0,Meridian Ave,F,,D,9/12/2019 9:43:37 AM,9/12/2019 9:43:37 AM,,True,2,,,,,,,
1073040,9340-2019-04138,1,False,9340,9/6/2019 1:00:00 AM,100,120,1368,4313,San Jose,43,True,True,E,HIT OBJECT,,Friday,Yes,False,,,False,True,True,Santa Clara Superior,I,FIXED OBJECT,DIRT EMBANKMENT ,1,0,CLEAR,, NO UNUSUAL CONDITIONS,, ,D,DARK-NO STREET LIGHTS,37.38248,-121.962413,,,,,A,NO PEDESTRIANS INVOLVED,9/6/2019 12:00:00 AM,A,23152(a),True,1.0, US-101 n/b TO MONTAGUE EXPY,,,9/12/2019 7:24:56 AM,A,S,300.0,Montague Expy,F,,D,9/12/2019 7:25:55 AM,9/12/2019 7:25:55 AM,,True,2,,,,,,,
1072892,9340-2019-04127,1,False,9340,9/6/2019 1:30:00 AM,130,281,1368,4313,San Jose,43,True,True,C,REAR END,,Friday,NotApplicable,False,,,False,True,False,Santa Clara Superior,C,OTHER MOTOR VEHICLE,,0,0,CLEAR,, NO UNUSUAL CONDITIONS,, ,C,DARK-STREET LIGHTS,37.3283,-121.8758,,,,,A,NO PEDESTRIANS INVOLVED,9/6/2019 12:00:00 AM,A,22350,False,1.0,I-280 N/B to 7th St,,,9/11/2019 6:14:08 PM,A,S,20.0,7th St,F,,D,9/11/2019 6:15:20 PM,9/11/2019 6:15:20 PM,,True,2,,,,,,,
1072870,9340-2019-04129,1,False,9340,9/5/2019 10:30:00 PM,2230,083,1368,4313,San Jose,43,True,True,B,SIDE SWIPE,,Thursday,NotApplicable,False,M,,False,True,True,Santa Clara Superior,C,OTHER MOTOR VEHICLE,,1,0,CLEAR,, NO UNUSUAL CONDITIONS,, ,D,DARK-NO STREET LIGHTS,37.2536,-121.8433,,,,,A,NO PEDESTRIANS INVOLVED,9/5/2019 12:00:00 AM,A,22107,False,1.0,SR-85 S/B,,,9/11/2019 4:52:49 PM,A,N,1780.0,Blossom Hill Rd,F,,D,9/11/2019 4:53:37 PM,9/11/2019 4:53:37 PM,,True,2,,,,,,,
1072847,9340-2019-04118,1,False,9340,9/5/2019 6:20:00 PM,1820,087,1368,4313,San Jose,43,True,True,C,REAR END,,Thursday,NotApplicable,False,,,False,True,True,Santa Clara Superior,C,OTHER MOTOR VEHICLE,,1,0,CLEAR,, NO UNUSUAL CONDITIONS,, ,A,DAYLIGHT,37.3082,-121.8816,,,,,A,NO PEDESTRIANS INVOLVED,9/5/2019 12:00:00 AM,A,22350,False,1.0,SR-87 NORTHBOUND,,,9/11/2019 4:30:17 PM,A,S,750.0,Alma Ave,F,,D,9/11/2019 4:31:36 PM,9/11/2019 4:31:36 PM,,True,2,,,,,,,
1072772,9340-2019-04176,1,False,9340,9/5/2019 9:15:00 AM,915,240,1368,4313,San Jose,43,True,True,B,SIDE SWIPE,,Thursday,NotApplicable,False,,,False,True,False,Santa Clara Superior,C,OTHER MOTOR VEHICLE,,0,0,CLEAR,, NO UNUSUAL CONDITIONS,, ,A,DAYLIGHT,37.42176,-121.93411,,,,,A,NO PEDESTRIANS INVOLVED,9/5/2019 12:00:00 AM,A,21658(a),False,1.0,SR-237 W/B,,,9/11/2019 3:25:32 PM,A,E,1700.0,Zanker Rd,F,,D,9/11/2019 3:28:25 PM,9/11/2019 3:28:25 PM,,True,2,,,,,,,
1072639,9340-2019-04105,1,False,9340,9/4/2019 4:25:00 PM,1625,282,1368,4313,San Jose,43,True,True,C,REAR END,,Wednesday,NotApplicable,False,M,,False,True,False,Santa Clara Superior,C,OTHER MOTOR VEHICLE,,0,0,CLEAR,, NO UNUSUAL CONDITIONS,, ,A,DAYLIGHT,37.3164,-121.9552,,,,,A,NO PEDESTRIANS INVOLVED,9/4/2019 12:00:00 AM,A,22350,False,1.0,I-280 S/B,,,9/11/2019 1:59:09 PM,A,N,1000.0,Winchester Blvd,F,,D,9/11/2019 2:01:00 PM,9/11/2019 2:01:00 PM,,True,2,,,,,,,
1072606,9340-2019-04125,1,False,9340,9/5/2019 3:10:00 PM,1510,110,1368,4313,San Jose,43,True,True,C,REAR END,,Thursday,NotApplicable,False,,,False,False,False,Santa Clara Superior,C,OTHER MOTOR VEHICLE,,0,0,CLEAR,, NO UNUSUAL CONDITIONS,, School Bus Collision,A,DAYLIGHT,37.3021,-121.8421,,,,,A,NO PEDESTRIANS INVOLVED,9/5/2019 12:00:00 AM,A,22350,False,1.0,Senter Rd,,,9/11/2019 1:38:39 PM,A,N,58.0,Umbarger Rd,F,,D,9/11/2019 1:39:58 PM,9/11/2019 1:39:58 PM,,,2,,,,,,,
1072590,9340-2019-04109,1,False,9340,9/5/2019 7:25:00 AM,725,110,1368,4313,San Jose,43,True,True,C,REAR END,,Thursday,NotApplicable,False,M,,False,True,False,Santa Clara Superior,C,OTHER MOTOR VEHICLE,,0,0,CLEAR,, NO UNUSUAL CONDITIONS,, ,A,DAYLIGHT,37.2729,-121.8038,,,,,A,NO PEDESTRIANS INVOLVED,9/5/2019 12:00:00 AM,A,22350,False,1.0,US101 N/B,,,9/11/2019 1:29:55 PM,A,N,2100.0,Blossom Hill Rd,F,,D,9/11/2019 1:30:54 PM,9/11/2019 1:30:54 PM,,True,2,,,,,,,
1072555,9725-2019-01504,1,False,9725,9/9/2019 1:05:00 AM,105,013,1368,4313,San Jose,43,True,True,E,HIT OBJECT,,Monday,NotApplicable,False,,,False,True,True,Santa Clara Superior,H,ANIMAL,BOAR,0,0,CLEAR,, NO UNUSUAL CONDITIONS,, ,D,DARK-NO STREET LIGHTS,37.18739,-121.68812,,,,,A,NO PEDESTRIANS INVOLVED,9/9/2019 12:00:00 AM,C,,,,US-101 N/B,,,9/11/2019 1:12:17 PM,A,S,0.4,COYOTE CREEK GOLF DRI,M,,D,9/11/2019 1:14:18 PM,9/11/2019 1:14:18 PM,,True,2,,,,,,,
1072515,9340-2019-04116,1,False,9340,9/5/2019 3:34:00 PM,1534,088,1368,4313,San Jose,43,True,True,C,REAR END,,Thursday,NotApplicable,False,,,False,True,False,Santa Clara Superior,C,OTHER MOTOR VEHICLE,,1,0,CLEAR,, NO UNUSUAL CONDITIONS,, ,A,DAYLIGHT,37.3612,-121.90406,,,,,A,NO PEDESTRIANS INVOLVED,9/5/2019 12:00:00 AM,A,22350,False,1.0,I-880 N/B,,,9/11/2019 12:51:25 PM,A,N,300.0,north first st,F,,D,9/11/2019 12:53:45 PM,9/11/2019 12:53:45 PM,,True,2,,,,,,,
1072501,9340-2019-04114,1,False,9340,9/5/2019 8:00:00 AM,800,120,1368,4313,San Jose,43,True,True,C,REAR END,,Thursday,NotApplicable,False,,,False,True,False,Santa Clara Superior,C,OTHER MOTOR VEHICLE,,0,0,CLOUDY,, NO UNUSUAL CONDITIONS,, ,A,DAYLIGHT,37.375255,-121.933485,,,,,A,NO PEDESTRIANS INVOLVED,9/5/2019 12:00:00 AM,A,22350,False,2.0,US101 N/B,,,9/11/2019 12:46:06 PM,A,N,0.31,SR-87,M,,D,9/11/2019 12:46:50 PM,9/11/2019 12:46:50 PM,,True,2,,,,,,,
1072455,9340-2019-04157,1,False,9340,9/9/2019 12:10:00 PM,1210,681,1368,4313,San Jose,43,True,True,E,HIT OBJECT,,Monday,NotApplicable,False,M,,False,True,False,Santa Clara Superior,J,OTHER OBJECT,GARBAGE CAN,0,0,CLEAR,, NO UNUSUAL CONDITIONS,, ,A,DAYLIGHT,37.39532,-121.87431,,,,,A,NO PEDESTRIANS INVOLVED,9/9/2019 12:00:00 AM,A,23114(a),False,1.0,I-680 N/B,,,9/11/2019 12:18:16 PM,A,N,500.0,Capitol Ave,F,,D,9/11/2019 12:19:17 PM,9/11/2019 12:19:17 PM,,True,2,,,,,,,
1072076,9340-2019-04089,1,False,9340,9/3/2019 9:17:00 PM,2117,120,1368,4313,San Jose,43,True,True,C,REAR END,,Tuesday,NotApplicable,False,,,False,True,False,Santa Clara Superior,C,OTHER MOTOR VEHICLE,,2,0,CLEAR,, NO UNUSUAL CONDITIONS,, ,A,DAYLIGHT,37.37348,-121.93398,,,,,A,NO PEDESTRIANS INVOLVED,9/3/2019 12:00:00 AM,A,22350,False,1.0,US101 S/B,,,9/11/2019 7:51:55 AM,A,N,600.0,SR-87,F,,D,9/11/2019 7:52:35 AM,9/11/2019 7:52:35 AM,,True,2,,,,,,,
1072070,9340-2019-03383,1,False,9340,4/10/2019 3:00:00 PM,1500,281,1368,4313,San Jose,43,True,True,B,SIDE SWIPE,,Wednesday,NotApplicable,False,M,,False,True,False,Santa Clara Superior,C,OTHER MOTOR VEHICLE,,0,0,CLEAR,, NO UNUSUAL CONDITIONS,, Counter Report / Late-Reported,A,DAYLIGHT,37.327199,-121.874993,,,,,A,NO PEDESTRIANS INVOLVED,4/10/2019 12:00:00 AM,A,22350,False,1.0,I-280 from 7th street,,,9/11/2019 7:49:47 AM,A,S,36.0,7th St,F,,A,9/11/2019 7:50:35 AM,9/11/2019 7:50:35 AM,,True,2,,,,,,,
1072058,9340-2019-04062,1,False,9340,9/1/2019 2:41:00 PM,1441,282,1368,4313,San Jose,43,True,True,C,REAR END,,Sunday,NotApplicable,False,,,False,True,False,Santa Clara Superior,C,OTHER MOTOR VEHICLE,,1,0,CLEAR,, NO UNUSUAL CONDITIONS,, ,A,DAYLIGHT,37.317963,-121.978021,,,,,A,NO PEDESTRIANS INVOLVED,9/1/2019 12:00:00 AM,A,21658(a),False,1.0,I-280 N/B,,,9/11/2019 7:44:22 AM,A,N,780.0,Saratoga Ave,F,,D,9/11/2019 7:45:11 AM,9/11/2019 7:45:11 AM,,True,2,,,,,,,
1072039,9340-2019-04051,1,False,9340,8/31/2019 10:49:00 PM,2249,110,1368,4313,San Jose,43,True,True,B,SIDE SWIPE,,Saturday,NotApplicable,False,,,False,True,False,Santa Clara Superior,C,OTHER MOTOR VEHICLE,,1,0,CLEAR,, NO UNUSUAL CONDITIONS,, ,D,DARK-NO STREET LIGHTS,37.33061,-121.84274,,,,,A,NO PEDESTRIANS INVOLVED,8/31/2019 12:00:00 AM,A,22107,False,1.0,US-101 N/B TO I-280,,,9/11/2019 7:32:15 AM,A,S,2475.0,Story Rd,F,,D,9/11/2019 7:33:09 AM,9/11/2019 7:33:09 AM,,True,2,,,,,,,
1072025,9340-2019-04026,1,False,9340,8/30/2019 8:00:00 AM,800,089,1368,4313,San Jose,43,True,True,B,SIDE SWIPE,,Friday,NotApplicable,False,,,False,True,False,Santa Clara Superior,C,OTHER MOTOR VEHICLE,,0,0,CLEAR,, NO UNUSUAL CONDITIONS,, ,A,DAYLIGHT,37.364665,-121.901764,,,,,A,NO PEDESTRIANS INVOLVED,8/30/2019 12:00:00 AM,A,21658(a),False,1.0,I-880 S/B,,,9/11/2019 7:18:55 AM,A,N,100.0,US-101,F,,D,9/11/2019 7:20:05 AM,9/11/2019 7:20:05 AM,,True,2,,,,,,,
1071994,9340-2019-03770,1,False,9340,8/15/2019 10:00:00 AM,1000,681,1368,4313,San Jose,43,True,True,C,REAR END,,Thursday,NotApplicable,False,,,False,True,True,Santa Clara Superior,C,OTHER MOTOR VEHICLE,,2,0,CLEAR,, NO UNUSUAL CONDITIONS,, ,A,DAYLIGHT,37.361012,-121.841966,,,,,A,NO PEDESTRIANS INVOLVED,8/15/2019 12:00:00 AM,A,22350,False,2.0,I-680 S/B,,,9/11/2019 6:49:21 AM,A,N,500.0,ALUM ROCK AVENUE,F,,D,9/11/2019 6:50:14 AM,9/11/2019 6:50:14 AM,,True,2,,,,,,,
1071991,9340-2019-04154,1,False,9340,9/6/2019 7:40:00 AM,740,681,1368,4313,San Jose,43,True,True,B,SIDE SWIPE,,Friday,NotApplicable,False,M,,False,True,False,Santa Clara Superior,C,OTHER MOTOR VEHICLE,,0,0,CLEAR,, NO UNUSUAL CONDITIONS,, ,A,DAYLIGHT,37.3589,-121.84037,,,,,A,NO PEDESTRIANS INVOLVED,9/6/2019 12:00:00 AM,A,22107,False,2.0,I-680 N/B,,,9/11/2019 6:47:20 AM,A,S,300.0,Alum Rock Ave,F,,D,9/11/2019 6:48:12 AM,9/11/2019 6:48:12 AM,,True,2,,,,,,,
1071875,9340-2019-04126,1,False,9340,9/5/2019 4:50:00 AM,450,282,1368,4313,San Jose,43,True,True,E,HIT OBJECT,,Thursday,NotApplicable,False,,,False,True,True,Santa Clara Superior,I,FIXED OBJECT,WOOD POST ,0,0,CLEAR,, NO UNUSUAL CONDITIONS,, ,D,DARK-NO STREET LIGHTS,37.337823,-121.854411,,,,,A,NO PEDESTRIANS INVOLVED,9/6/2019 12:00:00 AM,A,22107,False,1.0,I-280 S/B,,,9/10/2019 9:31:19 PM,A,N,840.0,US-101,F,,D,9/10/2019 9:32:11 PM,9/10/2019 9:32:11 PM,,True,2,,,,,,,