Collision Id,	Report Number,	Report Version,	Is Preliminary,	NCIC Code,Crash Date Time,	Crash Time Description,	Beat,City Id,	City Code,	City Name,County Code,	City Is Active,	City Is Incorporated,	Collision Type Code,Collision Type Description,	Collision Type Other Desc,	Day Of Week,	DispatchNotified,	HasPhotographs,	HitRun,	IsAttachmentsMailed,	IsDeleted,	IsHighwayRelated,	IsTowAway,	JudicialDistrict,	MotorVehicleInvolvedWithCode,	MotorVehicleInvolvedWithDesc,MotorVehicleInvolvedWithOtherDesc,	NumberInjured,	NumberKilled,Weather 1, Weather 2, Road Condition 1, Road Condition 2, Special Condition,LightingCode, LightingDescription,Latitude,Longitude,MilepostDirection,MilepostDistance,MilepostMarker,MilepostUnitOfMeasure,	PedestrianActionCode,PedestrianActionDesc,PreparedDate,	Primary Collision Factor Code,Primary Collision Factor Violation,PrimaryCollisionFactorIsCited,	PrimaryCollisionPartyNumber,	PrimaryRoad,	ReportingDistrict,	ReportingDistrictCode,ReviewedDate,	RoadwaySurfaceCode,SecondaryDirection,	SecondaryDistance,	SecondaryRoad,	SecondaryUnitOfMeasure,	SketchDesc,	TrafficControlDeviceCode,CreatedDate,	ModifiedDate,IsCountyRoad,IsFreeway,CHP555Version,	IsAdditonalObjectStruck,NotificationDate,	NotificationTimeDescription,	HasDigitalMediaFiles,	EvidenceNumber,	IsLocationReferToNarrative,	IsAOIOneSameAsLocation
1119561,9340-2019-05166,1,False,9340,11/4/2019 8:05:00 AM,805,120,1368,4313,San Jose,43,True,True,C,REAR END,,Monday,Yes,False,,,False,True,True,Santa Clara Superior,C,OTHER MOTOR VEHICLE,,0,0,CLEAR,, NO UNUSUAL CONDITIONS,, ,A,DAYLIGHT,37.3633,-121.8923,,,,,A,NO PEDESTRIANS INVOLVED,11/4/2019 12:00:00 AM,A,23152(a)VC,True,1.0,US101 N/B ,,,11/13/2019 2:06:43 PM,A,N,86.0,Oakland Road,F,,D,11/13/2019 2:08:15 PM,11/13/2019 2:08:15 PM,,True,2,,,,,,,
1119506,9340-2019-05000,1,False,9340,10/25/2019 9:10:00 PM,2110,120,1368,4313,San Jose,43,True,True,E,HIT OBJECT,,Friday,Yes,False,,,False,True,True,Santa Clara Superior,I,FIXED OBJECT,ROADWAY SIGN,0,0,CLEAR,, NO UNUSUAL CONDITIONS,, ,D,DARK-NO STREET LIGHTS,37.364928,-121.902888,,,,,A,NO PEDESTRIANS INVOLVED,10/25/2019 12:00:00 AM,A,23152(a),True,1.0,US-101 N/B TO I-880 S/B,,,11/13/2019 1:36:26 PM,A,N,263.0,I-880,F,,D,11/13/2019 1:37:32 PM,11/13/2019 1:37:32 PM,,True,2,,,,,,,
1119499,9340-2019-05095,1,False,9340,10/30/2019 4:45:00 PM,1645,083,1368,4313,San Jose,43,True,True,C,REAR END,,Wednesday,NotApplicable,False,,,False,True,False,Santa Clara Superior,C,OTHER MOTOR VEHICLE,,1,0,CLEAR,, NO UNUSUAL CONDITIONS,, ,A,DAYLIGHT,37.252655,-121.941449,,,,,A,NO PEDESTRIANS INVOLVED,10/30/2019 12:00:00 AM,A,21658(a),False,1.0,SR-85 S/B,,,11/13/2019 1:34:12 PM,A,N,3000.0,Union Ave,F,,D,11/13/2019 1:35:24 PM,11/13/2019 1:35:24 PM,,True,2,,,,,,,
1119443,9340-2019-05293,1,False,9340,11/9/2019 5:40:00 PM,1740,083,1368,4313,San Jose,43,True,True,C,REAR END,,Saturday,NotApplicable,False,,,False,True,True,Santa Clara Superior,C,OTHER MOTOR VEHICLE,,0,0,CLEAR,, NO UNUSUAL CONDITIONS,, ,D,DARK-NO STREET LIGHTS,37.151668,-121.57061,,,,,A,NO PEDESTRIANS INVOLVED,11/9/2019 12:00:00 AM,A,22350,False,2.0,SR-85 NB OFF RAMP TO SR-17,,,11/13/2019 1:00:40 PM,A,S,200.0,S. BASCOM AVENUE O/C,F,,D,11/13/2019 1:03:44 PM,11/13/2019 1:03:44 PM,,True,2,,,,,,,
1119413,9340-2019-05191,1,False,9340,11/5/2019 9:35:00 AM,935,120,1368,4313,San Jose,43,True,True,C,REAR END,,Tuesday,NotApplicable,False,,,False,True,False,Santa Clara Superior,C,OTHER MOTOR VEHICLE,,0,0,CLEAR,, NO UNUSUAL CONDITIONS,, ,A,DAYLIGHT,37.366895,-121.906897,,,,,A,NO PEDESTRIANS INVOLVED,11/5/2019 12:00:00 AM,A,22350,False,1.0,US-101 N/B,,,11/13/2019 12:46:51 PM,A,S,300.0,Old Bayshore Hwy,F,,D,11/13/2019 12:47:29 PM,11/13/2019 12:47:29 PM,,True,2,,,,,,,
1119398,9340-2019-05208,1,False,9340,11/5/2019 6:00:00 PM,1800,281,1368,4313,San Jose,43,True,True,B,SIDE SWIPE,,Tuesday,NotApplicable,False,,,False,True,False,Santa Clara Superior,C,OTHER MOTOR VEHICLE,,0,0,CLEAR,, NO UNUSUAL CONDITIONS,, ,B,DUSK-DAWN,37.19187,-121.56251,,,,,A,NO PEDESTRIANS INVOLVED,11/5/2019 12:00:00 AM,A,22107,False,1.0,I-280 N/B,,,11/13/2019 12:38:05 PM,A,N,100.0,Bascom Ave,F,,D,11/13/2019 12:39:26 PM,11/13/2019 12:39:26 PM,,True,2,,,,,,,
1119370,9340-2019-05221,1,False,9340,11/6/2019 7:50:00 AM,750,089,1368,4313,San Jose,43,True,True,C,REAR END,,Wednesday,NotApplicable,False,,,False,True,True,Santa Clara Superior,C,OTHER MOTOR VEHICLE,,1,0,CLOUDY,, NO UNUSUAL CONDITIONS,, ,A,DAYLIGHT,37.32555,-121.94094,,,,,A,NO PEDESTRIANS INVOLVED,11/6/2019 12:00:00 AM,A,22350,False,2.0,I-880 S/B,,,11/13/2019 12:18:56 PM,A,N,790.0,STEVENS CREEK BLVD.,F,,D,11/13/2019 12:19:52 PM,11/13/2019 12:19:52 PM,,True,2,,,,,,,
1119304,9340-2019-05200,1,False,9340,11/5/2019 3:35:00 PM,1535,089,1368,4313,San Jose,43,True,True,B,SIDE SWIPE,,Tuesday,NotApplicable,False,,,False,True,False,Santa Clara Superior,C,OTHER MOTOR VEHICLE,,0,0,CLEAR,, NO UNUSUAL CONDITIONS,, ,A,DAYLIGHT,37.369446,-121.901596,,,,,A,NO PEDESTRIANS INVOLVED,11/5/2019 12:00:00 AM,A,21658(a),False,1.0,I-880 S/B,,,11/13/2019 11:31:06 AM,A,N,700.0,Old Bayshore Hwy,F,,D,11/13/2019 11:31:42 AM,11/13/2019 11:31:42 AM,,True,2,,,,,,,
1119278,9340-2019-05301,1,False,9340,11/11/2019 6:30:00 AM,630,110,1368,4313,San Jose,43,True,True,C,REAR END,,Monday,NotApplicable,False,,,False,True,False,Santa Clara Superior,C,OTHER MOTOR VEHICLE,,0,0,CLEAR,, NO UNUSUAL CONDITIONS,, ,B,DUSK-DAWN,37.32702,-121.83957,,,,,A,NO PEDESTRIANS INVOLVED,11/11/2019 12:00:00 AM,A,22350,False,2.0,US101 N/B,,,11/13/2019 11:16:49 AM,A,S,0.25,Story Rd,M,,D,11/13/2019 11:17:58 AM,11/13/2019 11:17:58 AM,,True,2,,,,,,,
1119241,9340-2019-05195,1,False,9340,11/5/2019 10:40:00 AM,1040,083,1368,4313,San Jose,43,True,True,B,SIDE SWIPE,,Tuesday,NotApplicable,False,,,False,True,False,Santa Clara Superior,C,OTHER MOTOR VEHICLE,,0,0,CLEAR,, NO UNUSUAL CONDITIONS,, ,A,DAYLIGHT,37.255272,-121.853948,,,,,A,NO PEDESTRIANS INVOLVED,11/5/2019 12:00:00 AM,A,21658(a),False,1.0,SR-85 N/B,,,11/13/2019 10:55:18 AM,A,S,1408.0,Santa Teresa Blvd,F,,D,11/13/2019 10:55:55 AM,11/13/2019 10:55:55 AM,,True,2,,,,,,,
1119240,9340-2019-05133,1,False,9340,11/2/2019 12:35:00 PM,1235,110,1368,4313,San Jose,43,True,True,B,SIDE SWIPE,,Saturday,NotApplicable,False,M,,False,True,False,Santa Clara Superior,C,OTHER MOTOR VEHICLE,,0,0,CLEAR,, NO UNUSUAL CONDITIONS,, ,A,DAYLIGHT,37.325227,-121.837343,,,,,A,NO PEDESTRIANS INVOLVED,11/2/2019 12:00:00 AM,A,21658(a),False,1.0,US101 N/B,,,11/13/2019 10:50:54 AM,A,N,2850.0,Tully Rd,F,,D,11/13/2019 10:54:35 AM,11/13/2019 10:54:35 AM,,True,2,,,,,,,
1119189,9340-2019-05192,1,False,9340,11/5/2019 7:10:00 AM,710,083,1368,4313,San Jose,43,True,True,C,REAR END,,Tuesday,NotApplicable,False,,,False,True,True,Santa Clara Superior,C,OTHER MOTOR VEHICLE,,0,0,CLEAR,, NO UNUSUAL CONDITIONS,, ,A,DAYLIGHT,37.253084,-121.890203,,,,,A,NO PEDESTRIANS INVOLVED,11/5/2019 12:00:00 AM,A,22350,False,1.0,SR-85 N/B,,,11/13/2019 10:22:40 AM,A,S,1525.0,Meridian Ave,F,,D,11/13/2019 10:23:19 AM,11/13/2019 10:23:19 AM,,True,2,,,,,,,
1119067,9340-2019-05183,2,False,9340,11/4/2019 5:40:00 PM,1740,110,1368,4313,San Jose,43,True,True,C,REAR END,,Monday,NotApplicable,False,M,,False,True,False,Santa Clara Superior,C,OTHER MOTOR VEHICLE,,0,0,CLEAR,, NO UNUSUAL CONDITIONS,, ,C,DARK-STREET LIGHTS,37.3539,-121.865,,,,,A,NO PEDESTRIANS INVOLVED,11/4/2019 12:00:00 AM,D,,,1.0,US 101 N/B TO MCKEE RD,,,4/12/2020 7:09:26 AM,A,S,25.0,McKee Rd,F,,A,11/13/2019 10:00:06 AM,4/12/2020 7:09:51 AM,,True,2,,,,,,,
1119017,9340-2019-05252,1,False,9340,11/4/2019 4:45:00 PM,1645,281,1368,4313,San Jose,43,True,True,C,REAR END,,Monday,NotApplicable,False,,,False,True,False,Santa Clara Superior,C,OTHER MOTOR VEHICLE,,0,0,CLEAR,, NO UNUSUAL CONDITIONS,, ,A,DAYLIGHT,37.3164,-121.9188,,,,,A,NO PEDESTRIANS INVOLVED,11/7/2019 12:00:00 AM,A,22350,False,1.0,I-280 S/B TO MERIDIAN AVE,,,11/13/2019 9:29:18 AM,A,N,0.2,Meridian Ave,M,,D,11/13/2019 9:31:00 AM,11/13/2019 9:31:00 AM,,True,2,,,,,,,
1118983,9340-2019-05184,1,False,9340,11/4/2019 5:20:00 PM,1720,088,1368,4313,San Jose,43,True,True,C,REAR END,,Monday,Yes,False,,,False,True,True,Santa Clara Superior,C,OTHER MOTOR VEHICLE,,2,0,CLEAR,, NO UNUSUAL CONDITIONS,, ,C,DARK-STREET LIGHTS,37.336645,-121.933707,,,,,A,NO PEDESTRIANS INVOLVED,11/4/2019 12:00:00 AM,A,22350,True,1.0,I-880 S/B,,,11/13/2019 9:10:07 AM,A,N,800.0,Bascom Ave,F,,D,11/13/2019 9:11:01 AM,11/13/2019 9:11:01 AM,,True,2,,,,,,,
1118849,9340-2019-05176,1,False,9340,11/4/2019 5:45:00 PM,1745,281,1368,4313,San Jose,43,True,True,C,REAR END,,Monday,NotApplicable,False,,,False,True,True,Santa Clara Superior,C,OTHER MOTOR VEHICLE,,1,0,CLEAR,, NO UNUSUAL CONDITIONS,, ,D,DARK-NO STREET LIGHTS,37.3275,-121.8793,,,,,A,NO PEDESTRIANS INVOLVED,11/4/2019 12:00:00 AM,A,22350,False,1.0,I-280 N/B,,,11/13/2019 8:10:38 AM,A,N,600.0,4th St,F,,D,11/13/2019 8:11:34 AM,11/13/2019 8:11:34 AM,,True,2,,,,,,,
1118800,9340-2019-05155,1,False,9340,11/3/2019 5:40:00 PM,1740,087,1368,4313,San Jose,43,True,True,F,OVERTURNED,,Sunday,Yes,False,,,False,True,True,Santa Clara Superior,A,NON-COLLISION,,2,0,CLEAR,, NO UNUSUAL CONDITIONS,, ,C,DARK-STREET LIGHTS,37.2644,-121.8592,,,,,A,NO PEDESTRIANS INVOLVED,11/3/2019 12:00:00 AM,A,22107,False,1.0,SR-87 S/B,,,11/13/2019 7:26:18 AM,A,N,500.0,Branham Ln,F,,D,11/13/2019 7:27:57 AM,11/13/2019 7:27:57 AM,,True,2,,,,,,,
1118668,9340-2019-05075,1,False,9340,10/30/2019 9:15:00 AM,915,281,1368,4313,San Jose,43,True,True,C,REAR END,,Wednesday,NotApplicable,False,,,False,True,True,Santa Clara Superior,C,OTHER MOTOR VEHICLE,,0,0,CLEAR,, NO UNUSUAL CONDITIONS,, ,A,DAYLIGHT,37.317796,-121.903259,,,,,A,NO PEDESTRIANS INVOLVED,10/30/2019 12:00:00 AM,A,22350,False,1.0,I-280 S/B,,,11/12/2019 9:02:25 PM,A,N,1000.0,Bird Ave,F,,D,11/12/2019 9:03:03 PM,11/12/2019 9:03:03 PM,,True,2,,,,,,,
1118667,9340-2019-05177,1,False,9340,11/4/2019 4:00:00 PM,1600,120,1368,4313,San Jose,43,True,True,C,REAR END,,Monday,NotApplicable,False,,,False,True,False,Santa Clara Superior,C,OTHER MOTOR VEHICLE,,1,0,CLEAR,, NO UNUSUAL CONDITIONS,, ,A,DAYLIGHT,37.375791,-121.937337,,,,,A,NO PEDESTRIANS INVOLVED,11/4/2019 12:00:00 AM,A,22350,False,1.0,US-101 S/B,,,11/12/2019 8:57:53 PM,A,S,1200.0,Trimble Rd,F,,D,11/12/2019 8:58:31 PM,11/12/2019 8:58:31 PM,,,2,,,,,,,
1118666,9340-2019-05181,1,False,9340,11/4/2019 8:10:00 PM,2010,240,1368,4313,San Jose,43,True,True,C,REAR END,,Monday,NotApplicable,False,,,False,True,True,Santa Clara Superior,C,OTHER MOTOR VEHICLE,,0,0,CLEAR,, NO UNUSUAL CONDITIONS,, ,C,DARK-STREET LIGHTS,37.419201,-121.958847,,,,,A,NO PEDESTRIANS INVOLVED,11/4/2019 12:00:00 AM,A,22350,False,1.0,SR-237 E/B,,,11/12/2019 8:51:47 PM,A,E,30.0,N. FIRST ST,F,,D,11/12/2019 8:52:34 PM,11/12/2019 8:52:34 PM,,True,2,,,,,,,
1118662,9340-2019-05163,1,False,9340,11/4/2019 10:15:00 AM,1015,281,1368,4313,San Jose,43,True,True,C,REAR END,,Monday,NotApplicable,False,,,False,True,True,Santa Clara Superior,C,OTHER MOTOR VEHICLE,,0,0,CLEAR,, NO UNUSUAL CONDITIONS,, ,A,DAYLIGHT,37.315155,-121.914245,,,,,A,NO PEDESTRIANS INVOLVED,11/4/2019 12:00:00 AM,A,22350,False,1.0,I-280 N/B,,,11/12/2019 7:43:17 PM,A,S,150.0,Meridian Ave,F,,D,11/12/2019 7:44:36 PM,11/12/2019 7:44:36 PM,,True,2,,,,,,,
1118654,9340-2019-05167,1,False,9340,11/4/2019 8:45:00 AM,845,230,1368,4313,San Jose,43,True,True,C,REAR END,,Monday,NotApplicable,False,,,False,True,False,Santa Clara Superior,D,MOTOR VEHICLE ON OTHER ROADWAY,,0,0,CLEAR,, NO UNUSUAL CONDITIONS,, ,A,DAYLIGHT,37.413153,-121.984052,,,,,A,NO PEDESTRIANS INVOLVED,11/4/2019 12:00:00 AM,A,22350,False,1.0,SR 237 W/B,,,11/12/2019 6:46:24 PM,A,W,1000.0,Great America Pky,F,,D,11/12/2019 6:47:19 PM,11/12/2019 6:47:19 PM,,True,2,,,,,,,
1118646,9340-2019-05168,1,False,9340,11/4/2019 8:30:00 AM,830,110,1368,4313,San Jose,43,True,True,C,REAR END,,Monday,NotApplicable,False,,,False,True,False,Santa Clara Superior,C,OTHER MOTOR VEHICLE,,0,0,CLEAR,, NO UNUSUAL CONDITIONS,, ,A,DAYLIGHT,37.358261,-121.870823,,,,,A,NO PEDESTRIANS INVOLVED,11/4/2019 12:00:00 AM,A,22350,False,1.0,US101 N/B,,,11/12/2019 6:00:22 PM,A,N,1950.0,McKee Rd,F,,D,11/12/2019 6:01:02 PM,11/12/2019 6:01:02 PM,,True,2,,,,,,,
1118626,9340-2019-05159,1,False,9340,11/4/2019 4:10:00 AM,410,087,1368,4313,San Jose,43,True,True,C,REAR END,,Monday,NotApplicable,False,,,False,True,True,Santa Clara Superior,C,OTHER MOTOR VEHICLE,,1,0,CLEAR,, NO UNUSUAL CONDITIONS,, ,D,DARK-NO STREET LIGHTS,37.266307,-121.859354,,,,,A,NO PEDESTRIANS INVOLVED,11/4/2019 12:00:00 AM,A,22350,False,1.0,SR-87 S/B,,,11/12/2019 4:45:13 PM,A,N,3500.0,Santa Teresa Blvd,F,,D,11/12/2019 4:45:53 PM,11/12/2019 4:45:53 PM,,True,2,,,,,,,
1118620,9340-2019-05147,1,False,9340,11/3/2019 10:30:00 AM,1030,681,1368,4313,San Jose,43,True,True,C,REAR END,,Sunday,Yes,False,,,False,True,False,Santa Clara Superior,C,OTHER MOTOR VEHICLE,,1,0,CLEAR,, NO UNUSUAL CONDITIONS,, ,A,DAYLIGHT,37.342533,-121.846379,,,,,A,NO PEDESTRIANS INVOLVED,11/3/2019 12:00:00 AM,A,22350,False,1.0,i-680 N/B TO KING ROAD,,,11/12/2019 4:30:44 PM,A,S,20.0,King Rd,F,,A,11/12/2019 4:32:43 PM,11/12/2019 4:32:43 PM,,True,2,,,,,,,
1118600,9340-2019-05162,1,False,9340,11/3/2019 8:00:00 AM,800,681,1368,4313,San Jose,43,True,True,E,HIT OBJECT,,Sunday,NotApplicable,False,,,False,True,True,Santa Clara Superior,I,FIXED OBJECT,TREE,1,0,CLEAR,, NO UNUSUAL CONDITIONS,, ,A,DAYLIGHT,37.372791,-121.851446,,,,,A,NO PEDESTRIANS INVOLVED,11/3/2019 12:00:00 AM,A,22107,False,1.0,I-680 S/B,,,11/12/2019 4:08:48 PM,A,N,1000.0,McKee Rd,F,,D,11/12/2019 4:09:59 PM,11/12/2019 4:09:59 PM,,True,2,,,,,,,
1118544,9340-2019-05154,1,False,9340,11/3/2019 6:00:00 PM,1800,282,1368,4313,San Jose,43,True,True,B,SIDE SWIPE,,Sunday,NotApplicable,False,M,,False,True,False,Santa Clara Superior,C,OTHER MOTOR VEHICLE,,0,0,CLEAR,, NO UNUSUAL CONDITIONS,, ,C,DARK-STREET LIGHTS,37.316895,-121.940624,,,,,A,NO PEDESTRIANS INVOLVED,11/3/2019 12:00:00 AM,A,21658(a),False,1.0,I-280 S/B TO I-880 N/B,,,11/12/2019 3:24:21 PM,A,N,1400.0,I-880,F,,D,11/12/2019 3:25:16 PM,11/12/2019 3:25:16 PM,,True,2,,,,,,,
1118489,9340-2019-05156,1,False,9340,11/3/2019 1:50:00 PM,1350,281,1368,4313,San Jose,43,True,True,B,SIDE SWIPE,,Sunday,NotApplicable,False,M,,False,True,False,Santa Clara Superior,C,OTHER MOTOR VEHICLE,,0,0,CLEAR,, NO UNUSUAL CONDITIONS,, ,A,DAYLIGHT,37.316984,-121.929712,,,,,A,NO PEDESTRIANS INVOLVED,11/3/2019 12:00:00 AM,A,21658(a),False,1.0,I-280 N/B,,,11/12/2019 2:45:48 PM,A,S,50.0,Bascom Ave,F,,D,11/12/2019 2:46:46 PM,11/12/2019 2:46:46 PM,,True,2,,,,,,,
1118478,9340-2019-05128,1,False,9340,11/2/2019 12:55:00 PM,1255,087,1368,4313,San Jose,43,True,True,C,REAR END,,Saturday,NotApplicable,False,,,False,True,False,Santa Clara Superior,C,OTHER MOTOR VEHICLE,,0,0,CLEAR,, NO UNUSUAL CONDITIONS,, ,A,DAYLIGHT,37.2668,-121.9483,,,,,A,NO PEDESTRIANS INVOLVED,11/2/2019 12:00:00 AM,A,22350,False,1.0,SR-87 N/B,,,11/12/2019 2:12:43 PM,A,S,500.0,Curtner Ave,F,,D,11/12/2019 2:41:22 PM,11/12/2019 2:41:22 PM,,True,2,,,,,,,
1118373,9340-2019-05138,1,False,9340,11/2/2019 6:55:00 PM,1855,281,1368,4313,San Jose,43,True,True,C,REAR END,,Saturday,NotApplicable,False,M,,False,True,False,Santa Clara Superior,C,OTHER MOTOR VEHICLE,,0,0,CLEAR,, NO UNUSUAL CONDITIONS,, ,C,DARK-STREET LIGHTS,37.316722,-121.924203,,,,,A,NO PEDESTRIANS INVOLVED,11/2/2019 12:00:00 AM,A,22350,False,1.0,I-280 S/B,,,11/12/2019 1:48:00 PM,A,N,2600.0,Meridian Ave,F,,D,11/12/2019 1:49:01 PM,11/12/2019 1:49:01 PM,,True,2,,,,,,,
1118359,9340-2019-05140,1,False,9340,11/2/2019 6:40:00 PM,1840,281,1368,4313,San Jose,43,True,True,C,REAR END,,Saturday,NotApplicable,False,M,,False,True,False,Santa Clara Superior,C,OTHER MOTOR VEHICLE,,0,0,CLEAR,, NO UNUSUAL CONDITIONS,, ,C,DARK-STREET LIGHTS,37.316732,-121.922701,,,,,A,NO PEDESTRIANS INVOLVED,11/2/2019 12:00:00 AM,A,21658(a),False,1.0,I-280 S/B,,,11/12/2019 1:43:04 PM,A,N,2200.0,Meridian Ave,F,,D,11/12/2019 1:43:44 PM,11/12/2019 1:43:44 PM,,True,2,,,,,,,
1118353,9340-2019-05142,1,False,9340,11/2/2019 5:40:00 PM,1740,681,1368,4313,San Jose,43,True,True,H,OTHER,EMBANKMENT,Saturday,Yes,False,,,False,True,True,Santa Clara Superior,I,FIXED OBJECT,EMBANKMENT,1,0,CLEAR,, NO UNUSUAL CONDITIONS,, ,B,DUSK-DAWN,37.4054,-121.8773,,,,,A,NO PEDESTRIANS INVOLVED,11/2/2019 12:00:00 AM,A,23152(g),True,1.0,I-680 N/B ,,,11/12/2019 1:36:59 PM,A,S,40.0,Mabury Rd,F,,D,11/12/2019 1:38:02 PM,11/12/2019 1:38:02 PM,,True,2,,,,,,,
1118346,9340-2019-05104,1,False,9340,10/31/2019 5:20:00 PM,1720,230,1368,4313,San Jose,43,True,True,B,SIDE SWIPE,,Thursday,NotApplicable,False,,,False,True,True,Santa Clara Superior,C,OTHER MOTOR VEHICLE,,1,0,CLEAR,, NO UNUSUAL CONDITIONS,, ,A,DAYLIGHT,37.41753,-121.972886,,,,,A,NO PEDESTRIANS INVOLVED,10/31/2019 12:00:00 AM,A,21658(a),False,1.0,SR-237 E/B,,,11/12/2019 1:31:56 PM,A,E,100.0,Great America Pky,F,,D,11/12/2019 1:32:36 PM,11/12/2019 1:32:36 PM,,True,2,,,,,,,
1118336,9340-2019-05148,1,False,9340,11/3/2019 1:02:00 PM,1302,681,1368,4313,San Jose,43,True,True,E,HIT OBJECT,,Sunday,NotApplicable,False,M,,False,True,False,Santa Clara Superior,J,OTHER OBJECT,WHEEL BARREL,0,0,CLEAR,, NO UNUSUAL CONDITIONS,, ,A,DAYLIGHT,37.343984,-121.845845,,,,,A,NO PEDESTRIANS INVOLVED,11/3/2019 12:00:00 AM,A,24002(a),False,1.0,I-680 S/B,,,11/12/2019 1:27:50 PM,A,N,260.0,King Rd,F,,D,11/12/2019 1:28:25 PM,11/12/2019 1:28:25 PM,,True,2,,,,,,,
1118236,9340-2019-05090,1,False,9340,10/30/2019 7:20:00 PM,1920,120,1368,4313,San Jose,43,True,True,F,OVERTURNED,,Wednesday,Yes,False,,,False,True,True,Santa Clara Superior,A,NON-COLLISION,,1,0,CLEAR,, NO UNUSUAL CONDITIONS,, ,B,DUSK-DAWN,37.376765,-121.942148,,,,,A,NO PEDESTRIANS INVOLVED,10/30/2019 12:00:00 AM,A,22107,False,1.0,US-101 S/B,,,11/12/2019 12:13:51 PM,A,N,75.0,TRIMBLE ROAD,F,,D,11/12/2019 12:14:41 PM,11/12/2019 12:14:41 PM,,True,2,,,,,,,
1118226,9340-2019-05131,1,False,9340,11/2/2019 12:10:00 PM,1210,110,1368,4313,San Jose,43,True,True,C,REAR END,,Saturday,NotApplicable,False,,,False,True,False,Santa Clara Superior,C,OTHER MOTOR VEHICLE,,1,0,CLEAR,, NO UNUSUAL CONDITIONS,, ,A,DAYLIGHT,37.3251,-121.837531,,,,,A,NO PEDESTRIANS INVOLVED,11/2/2019 12:00:00 AM,A,22350,False,1.0,US101 N/B,,,11/12/2019 12:02:20 PM,A,N,2800.0,Tully Rd,F,,D,11/12/2019 12:03:15 PM,11/12/2019 12:03:15 PM,,True,2,,,,,,,
1118221,9340-2019-05169,1,False,9340,11/4/2019 6:30:00 AM,630,083,1368,4313,San Jose,43,True,True,C,REAR END,,Monday,NotApplicable,False,,,False,True,False,Santa Clara Superior,C,OTHER MOTOR VEHICLE,,0,0,CLEAR,, NO UNUSUAL CONDITIONS,, ,A,DAYLIGHT,37.24352,-121.810961,,,,,A,NO PEDESTRIANS INVOLVED,11/4/2019 12:00:00 AM,A,22350,False,1.0,SR-85 N/B,,,11/12/2019 11:59:41 AM,A,S,1914.0,Lean Ave,F,,D,11/12/2019 12:00:39 PM,11/12/2019 12:00:39 PM,,True,2,,,,,,,
1118163,9340-2019-05160,1,False,9340,11/3/2019 9:55:00 PM,2155,088,1368,4313,San Jose,43,True,True,C,REAR END,,Sunday,NotApplicable,False,,,False,True,True,Santa Clara Superior,C,OTHER MOTOR VEHICLE,,0,0,CLEAR,, NO UNUSUAL CONDITIONS,, ,D,DARK-NO STREET LIGHTS,37.34194,-121.92694,,,,,A,NO PEDESTRIANS INVOLVED,11/3/2019 12:00:00 AM,A,22350,False,1.0,I-880 S/B,,,11/12/2019 11:17:40 AM,A,S,200.0,The Alameda,F,,D,11/12/2019 11:19:18 AM,11/12/2019 11:19:18 AM,,True,2,,,,,,,
1118151,9340-2019-05130,1,False,9340,11/2/2019 11:15:00 AM,1115,089,1368,4313,San Jose,43,True,True,B,SIDE SWIPE,,Saturday,NotApplicable,False,M,,False,True,False,Santa Clara Superior,C,OTHER MOTOR VEHICLE,,0,0,CLEAR,, NO UNUSUAL CONDITIONS,, ,A,DAYLIGHT,37.2151,-121.547,,,,,A,NO PEDESTRIANS INVOLVED,11/2/2019 12:00:00 AM,A,21658(a),False,1.0,I-880 S/B,,,11/12/2019 11:13:19 AM,A,S,1100.0,Old Bayshore Hwy,F,,D,11/12/2019 11:14:36 AM,11/12/2019 11:14:36 AM,,True,2,,,,,,,
1118134,9340-2019-05112,1,False,9340,10/31/2019 10:45:00 PM,2245,281,1368,4313,San Jose,43,True,True,C,REAR END,,Thursday,NotApplicable,False,,,False,True,False,Santa Clara Superior,C,OTHER MOTOR VEHICLE,,0,0,CLEAR,, NO UNUSUAL CONDITIONS,, ,A,DAYLIGHT,37.32451,-121.88966,,,,,A,NO PEDESTRIANS INVOLVED,10/31/2019 12:00:00 AM,A,22350,False,1.0,I-280 N/B,,,11/12/2019 11:00:41 AM,A,S,400.0,SR-87,F,,D,11/12/2019 11:01:39 AM,11/12/2019 11:01:39 AM,,True,2,,,,,,,
1118098,9340-2019-05158,1,False,9340,11/3/2019 11:05:00 PM,2305,282,1368,4313,San Jose,43,True,True,E,HIT OBJECT,,Sunday,NotApplicable,False,,,False,True,True,Santa Clara Superior,I,FIXED OBJECT,CONCRETE CENTER DIVIDE,0,0,CLEAR,, NO UNUSUAL CONDITIONS,, ,D,DARK-NO STREET LIGHTS,37.3168,-121.974,,,,,A,NO PEDESTRIANS INVOLVED,11/3/2019 12:00:00 AM,A,22107,False,1.0,I-280 S/B,,,11/12/2019 10:40:15 AM,A,N,100.0,Saratoga Ave,F,,D,11/12/2019 10:41:10 AM,11/12/2019 10:41:10 AM,,True,2,,,,,,,