Collision Id,	Report Number,	Report Version,	Is Preliminary,	NCIC Code,Crash Date Time,	Crash Time Description,	Beat,City Id,	City Code,	City Name,County Code,	City Is Active,	City Is Incorporated,	Collision Type Code,Collision Type Description,	Collision Type Other Desc,	Day Of Week,	DispatchNotified,	HasPhotographs,	HitRun,	IsAttachmentsMailed,	IsDeleted,	IsHighwayRelated,	IsTowAway,	JudicialDistrict,	MotorVehicleInvolvedWithCode,	MotorVehicleInvolvedWithDesc,MotorVehicleInvolvedWithOtherDesc,	NumberInjured,	NumberKilled,Weather 1, Weather 2, Road Condition 1, Road Condition 2, Special Condition,LightingCode, LightingDescription,Latitude,Longitude,MilepostDirection,MilepostDistance,MilepostMarker,MilepostUnitOfMeasure,	PedestrianActionCode,PedestrianActionDesc,PreparedDate,	Primary Collision Factor Code,Primary Collision Factor Violation,PrimaryCollisionFactorIsCited,	PrimaryCollisionPartyNumber,	PrimaryRoad,	ReportingDistrict,	ReportingDistrictCode,ReviewedDate,	RoadwaySurfaceCode,SecondaryDirection,	SecondaryDistance,	SecondaryRoad,	SecondaryUnitOfMeasure,	SketchDesc,	TrafficControlDeviceCode,CreatedDate,	ModifiedDate,IsCountyRoad,IsFreeway,CHP555Version,	IsAdditonalObjectStruck,NotificationDate,	NotificationTimeDescription,	HasDigitalMediaFiles,	EvidenceNumber,	IsLocationReferToNarrative,	IsAOIOneSameAsLocation
1117047,9340-2019-05085,1,False,9340,10/30/2019 7:10:00 PM,1910,282,1368,4313,San Jose,43,True,True,C,REAR END,,Wednesday,NotApplicable,False,,,False,True,False,Santa Clara Superior,C,OTHER MOTOR VEHICLE,,0,0,CLEAR,, NO UNUSUAL CONDITIONS,, ,C,DARK-STREET LIGHTS,37.317259,-121.940519,,,,,A,NO PEDESTRIANS INVOLVED,10/30/2019 12:00:00 AM,A,22350,False,1.0,I-280 S/B,,,11/10/2019 7:55:12 PM,A,N,30.0,I-880,F,,D,11/10/2019 7:56:39 PM,11/10/2019 7:56:39 PM,,True,2,,,,,,,
1117045,9340-2019-05196,1,False,9340,11/5/2019 4:15:00 PM,1615,087,1368,4313,San Jose,43,True,True,C,REAR END,,Tuesday,NotApplicable,False,,,False,True,False,Santa Clara Superior,C,OTHER MOTOR VEHICLE,,0,0,CLEAR,, NO UNUSUAL CONDITIONS,, ,A,DAYLIGHT,37.3255,-121.8939,,,,,A,NO PEDESTRIANS INVOLVED,11/5/2019 12:00:00 AM,A,22350,False,1.0,SR-87 SOUTHBOUND FROM AUZERIAS AVENUE,,,11/10/2019 7:41:35 PM,A,S,100.0,Auzerais Ave,F,,A,11/10/2019 7:42:11 PM,11/10/2019 7:42:11 PM,,True,2,,,,,,,
1117031,9340-2019-05119,1,False,9340,11/1/2019 4:37:00 PM,1637,088,1368,4313,San Jose,43,True,True,B,SIDE SWIPE,,Friday,NotApplicable,False,,,False,True,False,Santa Clara Superior,C,OTHER MOTOR VEHICLE,,0,0,CLEAR,, NO UNUSUAL CONDITIONS,, ,A,DAYLIGHT,37.358568,-121.907096,,,,,A,NO PEDESTRIANS INVOLVED,11/1/2019 12:00:00 AM,A,22107,False,1.0,I-880 S/B,,,11/10/2019 5:55:05 PM,A,S,945.0,1st St,F,,D,11/10/2019 5:55:44 PM,11/10/2019 5:55:44 PM,,True,2,,,,,,,
1117021,9340-2019-05285,1,False,9340,10/29/2019 7:25:00 PM,1925,230,1368,4313,San Jose,43,True,True,B,SIDE SWIPE,,Tuesday,NotApplicable,False,M,,False,True,False,Santa Clara Superior,C,OTHER MOTOR VEHICLE,,0,0,CLEAR,, NO UNUSUAL CONDITIONS,, Counter Report / Late-Reported,C,DARK-STREET LIGHTS,37.4083,-122.0022,,,,,A,NO PEDESTRIANS INVOLVED,11/8/2019 12:00:00 AM,A,22107,False,1.0, SR-237 E/B,,,11/10/2019 4:03:29 PM,A,E,100.0,Lawrence Expy,F,,D,11/10/2019 4:04:38 PM,11/10/2019 4:04:38 PM,,True,2,,,,,,,
1117005,9340-2019-05022,1,False,9340,10/27/2019 5:30:00 PM,1730,230,1368,4313,San Jose,43,True,True,B,SIDE SWIPE,,Sunday,Yes,False,,,False,True,False,Santa Clara Superior,C,OTHER MOTOR VEHICLE,,0,0,CLEAR,, NO UNUSUAL CONDITIONS,, ,A,DAYLIGHT,37.416245,-121.976065,,,,,A,NO PEDESTRIANS INVOLVED,10/27/2019 12:00:00 AM,A,23152(a),True,1.0,SR-237 E/B FROM GREAT AMERICA PKWY,,,11/10/2019 2:44:28 PM,A,E,400.0,Great America Pky,F,,D,11/10/2019 2:45:43 PM,11/10/2019 2:45:43 PM,,True,2,,,,,,,
1116671,9725-2019-01864,1,False,9725,10/31/2019 6:15:00 AM,615,013,1368,4313,San Jose,43,True,True,B,SIDE SWIPE,,Thursday,NotApplicable,False,,,False,True,True,Santa Clara Superior,C,OTHER MOTOR VEHICLE,,0,0,CLEAR,, NO UNUSUAL CONDITIONS,, ,D,DARK-NO STREET LIGHTS,37.227683,-121.743999,,,,,A,NO PEDESTRIANS INVOLVED,10/31/2019 12:00:00 AM,A,22107,False,1.0,US-101 N/B ,,,11/8/2019 2:40:16 PM,A,S,0.2,Metcalf Rd,M,,D,11/8/2019 2:42:19 PM,11/8/2019 2:42:19 PM,,True,2,,,,,,,
1116624,9340-2019-04822,1,False,9430,10/18/2019 8:45:00 AM,845,281,1368,4313,San Jose,43,True,True,C,REAR END,,Friday,Yes,False,F,,False,True,True,Santa Clara Superior,C,OTHER MOTOR VEHICLE,,1,0,CLEAR,, NO UNUSUAL CONDITIONS,, ,A,DAYLIGHT,37.3168,-121.9299,,,,,A,NO PEDESTRIANS INVOLVED,10/18/2019 12:00:00 AM,A,22350,False,2.0,I-280 N/B,,,11/8/2019 2:00:41 PM,A,S,500.0,Bascom Ave.,F,,D,11/8/2019 2:01:32 PM,11/8/2019 2:01:32 PM,,True,2,,,,,,,
1116619,9340-2019-05050,1,False,9340,10/29/2019 7:30:00 AM,730,282,1368,4313,San Jose,43,True,True,C,REAR END,,Tuesday,NotApplicable,False,,,False,True,True,Santa Clara Superior,C,OTHER MOTOR VEHICLE,,0,0,CLEAR,, NO UNUSUAL CONDITIONS,, ,A,DAYLIGHT,37.3172,-121.9427,,,,,A,NO PEDESTRIANS INVOLVED,10/29/2019 12:00:00 AM,A,22350,False,1.0,I-280 N/B,,,11/8/2019 1:55:17 PM,A,N,400.0,I-880,F,,D,11/8/2019 1:56:13 PM,11/8/2019 1:56:13 PM,,True,2,,,,,,,
1116599,9340-2019-04838,1,False,9340,10/18/2019 10:25:00 PM,2225,681,1368,4313,San Jose,43,True,True,C,REAR END,,Friday,NotApplicable,False,,,False,True,True,Santa Clara Superior,C,OTHER MOTOR VEHICLE,,0,0,CLEAR,, NO UNUSUAL CONDITIONS,, ,D,DARK-NO STREET LIGHTS,37.3483,-121.8402,,,,,A,NO PEDESTRIANS INVOLVED,10/18/2019 12:00:00 AM,A,21658(a),False,1.0,I-680 S/B,,,11/8/2019 1:29:49 PM,A,S,1400.0,Jackson Ave,F,,D,11/8/2019 1:30:26 PM,11/8/2019 1:30:26 PM,,True,2,,,,,,,
1116574,9340-2019-04856,1,False,9340,10/19/2019 4:10:00 PM,1610,087,1368,4313,San Jose,43,True,True,E,HIT OBJECT,,Saturday,Yes,True,,,False,True,True,Santa Clara Superior,I,FIXED OBJECT,Concrete Barrier,1,0,CLEAR,, NO UNUSUAL CONDITIONS,, ,A,DAYLIGHT,37.256054,-121.861161,,,,,A,NO PEDESTRIANS INVOLVED,10/19/2019 12:00:00 AM,A,23152(g),True,1.0,SR-87 S/B TO SR-85 N/B,,,11/8/2019 12:58:37 PM,A,S,3784.0,Branham Ln,F,,D,11/8/2019 1:00:19 PM,11/8/2019 1:00:19 PM,,True,2,,,,,,,
1116552,9340-2019-05010,1,False,9340,10/26/2019 5:30:00 PM,1730,282,1368,4313,San Jose,43,True,True,B,SIDE SWIPE,,Saturday,NotApplicable,False,,,False,True,False,Santa Clara Superior,C,OTHER MOTOR VEHICLE,,0,0,CLEAR,, OBSTRUCTION ON ROADWAY*,, ,A,DAYLIGHT,37.32854,-122.01011,,,,,A,NO PEDESTRIANS INVOLVED,10/26/2019 12:00:00 AM,A,22107,False,1.0,I-280 N/B,,,11/8/2019 12:37:34 PM,A,S,0.3,Wolfe Rd,M,,D,11/8/2019 12:38:12 PM,11/8/2019 12:38:12 PM,,True,2,,,,,,,
1116546,9340-2019-05011,1,False,9340,10/26/2019 6:00:00 PM,1800,681,1368,4313,San Jose,43,True,True,C,REAR END,,Saturday,NotApplicable,False,,,False,True,False,Santa Clara Superior,C,OTHER MOTOR VEHICLE,,0,0,CLEAR,, NO UNUSUAL CONDITIONS,, ,C,DARK-STREET LIGHTS,37.3437,-121.8463,,,,,A,NO PEDESTRIANS INVOLVED,10/26/2019 12:00:00 AM,A,22350,False,1.0,I-680 S/B FROM KING ROAD,,,11/8/2019 12:32:00 PM,A,N,300.0,KING ROAD,F,,D,11/8/2019 12:33:33 PM,11/8/2019 12:33:33 PM,,True,2,,,,,,,
1116504,9340-2019-05076,1,False,9340,10/30/2019 11:00:00 AM,1100,087,1368,4313,San Jose,43,True,True,C,REAR END,,Wednesday,NotApplicable,False,M,,False,True,False,Santa Clara Superior,C,OTHER MOTOR VEHICLE,,0,0,CLEAR,, NO UNUSUAL CONDITIONS,, ,A,DAYLIGHT,37.3142,-121.88744,,,,,A,NO PEDESTRIANS INVOLVED,10/30/2019 12:00:00 AM,A,22350,False,1.0,SR-87 S/B to Alma Ave.,,,11/8/2019 11:53:29 AM,A,S,500.0,Virginia St,F,,D,11/8/2019 11:54:29 AM,11/8/2019 11:54:29 AM,,True,2,,,,,,,
1116417,9340-2019-05074,1,False,9340,10/30/2019 7:10:00 AM,710,110,1368,4313,San Jose,43,True,True,C,REAR END,,Wednesday,NotApplicable,False,,,False,True,True,Santa Clara Superior,C,OTHER MOTOR VEHICLE,,0,0,CLEAR,, NO UNUSUAL CONDITIONS,, ,A,DAYLIGHT,37.316788,-121.905188,,,,,A,NO PEDESTRIANS INVOLVED,10/30/2019 12:00:00 AM,A,22350,False,1.0,US-101 S/B TO I-280 N/B,,,11/8/2019 10:43:56 AM,A,S,150.0,I-280 N/B,F,,D,11/8/2019 10:45:24 AM,11/8/2019 10:45:24 AM,,True,2,,,,,,,
1116414,9340-2019-05062,1,False,9340,10/29/2019 4:25:00 PM,1625,089,1368,4313,San Jose,43,True,True,C,REAR END,,Tuesday,Yes,False,,,False,True,True,Santa Clara Superior,C,OTHER MOTOR VEHICLE,,1,0,CLEAR,, NO UNUSUAL CONDITIONS,, ,A,DAYLIGHT,37.3873,-121.9058,,,,,A,NO PEDESTRIANS INVOLVED,10/29/2019 12:00:00 AM,A,22350,False,1.0,I-880 S/B,,,11/8/2019 10:43:57 AM,A,N,300.0,Brokaw Rd,F,,D,11/8/2019 10:45:10 AM,11/8/2019 10:45:10 AM,,True,2,,,,,,,
1116398,9340-2019-05065,1,False,9340,10/29/2019 6:10:00 PM,1810,087,1368,4313,San Jose,43,True,True,B,SIDE SWIPE,,Tuesday,Yes,False,,,False,True,True,Santa Clara Superior,C,OTHER MOTOR VEHICLE,,1,0,CLEAR,, NO UNUSUAL CONDITIONS,, ,C,DARK-STREET LIGHTS,37.2215,-121.3353,,,,,A,NO PEDESTRIANS INVOLVED,10/29/2019 12:00:00 AM,A,21658(a),False,1.0,SR-87 S/B,,,11/8/2019 10:31:53 AM,A,S,100.0,Charcot Ave,F,,D,11/8/2019 10:33:10 AM,11/8/2019 10:33:10 AM,,True,2,,,,,,,
1116386,9340-2019-05070,1,False,9340,10/29/2019 4:00:00 PM,1600,681,1368,4313,San Jose,43,True,True,C,REAR END,,Tuesday,NotApplicable,False,,,False,True,False,Santa Clara Superior,C,OTHER MOTOR VEHICLE,,0,0,CLEAR,, OBSTRUCTION ON ROADWAY*,, ,A,DAYLIGHT,37.3501,-121.8383,,,,,A,NO PEDESTRIANS INVOLVED,10/29/2019 12:00:00 AM,A,22350VC,False,1.0, I-680 N/B to Capitol Expressway,,,11/8/2019 10:22:20 AM,A,S,467.0,JACKSON AVENUE,F,,D,11/8/2019 10:23:13 AM,11/8/2019 10:23:13 AM,,True,2,,,,,,,
1116358,9340-2019-05054,1,False,9340,10/29/2019 6:12:00 AM,612,110,1368,4313,San Jose,43,True,True,B,SIDE SWIPE,,Tuesday,NotApplicable,False,,,False,True,True,Santa Clara Superior,C,OTHER MOTOR VEHICLE,,0,0,CLEAR,, NO UNUSUAL CONDITIONS,, ,B,DUSK-DAWN,37.3255,-121.838,,,,,A,NO PEDESTRIANS INVOLVED,10/29/2019 12:00:00 AM,A,21658(a)VC,False,1.0,US-101 N/B,,,11/8/2019 10:01:28 AM,A,N,0.64,TULLY ROAD,M,,D,11/8/2019 10:02:06 AM,11/8/2019 10:02:06 AM,,True,2,,,,,,,
1116341,9340-2019-05066,1,False,9340,10/29/2019 6:36:00 PM,1836,083,1368,4313,San Jose,43,True,True,C,REAR END,,Tuesday,NotApplicable,False,,,False,True,False,Santa Clara Superior,C,OTHER MOTOR VEHICLE,,0,0,CLEAR,, NO UNUSUAL CONDITIONS,, ,D,DARK-NO STREET LIGHTS,37.250343,-121.92576,,,,,A,NO PEDESTRIANS INVOLVED,10/29/2019 12:00:00 AM,A,22350,False,1.0,SR-85 S/B,,,11/8/2019 9:51:26 AM,A,S,1580.0,Union Ave,F,,D,11/8/2019 9:52:44 AM,11/8/2019 9:52:44 AM,,True,2,,,,,,,
1116071,9340-2019-05049,1,False,9340,10/28/2019 7:10:00 PM,1910,083,1368,4313,San Jose,43,True,True,C,REAR END,,Monday,Yes,False,,,False,True,True,Santa Clara Superior,C,OTHER MOTOR VEHICLE,,1,0,CLEAR,, NO UNUSUAL CONDITIONS,, ,C,DARK-STREET LIGHTS,37.25044,-121.92892,,,,,A,NO PEDESTRIANS INVOLVED,10/28/2019 12:00:00 AM,A,22350,False,1.0,SR-85 S/B,,,11/7/2019 10:23:54 PM,A,S,480.0,Union Ave,F,,D,11/7/2019 10:27:13 PM,11/7/2019 10:27:13 PM,,True,2,,,,,,,
1116066,9340-2019-05071,1,False,9340,10/29/2019 9:10:00 AM,910,088,1368,4313,San Jose,43,True,True,C,REAR END,,Tuesday,Yes,False,,,False,True,True,Santa Clara Superior,C,OTHER MOTOR VEHICLE,,2,0,CLEAR,, NO UNUSUAL CONDITIONS,, ,A,DAYLIGHT,37.354597,-121.910892,,,,,A,NO PEDESTRIANS INVOLVED,10/29/2019 12:00:00 AM,A,22350,False,1.0,I-880 N/B,,,11/7/2019 8:45:55 PM,A,N,200.0,SR-87,F,,D,11/7/2019 8:47:04 PM,11/7/2019 8:47:04 PM,,True,2,,,,,,,
1116057,9340-2019-05161,1,False,9340,10/29/2019 9:40:00 AM,940,083,1368,4313,San Jose,43,True,True,C,REAR END,,Tuesday,NotApplicable,False,,,False,True,False,Santa Clara Superior,C,OTHER MOTOR VEHICLE,,0,0,CLEAR,, NO UNUSUAL CONDITIONS,, ,A,DAYLIGHT,37.755436,-121.944209,,,,,A,NO PEDESTRIANS INVOLVED,10/29/2019 12:00:00 AM,A,22350,False,1.0,SR-85 N/B,,,11/7/2019 7:43:16 PM,A,S,525.0,BASCOM AVE.,F,REFER TO PG. #3,D,11/7/2019 7:43:45 PM,11/7/2019 7:43:45 PM,,True,2,,,,,,,
1116053,9340-2019-05061,1,False,9340,10/29/2019 8:40:00 AM,840,120,1368,4313,San Jose,43,True,True,C,REAR END,,Tuesday,NotApplicable,False,,,False,True,False,Santa Clara Superior,C,OTHER MOTOR VEHICLE,,0,0,CLEAR,, NO UNUSUAL CONDITIONS,, ,A,DAYLIGHT,37.364162,-121.901516,,,,,A,NO PEDESTRIANS INVOLVED,10/29/2019 12:00:00 AM,A,22350,False,1.0,US101 N/B,,,11/7/2019 7:22:39 PM,A,S,850.0,I-880,F,,D,11/7/2019 7:23:19 PM,11/7/2019 7:23:19 PM,,True,2,,,,,,,
1116036,9340-2019-05045,1,False,9340,10/28/2019 4:31:00 PM,1631,281,1368,4313,San Jose,43,True,True,C,REAR END,,Monday,NotApplicable,False,,,False,True,True,Santa Clara Superior,C,OTHER MOTOR VEHICLE,,0,0,CLEAR,, NO UNUSUAL CONDITIONS,, ,A,DAYLIGHT,37.321864,-121.898555,,,,,A,NO PEDESTRIANS INVOLVED,10/28/2019 12:00:00 AM,A,22350,False,1.0,I-280 S/B TO SR-87,,,11/7/2019 5:12:23 PM,A,N,100.0,Bird Ave,F,,D,11/7/2019 5:13:51 PM,11/7/2019 5:13:51 PM,,True,2,,,,,,,
1116031,9340-2019-05046,1,False,9340,10/28/2019 4:30:00 PM,1630,281,1368,4313,San Jose,43,True,True,F,OVERTURNED,,Monday,NotApplicable,False,,,False,True,True,Santa Clara Superior,A,NON-COLLISION,,0,0,CLEAR,, NO UNUSUAL CONDITIONS,, ,A,DAYLIGHT,37.321864,-121.898555,,,,,A,NO PEDESTRIANS INVOLVED,10/28/2019 12:00:00 AM,A,22107,False,1.0,I-280 S/B TO SR-87,,,11/7/2019 4:53:26 PM,A,N,200.0,Bird Ave,F,,D,11/7/2019 4:55:10 PM,11/7/2019 4:55:10 PM,,True,2,,,,,,,
1116015,9340-2019-05033,1,False,9430,10/28/2019 3:07:00 PM,1507,281,1368,4313,San Jose,43,True,True,C,REAR END,,Monday,Yes,False,,,False,True,True,Santa Clara Superior,C,OTHER MOTOR VEHICLE,,0,0,CLEAR,, NO UNUSUAL CONDITIONS,, ,A,DAYLIGHT,37.319813,-121.901685,,,,,A,NO PEDESTRIANS INVOLVED,10/28/2019 12:00:00 AM,A,22350,False,1.0,I-280 N/B,,,11/7/2019 4:08:24 PM,A,N,1280.0,Bird Ave,F,,D,11/7/2019 4:10:07 PM,11/7/2019 4:10:07 PM,,True,2,,,,,,,
1115959,9340-2019-05032,1,False,9340,10/28/2019 10:30:00 AM,1030,087,1368,4313,San Jose,43,True,True,E,HIT OBJECT,,Monday,Yes,False,F,,False,True,True,Santa Clara Superior,C,OTHER MOTOR VEHICLE,,1,0,CLOUDY,, NO UNUSUAL CONDITIONS,, ,A,DAYLIGHT,37.3143,-121.8868,,,,,A,NO PEDESTRIANS INVOLVED,10/28/2019 12:00:00 AM,A,21658(a),False,1.0,SR-87 N/B,,,11/7/2019 3:13:37 PM,A,N,1500.0,Alma Ave,F,,D,11/7/2019 3:14:48 PM,11/7/2019 3:14:48 PM,,True,2,,,,,,,
1115913,9725-2019-01892,1,False,9725,11/6/2019 1:50:00 AM,150,013,1368,4313,San Jose,43,True,True,B,SIDE SWIPE,,Wednesday,Yes,False,,,False,True,True,South Cnty Superior,C,OTHER MOTOR VEHICLE,,0,0,CLEAR,, NO UNUSUAL CONDITIONS,, ,D,DARK-NO STREET LIGHTS,37.186378,-121.687206,,,,,A,NO PEDESTRIANS INVOLVED,11/6/2019 12:00:00 AM,A,23152(a),True,1.0,US-101 S/B,,,11/7/2019 2:40:35 PM,A,S,0.6,COYOTE CREEK GOLF DRIVE,M,,D,11/7/2019 2:41:48 PM,11/7/2019 2:41:48 PM,,True,2,,,,,,,
1115747,9340-2019-05040,1,False,9340,10/28/2019 1:00:00 PM,1300,088,1368,4313,San Jose,43,True,True,E,HIT OBJECT,,Monday,NotApplicable,False,,,False,True,False,Santa Clara Superior,J,OTHER OBJECT,ROCK,0,0,CLEAR,, NO UNUSUAL CONDITIONS,, ,A,DAYLIGHT,37.31833,-121.940184,,,,,A,NO PEDESTRIANS INVOLVED,10/28/2019 12:00:00 AM,A,23114(a),False,1.0,I-880 N/B,,,11/7/2019 12:37:10 PM,A,N,250.0,I-280,F,,D,11/7/2019 12:38:36 PM,11/7/2019 12:38:36 PM,,True,2,,,,,,,
1115705,9340-2019-05034,1,False,9430,10/28/2019 8:09:00 AM,809,281,1368,4313,San Jose,43,True,True,C,REAR END,,Monday,NotApplicable,False,,,False,True,True,Santa Clara Superior,C,OTHER MOTOR VEHICLE,,0,0,CLEAR,, NO UNUSUAL CONDITIONS,, ,A,DAYLIGHT,37.327969,-121.880381,,,,,A,NO PEDESTRIANS INVOLVED,10/28/2019 12:00:00 AM,A,22350,False,1.0,i-280 n/b from fourth st.,,,11/7/2019 12:05:48 PM,A,N,410.0,5th St,F,,D,11/7/2019 12:06:23 PM,11/7/2019 12:06:23 PM,,True,2,,,,,,,
1115697,9340-2019-05064,1,False,9340,10/28/2019 6:30:00 PM,1830,281,1368,4313,San Jose,43,True,True,C,REAR END,,Monday,Yes,False,,,False,True,True,Santa Clara Superior,C,OTHER MOTOR VEHICLE,,1,0,CLEAR,, NO UNUSUAL CONDITIONS,, ,C,DARK-STREET LIGHTS,37.3144,-121.9128,,,,,A,NO PEDESTRIANS INVOLVED,10/28/2019 12:00:00 AM,A,22350,False,1.0, I-280 S/B FROM MERIDIAN AVE.,,,11/7/2019 11:57:13 AM,A,S,200.0,Meridian Ave,F,,A,11/7/2019 11:58:58 AM,11/7/2019 11:58:58 AM,,True,2,,,,,,,
1115664,9340-2019-05043,1,False,9340,10/28/2019 6:19:00 PM,1819,282,1368,4313,San Jose,43,True,True,C,REAR END,,Monday,NotApplicable,False,M,,False,True,False,Santa Clara Superior,C,OTHER MOTOR VEHICLE,,0,0,CLEAR,, NO UNUSUAL CONDITIONS,, ,D,DARK-NO STREET LIGHTS,37.316688,-121.95118,,,,,A,NO PEDESTRIANS INVOLVED,10/28/2019 12:00:00 AM,A,22350,False,1.0,I-280 S/B,,,11/7/2019 11:29:59 AM,A,S,240.0,Winchester Blvd,F,,D,11/7/2019 11:31:03 AM,11/7/2019 11:31:03 AM,,True,2,,,,,,,
1115640,9340-2019-05031,1,False,9340,10/28/2019 8:24:00 AM,824,083,1368,4313,San Jose,43,True,True,C,REAR END,,Monday,NotApplicable,False,,,False,True,False,Santa Clara Superior,C,OTHER MOTOR VEHICLE,,0,0,CLEAR,, NO UNUSUAL CONDITIONS,, ,A,DAYLIGHT,37.155,-121.5557,N,60.0,85 SCL 9.277,F,A,NO PEDESTRIANS INVOLVED,10/28/2019 12:00:00 AM,A,22350,False,1.0,SR-85 N/B,,,11/7/2019 11:15:51 AM,A,N,60.0,Union Ave,F,,D,11/7/2019 11:17:08 AM,11/7/2019 11:17:08 AM,,True,2,,,,,,,
1115122,9340-2019-05039,1,False,9340,10/28/2019 7:00:00 AM,700,110,1368,4313,San Jose,43,True,True,C,REAR END,,Monday,NotApplicable,False,,,False,True,True,Santa Clara Superior,C,OTHER MOTOR VEHICLE,,0,0,CLEAR,, NO UNUSUAL CONDITIONS,, ,A,DAYLIGHT,37.281,-121.8077,,,,,A,NO PEDESTRIANS INVOLVED,10/28/2019 12:00:00 AM,A,22350,False,1.0,US-101 N/B,,,11/6/2019 4:41:12 PM,A,S,500.0,Hellyer Road,F,,D,11/6/2019 4:42:07 PM,11/6/2019 4:42:07 PM,,True,2,,,,,,,
1115106,9340-2019-05028,1,False,9340,10/26/2019 2:40:00 AM,240,120,1368,4313,San Jose,43,True,True,E,HIT OBJECT,,Saturday,NotApplicable,False,M,,False,True,True,Santa Clara Superior,I,FIXED OBJECT,DIRT EMBANKMENT,0,0,CLEAR,, NO UNUSUAL CONDITIONS,, ,D,DARK-NO STREET LIGHTS,37.37286,-121.91583,,,,,A,NO PEDESTRIANS INVOLVED,10/26/2019 12:00:00 AM,A,22107,False,1.0,US-101 N/B TO BROKAW RD,,,11/6/2019 4:18:19 PM,A,N,400.0,US101,F,,D,11/6/2019 4:19:02 PM,11/6/2019 4:19:02 PM,,True,2,,,,,,,
1115085,9340-2019-04992,1,False,9340,10/25/2019 2:00:00 AM,200,088,1368,4313,San Jose,43,True,True,F,OVERTURNED,,Friday,Yes,False,,,False,True,True,Santa Clara Superior,J,OTHER OBJECT,BUSH,5,0,CLEAR,, NO UNUSUAL CONDITIONS,, ,D,DARK-NO STREET LIGHTS,37.34172,-121.92603,,,,,A,NO PEDESTRIANS INVOLVED,10/25/2019 12:00:00 AM,A,22350,False,1.0,I-880 N/B TO THE ALAMEDA,,,11/6/2019 3:05:22 PM,A,S,300.0,The Alameda,F,,D,11/6/2019 3:49:49 PM,11/6/2019 3:49:49 PM,,True,2,,,,,,,
1114865,9340-2019-05015,1,False,9340,10/27/2019 3:00:00 AM,300,110,1368,4313,San Jose,43,True,True,C,REAR END,,Sunday,NotApplicable,False,M,,False,True,False,Santa Clara Superior,C,OTHER MOTOR VEHICLE,,0,0,CLEAR,, NO UNUSUAL CONDITIONS,, ,D,DARK-NO STREET LIGHTS,37.276752,-121.805086,,,,,A,NO PEDESTRIANS INVOLVED,10/27/2019 12:00:00 AM,A,22350,False,1.0,US101 N/B,,,11/6/2019 1:03:01 PM,A,S,500.0,Hellyer Ave,F,,D,11/6/2019 1:03:41 PM,11/6/2019 1:03:41 PM,,True,2,,,,,,,
1114864,9725-2019-01832,2,False,9725,10/26/2019 6:30:00 PM,1830,085,1368,4313,San Jose,43,True,True,E,HIT OBJECT,,Saturday,Yes,False,M,,False,True,False,Santa Clara Superior,J,OTHER OBJECT,Wheel Barrell,0,0,CLEAR,, NO UNUSUAL CONDITIONS,, ,D,DARK-NO STREET LIGHTS,37.24064,-121.795847,,,,,A,NO PEDESTRIANS INVOLVED,10/26/2019 12:00:00 AM,A,23114(a),False,1.0,SR-85 S/B,,,1/28/2020 7:37:11 AM,A,S,0.2,Cottle Rd,M,,D,11/6/2019 1:03:11 PM,1/28/2020 7:42:33 AM,,True,2,,,,,,,
1114776,9340-2019-05019,1,False,9340,10/27/2019 4:10:00 AM,410,087,1368,4313,San Jose,43,True,True,C,REAR END,,Sunday,Yes,False,,,False,True,True,Santa Clara Superior,C,OTHER MOTOR VEHICLE,,2,0,CLEAR,, NO UNUSUAL CONDITIONS,, ,D,DARK-NO STREET LIGHTS,37.30884,-121.88219,,,,,A,NO PEDESTRIANS INVOLVED,10/27/2019 12:00:00 AM,A,22350,False,1.0,SR-87 N/B,,,11/6/2019 12:04:05 PM,A,N,3000.0,Almaden Expy,F,,D,11/6/2019 12:05:42 PM,11/6/2019 12:05:42 PM,,True,2,,,,,,,
1114752,9340-2019-05100,1,False,9340,10/27/2019 11:00:00 AM,1100,083,1368,4313,San Jose,43,True,True,C,REAR END,,Sunday,NotApplicable,False,,,False,True,True,Santa Clara Superior,C,OTHER MOTOR VEHICLE,,0,0,CLEAR,, NO UNUSUAL CONDITIONS,, ,A,DAYLIGHT,37.24777,-121.83061,,,,,A,NO PEDESTRIANS INVOLVED,10/27/2019 12:00:00 AM,A,22350,False,1.0,SR-85 N/B,,,11/6/2019 11:40:52 AM,A,S,0.4,Blossom Hill Rd,M,,D,11/6/2019 11:43:15 AM,11/6/2019 11:43:15 AM,,True,2,,,,,,,