Collision Id,	Report Number,	Report Version,	Is Preliminary,	NCIC Code,Crash Date Time,	Crash Time Description,	Beat,City Id,	City Code,	City Name,County Code,	City Is Active,	City Is Incorporated,	Collision Type Code,Collision Type Description,	Collision Type Other Desc,	Day Of Week,	DispatchNotified,	HasPhotographs,	HitRun,	IsAttachmentsMailed,	IsDeleted,	IsHighwayRelated,	IsTowAway,	JudicialDistrict,	MotorVehicleInvolvedWithCode,	MotorVehicleInvolvedWithDesc,MotorVehicleInvolvedWithOtherDesc,	NumberInjured,	NumberKilled,Weather 1, Weather 2, Road Condition 1, Road Condition 2, Special Condition,LightingCode, LightingDescription,Latitude,Longitude,MilepostDirection,MilepostDistance,MilepostMarker,MilepostUnitOfMeasure,	PedestrianActionCode,PedestrianActionDesc,PreparedDate,	Primary Collision Factor Code,Primary Collision Factor Violation,PrimaryCollisionFactorIsCited,	PrimaryCollisionPartyNumber,	PrimaryRoad,	ReportingDistrict,	ReportingDistrictCode,ReviewedDate,	RoadwaySurfaceCode,SecondaryDirection,	SecondaryDistance,	SecondaryRoad,	SecondaryUnitOfMeasure,	SketchDesc,	TrafficControlDeviceCode,CreatedDate,	ModifiedDate,IsCountyRoad,IsFreeway,CHP555Version,	IsAdditonalObjectStruck,NotificationDate,	NotificationTimeDescription,	HasDigitalMediaFiles,	EvidenceNumber,	IsLocationReferToNarrative,	IsAOIOneSameAsLocation
1130838,9340-2019-05583,1,False,9340,11/25/2019 1:45:00 PM,1345,088,1368,4313,San Jose,43,True,True,F,OVERTURNED,,Monday,NotApplicable,False,,,False,True,True,Santa Clara Superior,I,FIXED OBJECT,roadway,0,0,CLEAR,, NO UNUSUAL CONDITIONS,, ,A,DAYLIGHT,37.31799,-121.94146,,,,,A,NO PEDESTRIANS INVOLVED,11/25/2019 12:00:00 AM,A,22350,False,1.0,I-280 S/B from I-880 S/B,,,11/27/2019 9:27:46 AM,A,N,400.0,Moorpark Ave,F,,D,11/27/2019 9:28:40 AM,11/27/2019 9:28:40 AM,,True,2,,,,,,,
1130790,9340-2019-05501,1,False,9340,11/20/2019 4:11:00 PM,1611,281,1368,4313,San Jose,43,True,True,C,REAR END,,Wednesday,NotApplicable,False,,,False,True,True,Santa Clara Superior,C,OTHER MOTOR VEHICLE,,0,0,CLEAR,, NO UNUSUAL CONDITIONS,, ,A,DAYLIGHT,37.3259,-121.8832,,,,,A,NO PEDESTRIANS INVOLVED,11/20/2019 12:00:00 AM,A,22350,False,1.0,I-280 S/B from 1st Street,,,11/27/2019 8:56:01 AM,A,N,50.0,1st Street,F,,A,11/27/2019 8:56:39 AM,11/27/2019 8:56:39 AM,,True,2,,,,,,,
1130686,9340-2019-05558,1,False,9340,11/24/2019 12:50:00 AM,50,083,1368,4313,San Jose,43,True,True,C,REAR END,,Sunday,NotApplicable,False,M,,False,True,False,Santa Clara Superior,C,OTHER MOTOR VEHICLE,,0,0,CLEAR,, NO UNUSUAL CONDITIONS,, ,D,DARK-NO STREET LIGHTS,37.255465,-121.848976,,,,,A,NO PEDESTRIANS INVOLVED,11/24/2019 12:00:00 AM,A,22350,False,1.0,SR-85 N/B,,,11/27/2019 7:39:11 AM,A,S,2500.0,Santa Teresa Blvd,F,,D,11/27/2019 7:41:26 AM,11/27/2019 7:41:26 AM,,True,2,,,,,,,
1130671,9340-2019-05489,1,False,9340,11/20/2019 4:10:00 PM,1610,282,1368,4313,San Jose,43,True,True,C,REAR END,,Wednesday,Yes,False,,,False,True,False,Santa Clara Superior,C,OTHER MOTOR VEHICLE,,1,0,CLEAR,, NO UNUSUAL CONDITIONS,, ,A,DAYLIGHT,37.31664,-121.95263,,,,,A,NO PEDESTRIANS INVOLVED,11/20/2019 12:00:00 AM,A,22350,False,1.0,I-280 S/B,,,11/27/2019 7:29:08 AM,A,N,300.0,Winchester Blvd,F,,D,11/27/2019 7:30:08 AM,11/27/2019 7:30:08 AM,,True,2,,,,,,,
1130668,9340-2019-05401,1,False,9340,11/15/2019 1:30:00 PM,1330,240,1368,4313,San Jose,43,True,True,C,REAR END,,Friday,NotApplicable,False,M,,False,True,True,Santa Clara Superior,C,OTHER MOTOR VEHICLE,,0,0,CLEAR,, NO UNUSUAL CONDITIONS,, ,A,DAYLIGHT,37.420541,-121.939043,,,,,A,NO PEDESTRIANS INVOLVED,11/15/2019 12:00:00 AM,A,22350,False,1.0,SR-237 W/B,,,11/27/2019 7:25:51 AM,A,E,200.0,Zanker Rd,F,,D,11/27/2019 7:26:47 AM,11/27/2019 7:26:47 AM,,True,2,,,,,,,
1130491,9340-2019-05578,1,False,9340,11/25/2019 1:38:00 PM,1338,230,1368,4313,San Jose,43,True,True,C,REAR END,,Monday,NotApplicable,False,,,False,True,False,Santa Clara Superior,C,OTHER MOTOR VEHICLE,,0,0,CLEAR,, NO UNUSUAL CONDITIONS,, ,A,DAYLIGHT,37.41914,-121.96138,,,,,A,NO PEDESTRIANS INVOLVED,11/25/2019 12:00:00 AM,A,22350,False,1.0,SR-237 E/B,,,11/26/2019 6:15:29 PM,A,W,800.0,north first street,F,,D,11/26/2019 6:16:47 PM,11/26/2019 6:16:47 PM,,True,2,,,,,,,
1130443,9340-2019-05555,1,False,9340,11/23/2019 2:45:00 PM,1445,089,1368,4313,San Jose,43,True,True,C,REAR END,,Saturday,NotApplicable,False,M,,False,True,False,Santa Clara Superior,C,OTHER MOTOR VEHICLE,,0,0,CLEAR,, NO UNUSUAL CONDITIONS,, ,A,DAYLIGHT,37.37033,-121.9019,,,,,A,NO PEDESTRIANS INVOLVED,11/23/2019 12:00:00 AM,A,22350,False,1.0,I-880 S/B,,,11/26/2019 4:30:35 PM,A,N,800.0,Old Bayshore Hwy,F,,D,11/26/2019 4:31:48 PM,11/26/2019 4:31:48 PM,,True,2,,,,,,,
1130419,9340-2019-05514,1,False,9340,11/21/2019 2:45:00 PM,1445,088,1368,4313,San Jose,43,True,True,C,REAR END,,Thursday,NotApplicable,False,,,False,True,False,Santa Clara Superior,C,OTHER MOTOR VEHICLE,,0,0,CLEAR,, NO UNUSUAL CONDITIONS,, ,A,DAYLIGHT,37.3383,-121.9315,,,,,A,NO PEDESTRIANS INVOLVED,11/21/2019 12:00:00 AM,A,22350,False,1.0,I-880 SOUTHBOUND,,,11/26/2019 4:11:33 PM,A,N,2000.0,Bascom Ave,F,,D,11/26/2019 4:12:46 PM,11/26/2019 4:12:46 PM,,True,2,,,,,,,
1130393,9340-2019-05437,1,False,9340,11/17/2019 4:25:00 PM,1625,110,1368,4313,San Jose,43,True,True,C,REAR END,,Sunday,Yes,False,,,False,True,True,Santa Clara Superior,C,OTHER MOTOR VEHICLE,,1,0,CLEAR,, NO UNUSUAL CONDITIONS,, ,A,DAYLIGHT,37.363065,-121.890698,,,,,A,NO PEDESTRIANS INVOLVED,11/17/2019 12:00:00 AM,A,22350,False,1.0,US-101 N/B,,,11/26/2019 3:45:03 PM,A,S,200.0,Oakland Rd,F,,D,11/26/2019 3:46:36 PM,11/26/2019 3:46:36 PM,,True,2,,,,,,,
1130351,9340-2019-05526,1,False,9340,11/22/2019 11:10:00 AM,1110,281,1368,4313,San Jose,43,True,True,C,REAR END,,Friday,NotApplicable,False,,,False,True,False,Santa Clara Superior,C,OTHER MOTOR VEHICLE,,0,0,CLEAR,, NO UNUSUAL CONDITIONS,, ,A,DAYLIGHT,37.322813,-121.939208,,,,,A,NO PEDESTRIANS INVOLVED,11/22/2019 12:00:00 AM,A,22350,False,1.0,I-280 N/B TO STEVENS CREEK BOULEVARD,,,11/26/2019 3:07:17 PM,A,S,110.0,Stevens Creek Blvd,F,,D,11/26/2019 3:08:31 PM,11/26/2019 3:08:31 PM,,True,2,,,,,,,
1130336,9340-2019-05494,1,False,9340,11/21/2019 1:13:00 AM,113,281,1368,4313,San Jose,43,True,True,D,BROADSIDE,,Thursday,NotApplicable,False,,,False,True,False,Santa Clara Superior,C,OTHER MOTOR VEHICLE,,0,0,CLOUDY,, NO UNUSUAL CONDITIONS,, ,D,DARK-NO STREET LIGHTS,37.330445,-121.867203,,,,,A,NO PEDESTRIANS INVOLVED,11/21/2019 12:00:00 AM,A,22350,False,1.0,I-280 N/B,,,11/26/2019 2:45:22 PM,A,S,1400.0,11th St,F,,D,11/26/2019 2:53:56 PM,11/26/2019 2:53:56 PM,,True,2,,,,,,,
1130318,9340-2019-05493,1,False,9340,11/21/2019 1:12:00 AM,112,281,1368,4313,San Jose,43,True,True,C,REAR END,,Thursday,NotApplicable,False,,,False,True,True,Santa Clara Superior,C,OTHER MOTOR VEHICLE,,1,0,CLOUDY,, OBSTRUCTION ON ROADWAY*,, ,D,DARK-NO STREET LIGHTS,37.330445,-121.867203,,,,,A,NO PEDESTRIANS INVOLVED,11/21/2019 12:00:00 AM,A,22350,False,1.0,I-280 N/B,,,11/26/2019 2:40:39 PM,A,S,1450.0,11th St,F,,D,11/26/2019 2:41:33 PM,11/26/2019 2:41:33 PM,,True,2,,,,,,,
1130306,9340-2019-05492,1,False,9340,11/21/2019 12:11:00 AM,11,281,1368,4313,San Jose,43,True,True,C,REAR END,,Thursday,NotApplicable,False,,,False,True,True,Santa Clara Superior,C,OTHER MOTOR VEHICLE,,0,0,CLOUDY,, OBSTRUCTION ON ROADWAY*,, ,D,DARK-NO STREET LIGHTS,37.330445,-121.867203,,,,,A,NO PEDESTRIANS INVOLVED,11/21/2019 12:00:00 AM,A,22350,False,1.0,I-280 N/B,,,11/26/2019 2:35:05 PM,A,S,1450.0,11th St,F,,D,11/26/2019 2:35:53 PM,11/26/2019 2:35:53 PM,,True,2,,,,,,,
1130292,9340-2019-05491,1,False,9340,11/21/2019 12:10:00 AM,10,281,1368,4313,San Jose,43,True,True,C,REAR END,,Thursday,NotApplicable,False,,,False,True,True,Santa Clara Superior,C,OTHER MOTOR VEHICLE,,0,0,CLOUDY,, NO UNUSUAL CONDITIONS,, ,D,DARK-NO STREET LIGHTS,37.330445,-121.867203,,,,,A,NO PEDESTRIANS INVOLVED,11/21/2019 12:00:00 AM,A,22350,False,1.0,I-280 N/B,,,11/26/2019 2:25:56 PM,A,S,1500.0,11th St,F,,D,11/26/2019 2:27:06 PM,11/26/2019 2:27:06 PM,,True,2,,,,,,,
1130175,9340-2019-05584,1,False,9340,11/25/2019 2:00:00 PM,1400,681,1368,4313,San Jose,43,True,True,B,SIDE SWIPE,,Monday,NotApplicable,False,,,False,True,False,Santa Clara Superior,C,OTHER MOTOR VEHICLE,,0,0,CLEAR,, NO UNUSUAL CONDITIONS,, ,A,DAYLIGHT,37.3453,-121.8434,,,,,A,NO PEDESTRIANS INVOLVED,11/25/2019 12:00:00 AM,A,21658(a),False,1.0,I-680 N/B,,,11/26/2019 12:57:20 PM,A,N,3300.0,US-101,F,,D,11/26/2019 12:58:14 PM,11/26/2019 12:58:14 PM,,True,2,,,,,,,
1130074,9340-2019-05569,1,False,9340,11/24/2019 9:04:00 PM,2104,230,1368,4313,San Jose,43,True,True,C,REAR END,,Sunday,NotApplicable,False,,,False,True,True,Santa Clara Superior,C,OTHER MOTOR VEHICLE,,1,0,CLEAR,, NO UNUSUAL CONDITIONS,, ,C,DARK-STREET LIGHTS,37.41306,-121.984438,,,,,A,NO PEDESTRIANS INVOLVED,11/24/2019 12:00:00 AM,A,22350,False,1.0,SR-237 W/B,,,11/26/2019 11:46:50 AM,A,W,2190.0,Great America Pky,F,,D,11/26/2019 11:48:22 AM,11/26/2019 11:48:22 AM,,True,2,,,,,,,
1130032,9340-2019-05554,1,False,9340,11/23/2019 7:19:00 PM,1919,120,1368,4313,San Jose,43,True,True,C,REAR END,,Saturday,NotApplicable,False,,,False,True,False,Santa Clara Superior,C,OTHER MOTOR VEHICLE,,0,0,CLEAR,, NO UNUSUAL CONDITIONS,, ,D,DARK-NO STREET LIGHTS,37.37753,-121.946362,,,,,A,NO PEDESTRIANS INVOLVED,11/23/2019 12:00:00 AM,A,22350,False,1.0,US101 S/B,,,11/26/2019 11:17:44 AM,A,N,1340.0,De la Cruz Blvd,F,,D,11/26/2019 11:18:22 AM,11/26/2019 11:18:22 AM,,True,2,,,,,,,
1130028,9340-2019-05564,1,False,9340,11/23/2019 6:30:00 PM,1830,120,1368,4313,San Jose,43,True,True,C,REAR END,,Saturday,NotApplicable,False,,,False,True,True,Santa Clara Superior,C,OTHER MOTOR VEHICLE,,0,0,CLEAR,, NO UNUSUAL CONDITIONS,, ,C,DARK-STREET LIGHTS,37.3779,-121.9463,,,,,A,NO PEDESTRIANS INVOLVED,11/23/2019 12:00:00 AM,A,22350,False,1.0,US101 N/B,,,11/26/2019 11:11:53 AM,A,N,1000.0,Trimble Rd,F,,D,11/26/2019 11:12:27 AM,11/26/2019 11:12:27 AM,,True,2,,,,,,,
1130005,9340-2019-05553,1,False,9340,11/23/2019 5:27:00 PM,1727,681,1368,4313,San Jose,43,True,True,C,REAR END,,Saturday,NotApplicable,False,,,False,True,False,Santa Clara Superior,C,OTHER MOTOR VEHICLE,,0,0,CLEAR,, NO UNUSUAL CONDITIONS,, ,D,DARK-NO STREET LIGHTS,37.33613,-121.84981,,,,,A,NO PEDESTRIANS INVOLVED,11/23/2019 12:00:00 AM,A,22350,False,1.0,I-680 S/B (TO US-101 S/B),,,11/26/2019 10:59:11 AM,A,S,250.0,king rd.,F,,D,11/26/2019 10:59:48 AM,11/26/2019 10:59:48 AM,,True,2,,,,,,,
1129990,9340-2019-05550,1,False,9340,11/23/2019 12:00:00 PM,1200,088,1368,4313,San Jose,43,True,True,C,REAR END,,Saturday,NotApplicable,False,,,False,True,False,Santa Clara Superior,C,OTHER MOTOR VEHICLE,,0,0,CLEAR,, NO UNUSUAL CONDITIONS,, ,A,DAYLIGHT,37.361089,-121.90434,,,,,A,NO PEDESTRIANS INVOLVED,11/23/2019 12:00:00 AM,A,22350,False,1.0,I-880 NB,,,11/26/2019 10:50:39 AM,A,N,100.0,4th St,F,,D,11/26/2019 10:51:22 AM,11/26/2019 10:51:22 AM,,True,2,,,,,,,
1129945,9725-2019-01958,1,False,9725,11/15/2019 3:48:00 PM,1548,015,1368,4313,San Jose,43,True,True,C,REAR END,,Friday,NotApplicable,False,,,False,True,True,Santa Clara Superior,C,OTHER MOTOR VEHICLE,,2,0,CLEAR,, NO UNUSUAL CONDITIONS,, ,A,DAYLIGHT,37.25577,-121.79357,,,,,A,NO PEDESTRIANS INVOLVED,11/15/2019 12:00:00 AM,A,22350,False,1.0,US-101 N/B,,,11/26/2019 10:17:41 AM,A,S,0.1,BLOSSOM HILL RD.,M,,D,11/26/2019 10:18:45 AM,11/26/2019 10:18:45 AM,,True,2,,,,,,,
1129929,9340-2019-05507,1,False,9340,11/21/2019 1:25:00 PM,1325,281,1368,4313,San Jose,43,True,True,C,REAR END,,Thursday,NotApplicable,False,,,False,True,False,Santa Clara Superior,C,OTHER MOTOR VEHICLE,,0,0,CLEAR,, LOOSE MATERIAL ON ROADWAY*,, ,A,DAYLIGHT,37.31696,-121.93056,,,,,A,NO PEDESTRIANS INVOLVED,11/21/2019 12:00:00 AM,A,22350,False,1.0,I-280 N/B,,,11/26/2019 10:06:04 AM,A,S,315.0,Bascom Ave,F,,D,11/26/2019 10:07:23 AM,11/26/2019 10:07:23 AM,,True,2,,,,,,,
1129925,9340-2019-05488,1,False,9340,11/20/2019 5:40:00 PM,1740,281,1368,4313,San Jose,43,True,True,F,OVERTURNED,,Wednesday,NotApplicable,False,,,False,True,False,Santa Clara Superior,A,NON-COLLISION,,1,0,CLEAR,, NO UNUSUAL CONDITIONS,, ,C,DARK-STREET LIGHTS,37.3182,-121.938,,,,,A,NO PEDESTRIANS INVOLVED,11/20/2019 12:00:00 AM,A,22107,True,1.0,I-280 N/B TO I-880 N/B,,,11/26/2019 10:03:12 AM,A,S,50.0,Mac Arthur Ave,F,,D,11/26/2019 10:04:06 AM,11/26/2019 10:04:06 AM,,True,2,,,,,,,
1129864,9340-2019-05386,1,False,9340,11/14/2019 3:15:00 PM,1515,120,1368,4313,San Jose,43,True,True,C,REAR END,,Thursday,Yes,False,,,False,True,False,Santa Clara Superior,C,OTHER MOTOR VEHICLE,,1,0,CLEAR,, NO UNUSUAL CONDITIONS,, ,A,DAYLIGHT,37.365831,-121.905374,,,,,A,NO PEDESTRIANS INVOLVED,11/14/2019 12:00:00 AM,A,22350,True,1.0,US101 S/B,,,11/26/2019 9:20:48 AM,A,N,1000.0,I-880,F,,D,11/26/2019 9:22:20 AM,11/26/2019 9:22:20 AM,,True,2,,,,,,,
1129574,9340-2019-05546,2,False,9340,11/23/2019 2:40:00 AM,240,281,1368,4313,San Jose,43,True,True,E,HIT OBJECT,,Saturday,NotApplicable,False,M,,False,True,True,Santa Clara Superior,I,FIXED OBJECT,GUARDRAIL,0,0,CLEAR,, NO UNUSUAL CONDITIONS,, ,C,DARK-STREET LIGHTS,37.322,-121.9398,,,,,A,NO PEDESTRIANS INVOLVED,11/23/2019 12:00:00 AM,A,22350,False,1.0,I-280 N/B TO STEVENS CREEK BOULEVARD,,,12/5/2019 9:36:10 PM,A,S,350.0,STEVENS CREEK BOULEVARD,F,,D,11/25/2019 10:29:47 PM,12/5/2019 9:36:32 PM,,True,2,,,,,,,
1129567,9340-2019-05465,1,False,9340,11/19/2019 11:20:00 PM,2320,282,1368,4313,San Jose,43,True,True,C,REAR END,,Tuesday,NotApplicable,False,,,False,True,True,Santa Clara Superior,C,OTHER MOTOR VEHICLE,,2,0,RAINING,, NO UNUSUAL CONDITIONS,, ,D,DARK-NO STREET LIGHTS,37.3166,-121.9582,,,,,A,NO PEDESTRIANS INVOLVED,11/19/2019 12:00:00 AM,A,22350,False,1.0,I-280 S/B,,,11/25/2019 9:53:22 PM,B,S,700.0,San Tomas Expy,F,,D,11/25/2019 9:54:02 PM,11/25/2019 9:54:02 PM,,True,2,,,,,,,
1129548,9340-2019-05536,1,False,9340,11/22/2019 1:55:00 PM,1355,088,1368,4313,San Jose,43,True,True,C,REAR END,,Friday,NotApplicable,False,,,False,True,False,Santa Clara Superior,C,OTHER MOTOR VEHICLE,,0,0,CLEAR,, NO UNUSUAL CONDITIONS,, ,A,DAYLIGHT,37.3404,-121.9286,,,,,A,NO PEDESTRIANS INVOLVED,11/22/2019 12:00:00 AM,A,22350,False,1.0,I-880 N/B,,,11/25/2019 8:28:00 PM,A,S,863.0,The Alameda,F,,D,11/25/2019 8:28:39 PM,11/25/2019 8:28:39 PM,,True,2,,,,,,,
1129544,9340-2019-05573,1,False,9340,11/22/2019 12:10:00 PM,1210,087,1368,4313,San Jose,43,True,True,B,SIDE SWIPE,,Friday,NotApplicable,False,M,,False,True,False,Santa Clara Superior,C,OTHER MOTOR VEHICLE,,0,0,CLEAR,, NO UNUSUAL CONDITIONS,, ,A,DAYLIGHT,37.3317,-121.8968,,,,,A,NO PEDESTRIANS INVOLVED,11/22/2019 12:00:00 AM,A,21658(a),False,1.0,SR-87 S/B,,,11/25/2019 8:20:28 PM,A,N,150.0,Park Ave,F,,D,11/25/2019 8:21:22 PM,11/25/2019 8:21:22 PM,,True,2,,,,,,,
1129510,9340-2019-05508,1,False,9340,11/21/2019 7:00:00 AM,700,281,1368,4313,San Jose,43,True,True,C,REAR END,,Thursday,NotApplicable,False,,,False,True,False,Santa Clara Superior,C,OTHER MOTOR VEHICLE,,0,0,CLEAR,, NO UNUSUAL CONDITIONS,, ,A,DAYLIGHT,37.317053,-121.930577,,,,,A,NO PEDESTRIANS INVOLVED,11/21/2019 12:00:00 AM,A,22350,False,1.0,I-280 N/B,,,11/25/2019 6:00:20 PM,A,S,325.0,Bascom Ave,F,,D,11/25/2019 6:01:29 PM,11/25/2019 6:01:29 PM,,True,2,,,,,,,
1129503,9340-2019-05481,1,False,9340,11/20/2019 5:50:00 PM,1750,240,1368,4313,San Jose,43,True,True,C,REAR END,,Wednesday,NotApplicable,False,,,False,True,True,Santa Clara Superior,C,OTHER MOTOR VEHICLE,,2,0,CLEAR,, NO UNUSUAL CONDITIONS,, ,D,DARK-NO STREET LIGHTS,37.4193,-121.9498,,,,,A,NO PEDESTRIANS INVOLVED,11/20/2019 12:00:00 AM,A,22350,False,1.0,SR-237 EASTBOUND,,,11/25/2019 5:31:33 PM,A,E,2700.0,1st St,F,,D,11/25/2019 5:33:03 PM,11/25/2019 5:33:03 PM,,True,2,,,,,,,
1129467,9340-2019-05427,1,False,9340,11/17/2019 2:04:00 AM,204,902,1368,4313,San Jose,43,True,True,C,REAR END,,Sunday,Yes,True,,,False,False,True,Santa Clara Superior,C,OTHER MOTOR VEHICLE,,0,0,CLEAR,, NO UNUSUAL CONDITIONS,, On-Duty Emergency Vehicle / Private Property,C,DARK-STREET LIGHTS,37.1432,-121.542,,,,,A,NO PEDESTRIANS INVOLVED,11/17/2019 12:00:00 AM,B,UNSAFE SPEED,,1.0,5255 CAMDEN AVE,,,11/25/2019 4:44:15 PM,A,S,190.0,Merrill Dr,F,,D,11/25/2019 4:45:46 PM,11/25/2019 4:45:46 PM,,,2,,,,,,,
1129376,9340-2019-05523,1,False,9340,11/21/2019 5:40:00 PM,1740,281,1368,4313,San Jose,43,True,True,C,REAR END,,Thursday,NotApplicable,False,,,False,True,False,Santa Clara Superior,C,OTHER MOTOR VEHICLE,,0,0,CLEAR,, NO UNUSUAL CONDITIONS,, ,A,DAYLIGHT,37.314848,-121.910841,,,,,A,NO PEDESTRIANS INVOLVED,11/21/2019 12:00:00 AM,A,22350,False,1.0,I-280 N/B,,,11/25/2019 3:13:21 PM,A,S,50.0,Race St,F,,D,11/25/2019 3:13:56 PM,11/25/2019 3:13:56 PM,,True,2,,,,,,,
1129362,9340-2019-05513,1,False,9340,11/21/2019 6:10:00 PM,1810,240,1368,4313,San Jose,43,True,True,C,REAR END,,Thursday,NotApplicable,False,,,False,True,False,Santa Clara Superior,C,OTHER MOTOR VEHICLE,,0,0,CLEAR,, NO UNUSUAL CONDITIONS,, ,D,DARK-NO STREET LIGHTS,37.423802,-121.922303,,,,,A,NO PEDESTRIANS INVOLVED,11/21/2019 12:00:00 AM,A,22350,False,1.0,SR-237 W/B,,,11/25/2019 3:03:56 PM,A,E,800.0,McCarthy Blvd,F,,D,11/25/2019 3:05:10 PM,11/25/2019 3:05:10 PM,,True,2,,,,,,,
1129327,9725-2019-01957,1,False,9725,11/16/2019 3:26:00 PM,1526,015,1368,4313,San Jose,43,True,True,E,HIT OBJECT,,Saturday,NotApplicable,False,,,False,True,True,Santa Clara Superior,J,OTHER OBJECT,VEHICLE DEBRIS,0,0,CLEAR,, NO UNUSUAL CONDITIONS,, ,A,DAYLIGHT,37.25577,-121.79357,,,,,A,NO PEDESTRIANS INVOLVED,11/16/2019 12:00:00 AM,A,24002(a),True,1.0,US-101 N/B,,,11/25/2019 2:39:10 PM,A,S,0.1,BLOSSOM HILL RD.,M,,D,11/25/2019 2:40:19 PM,11/25/2019 2:40:19 PM,,True,2,,,,,,,
1129308,9340-2019-05455,1,False,9340,11/19/2019 10:50:00 AM,1050,281,1368,4313,San Jose,43,True,True,C,REAR END,,Tuesday,NotApplicable,False,,,False,True,True,Santa Clara Superior,C,OTHER MOTOR VEHICLE,,0,0,CLEAR,, NO UNUSUAL CONDITIONS,, ,A,DAYLIGHT,37.1854,-121.5448,,,,,A,NO PEDESTRIANS INVOLVED,11/19/2019 12:00:00 AM,A,22350,False,1.0,I-280 N/B,,,11/25/2019 2:29:56 PM,A,S,400.0,Meridian Ave,F,,D,11/25/2019 2:31:28 PM,11/25/2019 2:31:28 PM,,True,2,,,,,,,
1129307,9340-2019-05490,1,False,9340,11/20/2019 2:40:00 PM,1440,087,1368,4313,San Jose,43,True,True,B,SIDE SWIPE,,Wednesday,NotApplicable,False,M,,False,True,True,Santa Clara Superior,C,OTHER MOTOR VEHICLE,,0,0,CLEAR,, OBSTRUCTION ON ROADWAY*,, ,A,DAYLIGHT,37.33,-121.8961,,,,,A,NO PEDESTRIANS INVOLVED,11/20/2019 12:00:00 AM,A,21658(a),False,1.0,SR-87 N/B,,,11/25/2019 2:29:31 PM,A,N,107.0,Park Avenue,F,,D,11/25/2019 2:30:31 PM,11/25/2019 2:30:31 PM,,True,2,,,,,,,
1129291,9340-2019-05483,1,False,9340,11/20/2019 5:50:00 PM,1750,089,1368,4313,San Jose,43,True,True,C,REAR END,,Wednesday,NotApplicable,False,,,False,True,True,Santa Clara Superior,C,OTHER MOTOR VEHICLE,,1,0,CLEAR,, NO UNUSUAL CONDITIONS,, ,D,DARK-NO STREET LIGHTS,37.375607,-121.902688,,,,,A,NO PEDESTRIANS INVOLVED,11/20/2019 12:00:00 AM,A,22350,False,1.0,I-880 N/B,,,11/25/2019 2:18:54 PM,A,S,2300.0,Brokaw Rd,F,,D,11/25/2019 2:19:59 PM,11/25/2019 2:19:59 PM,,True,2,,,,,,,
1129275,9340-2019-05436,1,False,9340,11/17/2019 6:00:00 PM,1800,088,1368,4313,San Jose,43,True,True,C,REAR END,,Sunday,Yes,False,,,False,True,True,Santa Clara Superior,C,OTHER MOTOR VEHICLE,,0,0,CLEAR,, NO UNUSUAL CONDITIONS,, ,C,DARK-STREET LIGHTS,37.357152,-121.908249,,,,,A,NO PEDESTRIANS INVOLVED,11/17/2019 12:00:00 AM,A,22350,False,1.0,I-880 N/B,,,11/25/2019 2:10:47 PM,A,S,500.0,1st St,F,,D,11/25/2019 2:11:36 PM,11/25/2019 2:11:36 PM,,True,2,,,,,,,
1129265,9340-2019-05521,1,False,9340,11/21/2019 3:50:00 PM,1550,083,1368,4313,San Jose,43,True,True,C,REAR END,,Thursday,NotApplicable,False,,,False,True,False,Santa Clara Superior,C,OTHER MOTOR VEHICLE,,3,0,CLEAR,, NO UNUSUAL CONDITIONS,, ,A,DAYLIGHT,37.2511,-121.8381,,,,,A,NO PEDESTRIANS INVOLVED,11/21/2019 12:00:00 AM,A,22350,False,1.0,SR-85 S/B,,,11/25/2019 2:06:37 PM,A,N,258.0,Blossom Hill Rd,F,,D,11/25/2019 2:07:31 PM,11/25/2019 2:07:31 PM,,True,2,,,,,,,
1129263,9340-2019-05432,1,False,9340,11/17/2019 11:55:00 AM,1155,110,1368,4313,San Jose,43,True,True,E,HIT OBJECT,,Sunday,NotApplicable,False,,,False,True,False,Santa Clara Superior,I,FIXED OBJECT,TREE,0,0,CLEAR,, NO UNUSUAL CONDITIONS,, ,A,DAYLIGHT,37.262859,-121.800243,,,,,A,NO PEDESTRIANS INVOLVED,11/17/2019 12:00:00 AM,A,22107,False,1.0,US101 N/B,,,11/25/2019 2:05:14 PM,A,N,2320.0,Blossom Hill Rd,F,,D,11/25/2019 2:06:13 PM,11/25/2019 2:06:13 PM,,True,2,,,,,,,