Collision Id,	Report Number,	Report Version,	Is Preliminary,	NCIC Code,Crash Date Time,	Crash Time Description,	Beat,City Id,	City Code,	City Name,County Code,	City Is Active,	City Is Incorporated,	Collision Type Code,Collision Type Description,	Collision Type Other Desc,	Day Of Week,	DispatchNotified,	HasPhotographs,	HitRun,	IsAttachmentsMailed,	IsDeleted,	IsHighwayRelated,	IsTowAway,	JudicialDistrict,	MotorVehicleInvolvedWithCode,	MotorVehicleInvolvedWithDesc,MotorVehicleInvolvedWithOtherDesc,	NumberInjured,	NumberKilled,Weather 1, Weather 2, Road Condition 1, Road Condition 2, Special Condition,LightingCode, LightingDescription,Latitude,Longitude,MilepostDirection,MilepostDistance,MilepostMarker,MilepostUnitOfMeasure,	PedestrianActionCode,PedestrianActionDesc,PreparedDate,	Primary Collision Factor Code,Primary Collision Factor Violation,PrimaryCollisionFactorIsCited,	PrimaryCollisionPartyNumber,	PrimaryRoad,	ReportingDistrict,	ReportingDistrictCode,ReviewedDate,	RoadwaySurfaceCode,SecondaryDirection,	SecondaryDistance,	SecondaryRoad,	SecondaryUnitOfMeasure,	SketchDesc,	TrafficControlDeviceCode,CreatedDate,	ModifiedDate,IsCountyRoad,IsFreeway,CHP555Version,	IsAdditonalObjectStruck,NotificationDate,	NotificationTimeDescription,	HasDigitalMediaFiles,	EvidenceNumber,	IsLocationReferToNarrative,	IsAOIOneSameAsLocation
1136295,9340-2019-05562,1,False,9340,11/24/2019 1:00:00 AM,100,083,1368,4313,San Jose,43,True,True,E,HIT OBJECT,,Sunday,Yes,True,,,False,True,True,Santa Clara Superior,I,FIXED OBJECT,CONCRETE BARRIER,1,0,CLEAR,, NO UNUSUAL CONDITIONS,, ,D,DARK-NO STREET LIGHTS,37.2575,-121.8587,,,,,A,NO PEDESTRIANS INVOLVED,11/24/2019 12:00:00 AM,A,23152(a),True,1.0,SR-85 S/B TO SR-87 N/B,,,12/4/2019 11:05:14 PM,A,N,650.0,Santa Teresa Blvd,F,,D,12/4/2019 11:06:30 PM,12/4/2019 11:06:30 PM,,True,2,,,,,,,
1136290,9340-2019-05535,1,False,9340,11/22/2019 7:25:00 PM,1925,083,1368,4313,San Jose,43,True,True,C,REAR END,,Friday,NotApplicable,False,M,,False,True,True,Santa Clara Superior,C,OTHER MOTOR VEHICLE,,0,0,CLEAR,, NO UNUSUAL CONDITIONS,, ,C,DARK-STREET LIGHTS,37.2509,-121.9326,,,,,A,NO PEDESTRIANS INVOLVED,11/22/2019 12:00:00 AM,A,22350,True,1.0,SR-85 S/B,,,12/4/2019 10:17:07 PM,A,N,300.0,Union Avenue,F,,D,12/4/2019 10:18:00 PM,12/4/2019 10:18:00 PM,,True,2,,,,,,,
1136268,9340-2019-05627,1,False,9340,11/27/2019 2:00:00 PM,1400,110,1368,4313,San Jose,43,True,True,B,SIDE SWIPE,,Wednesday,NotApplicable,False,,,False,True,True,Santa Clara Superior,C,OTHER MOTOR VEHICLE,,0,0,CLOUDY,RAINING, FLOODED*,, ,A,DAYLIGHT,37.3578,-121.87,,,,,A,NO PEDESTRIANS INVOLVED,11/27/2019 12:00:00 AM,A,22350,False,1.0,US-101 N/B,,,12/4/2019 8:39:25 PM,B,S,1300.0,Taylor Street,F,,D,12/4/2019 8:41:01 PM,12/4/2019 8:41:01 PM,,True,2,,,,,,,
1136259,9340-2019-05632,1,False,9340,11/27/2019 5:50:00 PM,1750,083,1368,4313,San Jose,43,True,True,C,REAR END,,Wednesday,NotApplicable,False,,,False,True,True,Santa Clara Superior,C,OTHER MOTOR VEHICLE,,0,0,CLOUDY,, NO UNUSUAL CONDITIONS,, ,C,DARK-STREET LIGHTS,37.25125,-121.90925,,,,,A,NO PEDESTRIANS INVOLVED,11/27/2019 12:00:00 AM,A,22350,False,1.0,SR-85 N/B TO BRANHAM LANE,,,12/4/2019 7:51:09 PM,B,S,30.0,Branham Ln,F,,A,12/4/2019 7:52:48 PM,12/4/2019 7:52:48 PM,,True,2,,,,,,,
1136248,9340-2019-05622,1,False,9340,11/27/2019 9:25:00 AM,925,681,1368,4313,San Jose,43,True,True,C,REAR END,,Wednesday,Yes,False,,,False,True,True,Santa Clara Superior,C,OTHER MOTOR VEHICLE,,1,0,CLOUDY,, NO UNUSUAL CONDITIONS,, ,A,DAYLIGHT,37.3978,-121.8754,,,,,A,NO PEDESTRIANS INVOLVED,11/27/2019 12:00:00 AM,A,22107,False,1.0,I-680 S/B,,,12/4/2019 7:23:42 PM,B,S,350.0,Capitol Ave,F,,D,12/4/2019 7:24:35 PM,12/4/2019 7:24:35 PM,,True,2,,,,,,,
1136231,9340-2019-05538,1,False,9340,11/22/2019 1:29:00 PM,1329,282,1368,4313,San Jose,43,True,True,C,REAR END,,Friday,Yes,False,,,False,True,False,Santa Clara Superior,C,OTHER MOTOR VEHICLE,,1,0,CLEAR,, NO UNUSUAL CONDITIONS,, ,A,DAYLIGHT,37.3168,-121.9681,,,,,A,NO PEDESTRIANS INVOLVED,11/22/2019 12:00:00 AM,A,22350,False,1.0,I-280 SOUTHBOUND,,,12/4/2019 5:59:39 PM,A,S,2000.0,Saratoga Ave,F,,D,12/4/2019 6:00:54 PM,12/4/2019 6:00:54 PM,,True,2,,,,,,,
1136153,9340-2019-05731,1,False,9340,11/13/2019 6:40:00 AM,640,083,1368,4313,San Jose,43,True,True,C,REAR END,,Wednesday,NotApplicable,False,,,False,True,True,Santa Clara Superior,C,OTHER MOTOR VEHICLE,,0,0,CLEAR,, NO UNUSUAL CONDITIONS,, ,A,DAYLIGHT,37.252402,-121.88835,,,,,A,NO PEDESTRIANS INVOLVED,11/13/2019 12:00:00 AM,A,22350,False,1.0,SR-85 N/B,,,12/4/2019 4:03:32 PM,A,S,2028.0,Meridian Ave,F,,D,12/4/2019 4:04:11 PM,12/4/2019 4:04:11 PM,,True,2,,,,,,,
1136124,9340-2019-05684,1,False,9340,11/28/2019 8:05:00 AM,805,681,1368,4313,San Jose,43,True,True,E,HIT OBJECT,,Thursday,NotApplicable,False,,,False,True,True,Santa Clara Superior,I,FIXED OBJECT,CONCRETE WALL,1,0,CLOUDY,RAINING, NO UNUSUAL CONDITIONS,, ,A,DAYLIGHT,37.39804,-121.87539,,,,,A,NO PEDESTRIANS INVOLVED,11/28/2019 12:00:00 AM,A,22350,False,1.0,I-680 S/B,,,12/4/2019 3:45:10 PM,B,S,200.0,Capitol Ave,F,,D,12/4/2019 3:46:36 PM,12/4/2019 3:46:36 PM,,True,2,,,,,,,
1136115,9340-2019-05683,1,False,9340,11/28/2019 5:48:00 AM,548,281,1368,4313,San Jose,43,True,True,E,HIT OBJECT,,Thursday,NotApplicable,False,,,False,True,False,Santa Clara Superior,I,FIXED OBJECT,CONCRETE WALL,0,0,RAINING,, FLOODED*,, ,C,DARK-STREET LIGHTS,37.32879,-121.87003,,,,,A,NO PEDESTRIANS INVOLVED,11/28/2019 12:00:00 AM,A,22350,False,1.0,I-280 S/B,,,12/4/2019 3:40:25 PM,B,S,100.0,11th St,F,,D,12/4/2019 3:41:07 PM,12/4/2019 3:41:07 PM,,True,2,,,,,,,
1136114,9340-2019-05617,1,False,9340,11/27/2019 6:10:00 AM,610,281,1368,4313,San Jose,43,True,True,E,HIT OBJECT,,Wednesday,NotApplicable,False,,,False,True,False,Santa Clara Superior,I,FIXED OBJECT,CONCRETE BARRIER,0,0,RAINING,, NO UNUSUAL CONDITIONS,, ,B,DUSK-DAWN,37.3329,-121.8627,,,,,A,NO PEDESTRIANS INVOLVED,11/27/2019 12:00:00 AM,A,22350,False,1.0,I-280 S/B,,,12/4/2019 3:39:48 PM,B,N,540.0,McLaughlin Ave,F,,D,12/4/2019 3:40:28 PM,12/4/2019 3:40:28 PM,,True,2,,,,,,,
1136068,9340-2019-05633,1,False,9340,11/27/2019 1:40:00 PM,1340,681,1368,4313,San Jose,43,True,True,B,SIDE SWIPE,,Wednesday,Yes,False,,,False,True,True,Santa Clara Superior,C,OTHER MOTOR VEHICLE,,5,0,CLOUDY,, NO UNUSUAL CONDITIONS,, ,A,DAYLIGHT,37.3594,-121.841,,,,,A,NO PEDESTRIANS INVOLVED,11/27/2019 12:00:00 AM,A,22350,False,1.0,I-680 S/B,,,12/4/2019 3:13:02 PM,B,S,100.0,Alum Rock Ave,F,,D,12/4/2019 3:14:19 PM,12/4/2019 3:14:19 PM,,True,2,,,,,,,
1136058,9340-2019-05705,1,False,9340,12/2/2019 12:00:00 PM,1200,681,1368,4313,San Jose,43,True,True,B,SIDE SWIPE,,Monday,NotApplicable,False,,,False,True,True,Santa Clara Superior,C,OTHER MOTOR VEHICLE,,0,0,CLOUDY,, NO UNUSUAL CONDITIONS,, ,A,DAYLIGHT,37.3477,-121.84087,,,,,A,NO PEDESTRIANS INVOLVED,12/2/2019 12:00:00 AM,A,21658(a),False,2.0,I-680 S/B,,,12/4/2019 3:07:25 PM,B,S,200.0,Jackson Ave,F,,D,12/4/2019 3:08:31 PM,12/4/2019 3:08:31 PM,,True,2,,,,,,,
1135902,9340-2019-05619,1,False,9340,11/26/2019 5:10:00 PM,1710,087,1368,4313,San Jose,43,True,True,E,HIT OBJECT,,Tuesday,NotApplicable,False,,,False,True,True,Santa Clara Superior,I,FIXED OBJECT,LIGHT POLE,1,0,RAINING,, NO UNUSUAL CONDITIONS,, ,C,DARK-STREET LIGHTS,37.22153,-121.55361,,,,,A,NO PEDESTRIANS INVOLVED,11/26/2019 12:00:00 AM,A,22107,False,1.0,SR-87 N/B,,,12/4/2019 1:47:11 PM,A,S,1000.0,US-101,F,,D,12/4/2019 1:48:41 PM,12/4/2019 1:48:41 PM,,True,2,,,,,,,
1135894,9340-2019-05597,1,False,9340,11/26/2019 2:50:00 PM,1450,281,1368,4313,San Jose,43,True,True,B,SIDE SWIPE,,Tuesday,NotApplicable,False,,,False,True,False,Santa Clara Superior,C,OTHER MOTOR VEHICLE,,0,0,CLOUDY,, NO UNUSUAL CONDITIONS,, ,A,DAYLIGHT,37.31678,-121.93051,,,,,A,NO PEDESTRIANS INVOLVED,11/26/2019 12:00:00 AM,A,21658(a),False,1.0,I-280 S/B,,,12/4/2019 1:44:12 PM,A,S,200.0,Bascom Ave,F,,D,12/4/2019 1:45:08 PM,12/4/2019 1:45:08 PM,,True,2,,,,,,,
1135883,9340-2019-05596,1,False,9340,11/26/2019 8:30:00 PM,2030,120,1368,4313,San Jose,43,True,True,B,SIDE SWIPE,,Tuesday,Yes,False,F,,False,True,True,Santa Clara Superior,C,OTHER MOTOR VEHICLE,,1,0,CLOUDY,RAINING, NO UNUSUAL CONDITIONS,, ,C,DARK-STREET LIGHTS,37.3722,-121.919,,,,,A,NO PEDESTRIANS INVOLVED,11/26/2019 12:00:00 AM,A,21658(a),False,1.0,US-101 N/B,,,12/4/2019 1:40:22 PM,B,S,2000.0,BROKAW RD.,F,,D,12/4/2019 1:41:16 PM,12/4/2019 1:41:16 PM,,True,2,,,,,,,
1135789,9340-2019-05612,1,False,9340,11/26/2019 9:37:00 PM,2137,281,1368,4313,San Jose,43,True,True,C,REAR END,,Tuesday,NotApplicable,False,,,False,True,True,Santa Clara Superior,C,OTHER MOTOR VEHICLE,,0,0,RAINING,, FLOODED*,, ,D,DARK-NO STREET LIGHTS,37.3223,-121.8983,,,,,A,NO PEDESTRIANS INVOLVED,11/26/2019 12:00:00 AM,A,22350,False,1.0,I-280 N/B,,,12/4/2019 12:52:21 PM,B,N,100.0,Bird Ave,F,,D,12/4/2019 12:53:35 PM,12/4/2019 12:53:35 PM,,True,2,,,,,,,
1135755,9340-2019-05602,1,False,9340,11/26/2019 8:50:00 PM,2050,282,1368,4313,San Jose,43,True,True,B,SIDE SWIPE,,Tuesday,NotApplicable,False,,,False,True,True,Santa Clara Superior,C,OTHER MOTOR VEHICLE,,0,0,RAINING,, FLOODED*,, ,D,DARK-NO STREET LIGHTS,37.317019,-121.974787,,,,,A,NO PEDESTRIANS INVOLVED,11/26/2019 12:00:00 AM,A,21658(a),False,1.0,I-280 S/B,,,12/4/2019 12:35:08 PM,B,S,300.0,Saratoga Ave,F,,D,12/4/2019 12:36:11 PM,12/4/2019 12:36:11 PM,,True,2,,,,,,,
1135734,9340-2019-05704,1,False,9340,12/2/2019 7:25:00 AM,725,681,1368,4313,San Jose,43,True,True,C,REAR END,,Monday,NotApplicable,False,,,False,True,True,Santa Clara Superior,C,OTHER MOTOR VEHICLE,,1,0,CLOUDY,RAINING, NO UNUSUAL CONDITIONS,, ,A,DAYLIGHT,37.35871,-121.8402,,,,,A,NO PEDESTRIANS INVOLVED,12/2/2019 12:00:00 AM,A,22350,False,3.0,I-680 N/B,,,12/4/2019 12:26:50 PM,B,S,100.0,Alum Rock Ave,F,,D,12/4/2019 12:27:52 PM,12/4/2019 12:27:52 PM,,True,2,,,,,,,
1135699,9340-2019-05589,1,False,9340,11/26/2019 7:24:00 AM,724,282,1368,4313,San Jose,43,True,True,C,REAR END,,Tuesday,NotApplicable,False,,,False,True,True,Santa Clara Superior,C,OTHER MOTOR VEHICLE,,0,0,CLEAR,, NO UNUSUAL CONDITIONS,, ,A,DAYLIGHT,37.3134,-121.9736,,,,,A,NO PEDESTRIANS INVOLVED,11/26/2019 12:00:00 AM,A,22350,False,1.0,I-280 N/B,,,12/4/2019 12:06:30 PM,A,S,1200.0,Saratoga Ave,F,,D,12/4/2019 12:07:29 PM,12/4/2019 12:07:29 PM,,True,2,,,,,,,
1135663,9340-2019-05591,1,False,9340,11/26/2019 12:30:00 PM,1230,120,1368,4313,San Jose,43,True,True,C,REAR END,,Tuesday,NotApplicable,False,,,False,True,True,Santa Clara Superior,C,OTHER MOTOR VEHICLE,,0,0,CLOUDY,, NO UNUSUAL CONDITIONS,, ,A,DAYLIGHT,37.363584,-121.896937,,,,,A,NO PEDESTRIANS INVOLVED,11/26/2019 12:00:00 AM,A,22350,False,1.0,US101 N/B,,,12/4/2019 11:44:40 AM,B,S,320.0,10th St,F,,D,12/4/2019 11:45:40 AM,12/4/2019 11:45:40 AM,,True,2,,,,,,,
1135536,9340-2019-05592,1,False,9340,11/26/2019 6:56:00 AM,656,120,1368,4313,San Jose,43,True,True,B,SIDE SWIPE,,Tuesday,NotApplicable,False,,,False,True,False,Santa Clara Superior,C,OTHER MOTOR VEHICLE,,0,0,CLEAR,, NO UNUSUAL CONDITIONS,, ,A,DAYLIGHT,37.3779,-121.9474,,,,,A,NO PEDESTRIANS INVOLVED,11/26/2019 12:00:00 AM,A,21658(a),False,1.0,US101 N/B,,,12/4/2019 10:55:42 AM,A,N,1730.0,Trimble Rd,F,,D,12/4/2019 10:56:55 AM,12/4/2019 10:56:55 AM,,True,2,,,,,,,
1135305,9340-2019-05618,1,False,9340,11/26/2019 3:30:00 PM,1530,087,1368,4313,San Jose,43,True,True,C,REAR END,,Tuesday,NotApplicable,False,,,False,True,False,Santa Clara Superior,C,OTHER MOTOR VEHICLE,,0,0,RAINING,, NO UNUSUAL CONDITIONS,, ,A,DAYLIGHT,37.18195,-121.52459,,,,,A,NO PEDESTRIANS INVOLVED,11/26/2019 12:00:00 AM,A,22350,False,1.0,SR-87 N/B,,,12/4/2019 9:16:22 AM,B,N,1500.0,Almaden Expy,F,,D,12/4/2019 9:17:28 AM,12/4/2019 9:17:28 AM,,True,2,,,,,,,
1135250,9340-2019-05628,1,False,9340,11/26/2019 9:20:00 PM,2120,110,1368,4313,San Jose,43,True,True,E,HIT OBJECT,,Tuesday,NotApplicable,False,,,False,True,True,Santa Clara Superior,I,FIXED OBJECT,Guardrail,0,0,CLOUDY,RAINING, FLOODED*,, ,C,DARK-STREET LIGHTS,37.3578,-121.87,,,,,A,NO PEDESTRIANS INVOLVED,11/26/2019 12:00:00 AM,A,22350,False,1.0,US-101 N/B,,,12/4/2019 8:51:32 AM,B,S,1400.0,Taylor Street,F,,D,12/4/2019 8:52:25 AM,12/4/2019 8:52:25 AM,,True,2,,,,,,,
1135219,9340-2019-05616,1,False,9340,11/26/2019 4:30:00 PM,1630,087,1368,4313,San Jose,43,True,True,C,REAR END,,Tuesday,NotApplicable,False,,,False,True,True,Santa Clara Superior,C,OTHER MOTOR VEHICLE,,1,0,RAINING,, NO UNUSUAL CONDITIONS,, ,C,DARK-STREET LIGHTS,37.36111,-121.91606,,,,,A,NO PEDESTRIANS INVOLVED,11/26/2019 12:00:00 AM,A,22350,False,1.0,SR-87 S/B,,,12/4/2019 8:37:31 AM,B,S,200.0,Skyport Dr,F,,D,12/4/2019 8:39:08 AM,12/4/2019 8:39:08 AM,,True,2,,,,,,,
1135188,9340-2019-05574,1,False,9340,11/25/2019 5:30:00 AM,530,120,1368,4313,San Jose,43,True,True,C,REAR END,,Monday,NotApplicable,False,,,False,True,True,Santa Clara Superior,C,OTHER MOTOR VEHICLE,,0,0,CLEAR,, NO UNUSUAL CONDITIONS,, ,B,DUSK-DAWN,37.36371,-121.897274,,,,,A,NO PEDESTRIANS INVOLVED,11/25/2019 12:00:00 AM,A,21658(a),False,1.0,US101 N/B,,,12/4/2019 8:21:00 AM,A,S,270.0,10th St,F,,D,12/4/2019 8:21:48 AM,12/4/2019 8:21:48 AM,,True,2,,,,,,,
1135179,9340-2019-05605,1,False,9340,11/26/2019 9:20:00 PM,2120,110,1368,4313,San Jose,43,True,True,E,HIT OBJECT,,Tuesday,NotApplicable,False,,,False,True,True,Santa Clara Superior,I,FIXED OBJECT,CONCRETE BARRIER,1,0,RAINING,, NO UNUSUAL CONDITIONS,, ,C,DARK-STREET LIGHTS,37.35931,-121.872537,,,,,A,NO PEDESTRIANS INVOLVED,11/26/2019 12:00:00 AM,A,22350,False,1.0,US101 N/B,,,12/4/2019 8:14:51 AM,B,S,1500.0,Taylor St,F,,D,12/4/2019 8:15:48 AM,12/4/2019 8:15:48 AM,,True,2,,,,,,,
1135172,9340-2019-05582,1,False,9340,11/25/2019 6:00:00 PM,1800,281,1368,4313,San Jose,43,True,True,B,SIDE SWIPE,,Monday,Yes,False,,,False,True,True,Santa Clara Superior,C,OTHER MOTOR VEHICLE,,1,0,CLEAR,, NO UNUSUAL CONDITIONS,, ,C,DARK-STREET LIGHTS,37.32767,-121.876879,,,,,A,NO PEDESTRIANS INVOLVED,11/25/2019 12:00:00 AM,A,21658(a),False,1.0,I-280 S/B,,,12/4/2019 8:01:52 AM,A,N,150.0,7th St,F,,D,12/4/2019 8:12:34 AM,12/4/2019 8:12:34 AM,,True,2,,,,,,,
1135131,9340-2019-05571,1,False,9340,11/24/2019 9:45:00 PM,2145,087,1368,4313,San Jose,43,True,True,E,HIT OBJECT,,Sunday,Yes,False,,,False,True,True,Santa Clara Superior,I,FIXED OBJECT,CONCRETE BARRIER,0,0,CLEAR,, NO UNUSUAL CONDITIONS,, ,C,DARK-STREET LIGHTS,37.30688,-121.88096,,,,,A,NO PEDESTRIANS INVOLVED,11/24/2019 12:00:00 AM,A,23152(a),True,1.0,SR-87 S/B,,,12/4/2019 7:40:30 AM,A,N,2000.0,Almaden Expy,F,,D,12/4/2019 7:42:01 AM,12/4/2019 7:42:01 AM,,True,2,,,,,,,
1134546,9340-2019-05448,1,False,9340,11/18/2019 6:55:00 PM,1855,120,1368,4313,San Jose,43,True,True,C,REAR END,,Monday,Yes,False,,,False,True,True,Santa Clara Superior,C,OTHER MOTOR VEHICLE,,3,0,CLEAR,, NO UNUSUAL CONDITIONS,, ,B,DUSK-DAWN,37.375363,-121.93513,,,,,A,NO PEDESTRIANS INVOLVED,11/18/2019 12:00:00 AM,A,22350,False,1.0,US-101 S/B,,,12/3/2019 1:14:05 PM,A,N,1500.0,SR-87,F,,D,12/3/2019 1:15:08 PM,12/3/2019 1:15:08 PM,,True,2,,,,,,,
1134488,9340-2019-05620,1,False,9340,11/26/2019 6:45:00 PM,1845,087,1368,4313,San Jose,43,True,True,C,REAR END,,Tuesday,NotApplicable,False,M,,False,True,False,Santa Clara Superior,C,OTHER MOTOR VEHICLE,,0,0,RAINING,, NO UNUSUAL CONDITIONS,, ,D,DARK-NO STREET LIGHTS,37.20189,-121.53489,,,,,A,NO PEDESTRIANS INVOLVED,11/26/2019 12:00:00 AM,A,22350,False,1.0,SR-87 S/B,,,12/3/2019 12:43:24 PM,B,S,1100.0,Julian St,F,,D,12/3/2019 12:44:02 PM,12/3/2019 12:44:02 PM,,True,2,,,,,,,
1134464,9340-2019-05603,1,False,9340,11/26/2019 4:35:00 PM,1635,083,1368,4313,San Jose,43,True,True,C,REAR END,,Tuesday,NotApplicable,False,,,False,True,False,Santa Clara Superior,C,OTHER MOTOR VEHICLE,,0,0,RAINING,, NO UNUSUAL CONDITIONS,, ,A,DAYLIGHT,37.2552,-121.8533,,,,,A,NO PEDESTRIANS INVOLVED,11/26/2019 12:00:00 AM,A,22350,False,1.0,SR-85 S/B,,,12/3/2019 12:22:53 PM,B,N,3000.0,Blossom Hill Rd,F,,D,12/3/2019 12:23:45 PM,12/3/2019 12:23:45 PM,,True,2,,,,,,,
1134419,9340-2019-05601,1,False,9340,11/26/2019 5:55:00 PM,1755,088,1368,4313,San Jose,43,True,True,C,REAR END,,Tuesday,NotApplicable,False,,,False,True,False,Santa Clara Superior,C,OTHER MOTOR VEHICLE,,0,0,RAINING,, NO UNUSUAL CONDITIONS,, ,D,DARK-NO STREET LIGHTS,37.336603,-121.933676,,,,,A,NO PEDESTRIANS INVOLVED,11/26/2019 12:00:00 AM,A,22350,False,1.0,I-880 S/B,,,12/3/2019 11:59:20 AM,B,N,1000.0,Bascom Ave,F,,D,12/3/2019 12:00:00 PM,12/3/2019 12:00:00 PM,,True,2,,,,,,,
1134206,9340-2019-05581,1,False,9340,11/25/2019 7:30:00 PM,1930,083,1368,4313,San Jose,43,True,True,C,REAR END,,Monday,NotApplicable,False,,,False,True,True,Santa Clara Superior,C,OTHER MOTOR VEHICLE,,1,0,CLEAR,, NO UNUSUAL CONDITIONS,, ,D,DARK-NO STREET LIGHTS,37.255123,-121.849483,,,,,A,NO PEDESTRIANS INVOLVED,11/25/2019 12:00:00 AM,A,22350,False,1.0,SR-85 S/B,,,12/3/2019 10:04:44 AM,A,S,1540.0,Santa Teresa Blvd,F,,D,12/3/2019 10:06:11 AM,12/3/2019 10:06:11 AM,,True,2,,,,,,,
1134188,9340-2019-05588,1,False,9340,11/25/2019 6:00:00 PM,1800,120,1368,4313,San Jose,43,True,True,B,SIDE SWIPE,,Monday,NotApplicable,False,,,False,True,False,Santa Clara Superior,C,OTHER MOTOR VEHICLE,,0,0,CLEAR,, NO UNUSUAL CONDITIONS,, ,C,DARK-STREET LIGHTS,37.3832,-121.9675,,,,,A,NO PEDESTRIANS INVOLVED,11/25/2019 12:00:00 AM,A,21658(a),False,1.0,US-101 S/B,,,12/3/2019 9:52:58 AM,A,N,727.0,San Tomas Expressway,F,,D,12/3/2019 9:54:19 AM,12/3/2019 9:54:19 AM,,True,2,,,,,,,
1134143,9340-2019-05572,2,False,9340,11/25/2019 3:05:00 AM,305,120,1368,4313,San Jose,43,True,True,E,HIT OBJECT,,Monday,Yes,False,,,False,True,True,Santa Clara Superior,I,FIXED OBJECT,Light Pole,1,0,CLOUDY,, NO UNUSUAL CONDITIONS,, ,C,DARK-STREET LIGHTS,37.3693,-121.9103,,,,,A,NO PEDESTRIANS INVOLVED,11/25/2019 12:00:00 AM,A,23152(a),True,1.0,US-101 S/B from Technology Place S/B,,,4/17/2020 3:49:57 PM,A,S,1850.0,North First Street,F,,D,12/3/2019 9:32:40 AM,4/17/2020 3:50:18 PM,,True,2,,,,,,,
1134081,9340-2019-05587,1,False,9340,11/25/2019 5:15:00 PM,1715,110,1368,4313,San Jose,43,True,True,C,REAR END,,Monday,NotApplicable,False,,,False,True,False,Santa Clara Superior,C,OTHER MOTOR VEHICLE,,1,0,CLEAR,, NO UNUSUAL CONDITIONS,, ,C,DARK-STREET LIGHTS,37.3564,-121.8688,,,,,A,NO PEDESTRIANS INVOLVED,11/25/2019 12:00:00 AM,A,22350,False,1.0,US101 S/B,,,12/3/2019 9:04:19 AM,A,N,1130.0,Alum Rock Ave,F,,D,12/3/2019 9:05:06 AM,12/3/2019 9:05:06 AM,,True,2,,,,,,,
1133991,9340-2019-05623,1,False,9340,11/26/2019 2:30:00 PM,1430,120,1368,4313,San Jose,43,True,True,C,REAR END,,Tuesday,NotApplicable,False,,,False,True,False,Santa Clara Superior,C,OTHER MOTOR VEHICLE,,0,0,CLOUDY,, NO UNUSUAL CONDITIONS,, ,A,DAYLIGHT,37.36356,-121.89841,,,,,A,NO PEDESTRIANS INVOLVED,11/26/2019 12:00:00 AM,A,22350,False,1.0,US101 S/B,,,12/3/2019 8:17:10 AM,A,N,1000.0,Oakland Rd,F,,D,12/3/2019 8:17:53 AM,12/3/2019 8:17:53 AM,,True,2,,,,,,,
1133972,9340-2019-05549,1,False,9340,11/23/2019 4:50:00 AM,450,281,1368,4313,San Jose,43,True,True,B,SIDE SWIPE,,Saturday,NotApplicable,False,M,,False,True,True,Santa Clara Superior,C,OTHER MOTOR VEHICLE,,0,0,CLEAR,, NO UNUSUAL CONDITIONS,, ,D,DARK-NO STREET LIGHTS,37.32714,-121.88161,,,,,A,NO PEDESTRIANS INVOLVED,11/23/2019 12:00:00 AM,A,22107,False,1.0,I-280 N/B,,,12/3/2019 8:02:45 AM,A,,,4th St,,,D,12/3/2019 8:03:24 AM,12/3/2019 8:03:24 AM,,True,2,,,,,,,
1133944,9340-2019-05675,4,False,9340,12/1/2019 4:05:00 AM,405,110,1368,4313,San Jose,43,True,True,C,REAR END,,Sunday,Yes,True,,,False,True,True,Santa Clara Superior,C,OTHER MOTOR VEHICLE,,4,2,RAINING,, NO UNUSUAL CONDITIONS,, Fatal,D,DARK-NO STREET LIGHTS,37.3309,-121.8431,,,,,A,NO PEDESTRIANS INVOLVED,12/1/2019 12:00:00 AM,A,23152(a),True,1.0,US-101 N/B,,,1/21/2020 4:51:53 PM,B,S,2300.0,Story Rd.,F,SEE PAGES 5-8,D,12/3/2019 7:45:03 AM,1/21/2020 4:52:12 PM,,True,2,,,,,,,
1133938,9340-2019-05590,1,False,9340,11/25/2019 6:35:00 PM,1835,120,1368,4313,San Jose,43,True,True,C,REAR END,,Monday,NotApplicable,False,,,False,True,False,Santa Clara Superior,C,OTHER MOTOR VEHICLE,,0,0,CLEAR,, NO UNUSUAL CONDITIONS,, ,A,DAYLIGHT,37.3847,-121.9735,,,,,A,NO PEDESTRIANS INVOLVED,11/25/2019 12:00:00 AM,A,22350,False,1.0,US-101 S/B,,,12/3/2019 7:41:10 AM,A,S,1637.0,Great America Pky,F,,D,12/3/2019 7:42:07 AM,12/3/2019 7:42:07 AM,,True,2,,,,,,,