Collision Id,	Report Number,	Report Version,	Is Preliminary,	NCIC Code,Crash Date Time,	Crash Time Description,	Beat,City Id,	City Code,	City Name,County Code,	City Is Active,	City Is Incorporated,	Collision Type Code,Collision Type Description,	Collision Type Other Desc,	Day Of Week,	DispatchNotified,	HasPhotographs,	HitRun,	IsAttachmentsMailed,	IsDeleted,	IsHighwayRelated,	IsTowAway,	JudicialDistrict,	MotorVehicleInvolvedWithCode,	MotorVehicleInvolvedWithDesc,MotorVehicleInvolvedWithOtherDesc,	NumberInjured,	NumberKilled,Weather 1, Weather 2, Road Condition 1, Road Condition 2, Special Condition,LightingCode, LightingDescription,Latitude,Longitude,MilepostDirection,MilepostDistance,MilepostMarker,MilepostUnitOfMeasure,	PedestrianActionCode,PedestrianActionDesc,PreparedDate,	Primary Collision Factor Code,Primary Collision Factor Violation,PrimaryCollisionFactorIsCited,	PrimaryCollisionPartyNumber,	PrimaryRoad,	ReportingDistrict,	ReportingDistrictCode,ReviewedDate,	RoadwaySurfaceCode,SecondaryDirection,	SecondaryDistance,	SecondaryRoad,	SecondaryUnitOfMeasure,	SketchDesc,	TrafficControlDeviceCode,CreatedDate,	ModifiedDate,IsCountyRoad,IsFreeway,CHP555Version,	IsAdditonalObjectStruck,NotificationDate,	NotificationTimeDescription,	HasDigitalMediaFiles,	EvidenceNumber,	IsLocationReferToNarrative,	IsAOIOneSameAsLocation
1157056,9340-2019-06069,1,False,9340,12/21/2019 3:45:00 AM,345,089,1368,4313,San Jose,43,True,True,C,REAR END,,Saturday,Yes,False,,,False,True,True,Santa Clara Superior,C,OTHER MOTOR VEHICLE,,1,0,CLEAR,, NO UNUSUAL CONDITIONS,, ,C,DARK-STREET LIGHTS,37.389528,-121.906361,,,,,A,NO PEDESTRIANS INVOLVED,12/21/2019 12:00:00 AM,A,23152(g),True,1.0,I-880 S/B,,,1/1/2020 10:54:47 AM,A,,,Brokaw Rd,,,D,1/1/2020 10:56:25 AM,1/1/2020 10:56:25 AM,,True,2,,,,,,,
1157028,9340-2019-06114,2,False,9340,12/21/2019 1:30:00 AM,130,681,1368,4313,San Jose,43,True,True,E,HIT OBJECT,,Saturday,NotApplicable,False,,,False,True,True,Santa Clara Superior,I,FIXED OBJECT,CENTER DIVIDER,0,0,CLEAR,, NO UNUSUAL CONDITIONS,, ,C,DARK-STREET LIGHTS,37.363675,-121.843739,,,,,A,NO PEDESTRIANS INVOLVED,12/21/2019 12:00:00 AM,A,22107,False,1.0,I-680 S/B,,,4/12/2020 1:08:44 PM,A,N,1600.0,Alum Rock Ave,F,,D,1/1/2020 8:51:16 AM,4/12/2020 1:10:24 PM,,True,2,,,,,,,
1157003,9340-2019-06061,1,False,9340,12/20/2019 3:00:00 PM,1500,089,1368,4313,San Jose,43,True,True,C,REAR END,,Friday,NotApplicable,False,,,False,True,False,Santa Clara Superior,C,OTHER MOTOR VEHICLE,,0,0,CLEAR,, NO UNUSUAL CONDITIONS,, ,A,DAYLIGHT,37.3839,-121.905,,,,,A,NO PEDESTRIANS INVOLVED,12/20/2019 12:00:00 AM,A,22350,False,1.0,I-880 S/B,,,1/1/2020 7:15:02 AM,A,N,500.0,Brokaw Rd,F,,D,1/1/2020 7:16:29 AM,1/1/2020 7:16:29 AM,,True,2,,,,,,,
1157000,9340-2019-06070,1,False,9340,12/20/2019 12:40:00 PM,1240,110,1368,4313,San Jose,43,True,True,E,HIT OBJECT,,Friday,NotApplicable,False,M,,False,True,False,Santa Clara Superior,I,FIXED OBJECT,CONCRETE WALL,0,0,CLEAR,, NO UNUSUAL CONDITIONS,, ,A,DAYLIGHT,37.2937,-121.8101,,,,,A,NO PEDESTRIANS INVOLVED,12/20/2019 12:00:00 AM,A,22107,False,1.0,US-101 S/B from Yerba Buena Rd.,,,1/1/2020 6:46:20 AM,A,S,250.0,Yerba Buena Ave,F,,D,1/1/2020 6:47:37 AM,1/1/2020 6:47:37 AM,,True,2,,,,,,,
1156995,9340-2019-06083,1,False,9340,12/20/2019 7:05:00 AM,705,087,1368,4313,San Jose,43,True,True,B,SIDE SWIPE,,Friday,NotApplicable,False,,,False,True,False,Santa Clara Superior,C,OTHER MOTOR VEHICLE,,0,0,CLEAR,, NO UNUSUAL CONDITIONS,, ,A,DAYLIGHT,37.3749,-121.9318,,,,,A,NO PEDESTRIANS INVOLVED,12/20/2019 12:00:00 AM,A,21658(a),False,1.0,SR-87 N/B to US-101 N/B,,,1/1/2020 5:44:01 AM,A,S,360.0,US-101 N/B,F,,D,1/1/2020 5:45:30 AM,1/1/2020 5:45:30 AM,,True,2,,,,,,,
1156993,9340-2019-06060,1,False,9340,12/20/2019 11:22:00 AM,1122,087,1368,4313,San Jose,43,True,True,E,HIT OBJECT,,Friday,Yes,False,,,False,True,True,Santa Clara Superior,I,FIXED OBJECT,Metering light,2,0,CLEAR,, NO UNUSUAL CONDITIONS,, ,A,DAYLIGHT,37.25523,-121.852683,,,,,A,NO PEDESTRIANS INVOLVED,12/20/2019 12:00:00 AM,A,22107,False,1.0,SB SR-87 transition to SB SR-85,,,1/1/2020 5:32:24 AM,A,S,1769.0,Santa Teresa Blvd,F,,D,1/1/2020 5:33:29 AM,1/1/2020 5:33:29 AM,,True,2,,,,,,,
1156990,9340-2019-06056,1,False,9340,12/20/2019 6:01:00 AM,601,240,1368,4313,San Jose,43,True,True,C,REAR END,,Friday,Yes,False,,,False,True,True,Santa Clara Superior,C,OTHER MOTOR VEHICLE,,0,0,CLEAR,, NO UNUSUAL CONDITIONS,, ,C,DARK-STREET LIGHTS,37.419388,-121.944934,,,,,A,NO PEDESTRIANS INVOLVED,12/20/2019 12:00:00 AM,A,22350,False,1.0,SR-237 W/B,,,1/1/2020 5:10:26 AM,A,W,1580.0,Zanker Rd,F,,D,1/1/2020 5:12:06 AM,1/1/2020 5:12:06 AM,,True,2,,,,,,,
1156989,9340-2019-06055,1,False,9340,12/20/2019 6:00:00 AM,600,240,1368,4313,San Jose,43,True,True,E,HIT OBJECT,,Friday,Yes,False,,,False,True,True,Santa Clara Superior,I,FIXED OBJECT,GUARD RAIL,1,0,CLEAR,, NO UNUSUAL CONDITIONS,, Hazardous Material,D,DARK-NO STREET LIGHTS,37.419388,-121.944934,,,,,A,NO PEDESTRIANS INVOLVED,12/20/2019 12:00:00 AM,A,22107,True,1.0,SR-237 W/B,,,1/1/2020 4:58:37 AM,A,W,1600.0,Zanker Rd,F,,D,1/1/2020 4:59:40 AM,1/1/2020 4:59:40 AM,,True,2,,,,,,,
1156376,9725-2019-02199,1,False,9725,12/22/2019 4:00:00 PM,1600,015,1368,4313,San Jose,43,True,True,A,HEAD-ON,,Sunday,NotApplicable,False,,,False,True,True,Santa Clara Superior,C,OTHER MOTOR VEHICLE,,1,0,CLOUDY,, NO UNUSUAL CONDITIONS,, ,A,DAYLIGHT,37.2444,-121.7732,,,,,A,NO PEDESTRIANS INVOLVED,12/22/2019 12:00:00 AM,A,22350,False,1.0,US 101 N/B,,,12/31/2019 10:32:13 AM,B,N,50.0,Bernal Rd,F,,D,12/31/2019 10:33:07 AM,12/31/2019 10:33:07 AM,,True,2,,,,,,,
1154779,9340-2019-06107,1,False,9340,12/23/2019 10:30:00 AM,1030,087,1368,4313,San Jose,43,True,True,B,SIDE SWIPE,,Monday,NotApplicable,False,,,False,True,False,Santa Clara Superior,C,OTHER MOTOR VEHICLE,,0,0,CLOUDY,, NO UNUSUAL CONDITIONS,, ,A,DAYLIGHT,37.31043,-121.88341,,,,,A,NO PEDESTRIANS INVOLVED,12/23/2019 12:00:00 AM,A,21658(a),False,1.0,SR-87 N/B,,,12/29/2019 2:09:08 PM,A,N,80.0,Alma Ave,F,,D,12/29/2019 2:10:09 PM,12/29/2019 2:10:09 PM,,True,2,,,,,,,
1154777,9340-2019-06078,1,False,9340,12/21/2019 4:15:00 PM,1615,088,1368,4313,San Jose,43,True,True,C,REAR END,,Saturday,NotApplicable,False,,,False,True,False,Santa Clara Superior,C,OTHER MOTOR VEHICLE,,2,0,CLOUDY,, NO UNUSUAL CONDITIONS,, ,A,DAYLIGHT,37.34327,-121.92515,,,,,A,NO PEDESTRIANS INVOLVED,12/21/2019 12:00:00 AM,A,22350,False,1.0,I-880 N/B,,,12/29/2019 2:01:12 PM,A,N,150.0,The Alameda,F,,D,12/29/2019 2:02:27 PM,12/29/2019 2:02:27 PM,,True,2,,,,,,,
1154776,9340-2019-06057,1,False,9340,12/20/2019 10:15:00 AM,1015,088,1368,4313,San Jose,43,True,True,C,REAR END,,Friday,NotApplicable,False,M,,False,True,False,Santa Clara Superior,C,OTHER MOTOR VEHICLE,,0,0,CLOUDY,, NO UNUSUAL CONDITIONS,, ,A,DAYLIGHT,37.33612,-121.93446,,,,,A,NO PEDESTRIANS INVOLVED,12/20/2019 12:00:00 AM,A,22350,False,1.0,I-880 S/B,,,12/29/2019 1:50:49 PM,A,N,500.0,Bascom Ave,F,,D,12/29/2019 1:51:29 PM,12/29/2019 1:51:29 PM,,True,2,,,,,,,
1154775,9340-2019-06104,1,False,9340,12/19/2019 6:30:00 PM,1830,083,1368,4313,San Jose,43,True,True,C,REAR END,,Thursday,NotApplicable,False,,,False,True,True,Santa Clara Superior,C,OTHER MOTOR VEHICLE,,0,0,CLEAR,, NO UNUSUAL CONDITIONS,, ,C,DARK-STREET LIGHTS,37.2556,-121.8642,,,,,A,NO PEDESTRIANS INVOLVED,12/19/2019 12:00:00 AM,A,22107,False,1.0,SR-85 N/B,,,12/29/2019 1:46:20 PM,A,S,2400.0,Almaden Expressway,F,,D,12/29/2019 1:46:59 PM,12/29/2019 1:46:59 PM,,True,2,,,,,,,
1154754,9340-2019-06157,1,False,9340,12/27/2019 7:09:00 AM,709,172,1368,4313,San Jose,43,True,True,E,HIT OBJECT,,Friday,Yes,True,,,False,True,True,Santa Clara Superior,I,FIXED OBJECT,GUARDRAIL,0,0,CLEAR,, NO UNUSUAL CONDITIONS,, ,A,DAYLIGHT,37.318444,-121.939425,,,,,A,NO PEDESTRIANS INVOLVED,12/27/2019 12:00:00 AM,A,23152(a),True,1.0,SR-17 N/B TO I-280 N/B,,,12/29/2019 12:38:40 PM,A,N,330.0,I-280,F,,D,12/29/2019 12:39:38 PM,12/29/2019 12:39:38 PM,,True,2,,,,,,,
1154595,9340-2019-06118,1,False,9340,12/23/2019 8:50:00 PM,2050,681,1368,4313,San Jose,43,True,True,C,REAR END,,Monday,NotApplicable,False,M,,False,True,False,Santa Clara Superior,C,OTHER MOTOR VEHICLE,,0,0,CLOUDY,, NO UNUSUAL CONDITIONS,, ,C,DARK-STREET LIGHTS,37.3854,-121.8618,,,,,A,NO PEDESTRIANS INVOLVED,12/23/2019 12:00:00 AM,A,22350,False,1.0,I-680 NB TO BERRYESSA RD.,,,12/28/2019 2:29:35 PM,A,S,10.0,Berryessa Rd,F,,A,12/28/2019 2:30:52 PM,12/28/2019 2:30:52 PM,,True,2,,,,,,,
1154592,9340-2019-06103,1,False,9340,12/18/2019 7:26:00 PM,1926,110,1368,4313,San Jose,43,True,True,E,HIT OBJECT,,Wednesday,NotApplicable,False,,,False,True,False,Santa Clara Superior,J,OTHER OBJECT,x-mas tree,0,0,CLEAR,, NO UNUSUAL CONDITIONS,, ,C,DARK-STREET LIGHTS,37.3611,-121.8767,,,,,A,NO PEDESTRIANS INVOLVED,12/18/2019 12:00:00 AM,A,23114(a),False,1.0,US-101 S/B,,,12/28/2019 2:23:49 PM,A,S,250.0,Taylor Street,F,,D,12/28/2019 2:24:26 PM,12/28/2019 2:24:26 PM,,True,2,,,,,,,
1154572,9340-2019-06071,1,False,9340,12/21/2019 11:15:00 AM,1115,088,1368,4313,San Jose,43,True,True,C,REAR END,,Saturday,NotApplicable,False,,,False,True,False,Santa Clara Superior,A,NON-COLLISION,,1,0,CLEAR,, NO UNUSUAL CONDITIONS,, ,A,DAYLIGHT,37.3552,-121.9101,,,,,A,NO PEDESTRIANS INVOLVED,12/21/2019 12:00:00 AM,A,22350,False,1.0,I-880 N/B,,,12/28/2019 1:08:22 PM,A,S,1400.0,N 1st Street,F,,D,12/28/2019 1:09:00 PM,12/28/2019 1:09:00 PM,,True,2,,,,,,,
1154554,9340-2019-05920,1,False,9340,12/13/2019 1:00:00 PM,1300,120,1368,4313,San Jose,43,True,True,B,SIDE SWIPE,,Friday,NotApplicable,False,,,False,True,False,Santa Clara Superior,C,OTHER MOTOR VEHICLE,,0,0,CLOUDY,, NO UNUSUAL CONDITIONS,, ,A,DAYLIGHT,37.363869,-121.90153,,,,,A,NO PEDESTRIANS INVOLVED,12/13/2019 12:00:00 AM,A,21658(a),False,,US101 S/B,,,12/28/2019 12:09:25 PM,A,S,50.0,I-880,F,,D,12/28/2019 12:10:06 PM,12/28/2019 12:10:06 PM,,True,2,,,,,,,
1154546,9340-2019-06079,1,False,9340,12/21/2019 5:20:00 PM,1720,089,1368,4313,San Jose,43,True,True,C,REAR END,,Saturday,NotApplicable,False,,,False,True,False,Santa Clara Superior,C,OTHER MOTOR VEHICLE,,0,0,CLOUDY,, NO UNUSUAL CONDITIONS,, ,C,DARK-STREET LIGHTS,37.37165,-121.90194,,,,,A,NO PEDESTRIANS INVOLVED,12/21/2019 12:00:00 AM,A,22350,False,1.0,I-880 S/B,,,12/28/2019 11:38:20 AM,A,N,200.0,Old Bayshore Hwy,F,,D,12/28/2019 11:39:08 AM,12/28/2019 11:39:08 AM,,True,2,,,,,,,
1154544,9340-2019-06029,1,False,9340,12/19/2019 7:45:00 AM,745,110,1368,4313,San Jose,43,True,True,C,REAR END,,Thursday,Yes,False,,,False,True,True,Santa Clara Superior,C,OTHER MOTOR VEHICLE,,0,0,CLOUDY,RAINING, NO UNUSUAL CONDITIONS,, ,A,DAYLIGHT,37.295093,-121.809996,,,,,A,NO PEDESTRIANS INVOLVED,12/19/2019 12:00:00 AM,A,22350,True,1.0,US101 N/B,,,12/28/2019 11:30:22 AM,B,N,60.0,Yerba Buena Rd,F,,D,12/28/2019 11:31:34 AM,12/28/2019 11:31:34 AM,,True,2,,,,,,,
1154543,9340-2019-06031,1,False,9340,12/19/2019 10:05:00 AM,1005,281,1368,4313,San Jose,43,True,True,B,SIDE SWIPE,,Thursday,NotApplicable,False,,,False,True,False,Santa Clara Superior,C,OTHER MOTOR VEHICLE,,0,0,CLEAR,, NO UNUSUAL CONDITIONS,, ,A,DAYLIGHT,37.3203,-121.9006,,,,,A,NO PEDESTRIANS INVOLVED,12/19/2019 12:00:00 AM,A,21658(a),False,1.0,I-280 S/B,,,12/28/2019 11:26:24 AM,A,N,500.0,Bird Ave,F,,D,12/28/2019 11:27:08 AM,12/28/2019 11:27:08 AM,,True,2,,,,,,,
1154537,9340-2019-06059,2,False,9340,12/20/2019 8:45:00 AM,845,083,1368,4313,San Jose,43,True,True,C,REAR END,,Friday,NotApplicable,False,M,,False,True,True,Santa Clara Superior,C,OTHER MOTOR VEHICLE,,0,0,CLEAR,, NO UNUSUAL CONDITIONS,, ,A,DAYLIGHT,37.2529,-121.88534,,,,,A,NO PEDESTRIANS INVOLVED,12/20/2019 12:00:00 AM,A,22350,True,1.0,SR-85 N/B,,,12/28/2019 10:54:49 AM,A,N,2840.0,Almaden Expwy,F,,D,12/28/2019 10:56:47 AM,12/31/2019 2:08:56 PM,,True,2,,,,,,,
1154416,9340-2019-06063,1,False,9340,12/20/2019 2:11:00 PM,1411,281,1368,4313,San Jose,43,True,True,C,REAR END,,Friday,NotApplicable,False,,,False,True,True,Santa Clara Superior,C,OTHER MOTOR VEHICLE,,1,0,CLEAR,, NO UNUSUAL CONDITIONS,, ,A,DAYLIGHT,37.317326,-121.936256,,,,,A,NO PEDESTRIANS INVOLVED,12/20/2019 12:00:00 AM,A,22350,False,1.0,I-280 S/B,,,12/27/2019 6:38:56 PM,A,S,1000.0,SR-17,F,,D,12/27/2019 6:39:55 PM,12/27/2019 6:39:55 PM,,True,2,,,,,,,
1154415,9340-2019-06067,1,False,9340,12/20/2019 10:30:00 AM,1030,087,1368,4313,San Jose,43,True,True,C,REAR END,,Friday,NotApplicable,False,,,False,True,True,Santa Clara Superior,C,OTHER MOTOR VEHICLE,,0,0,CLEAR,, NO UNUSUAL CONDITIONS,, ,A,DAYLIGHT,37.294461,-121.872823,,,,,A,NO PEDESTRIANS INVOLVED,12/20/2019 12:00:00 AM,A,22350,False,1.0,SR-87 N/B,,,12/27/2019 6:32:29 PM,A,S,50.0,Curtner Ave,F,,D,12/27/2019 6:34:03 PM,12/27/2019 6:34:03 PM,,True,2,,,,,,,
1154411,9340-2019-06065,1,False,9340,12/20/2019 7:15:00 PM,1915,088,1368,4313,San Jose,43,True,True,B,SIDE SWIPE,,Friday,NotApplicable,False,,,False,True,False,Santa Clara Superior,C,OTHER MOTOR VEHICLE,,0,0,CLEAR,, NO UNUSUAL CONDITIONS,, ,D,DARK-NO STREET LIGHTS,37.21231,-121.5433,,,,,A,NO PEDESTRIANS INVOLVED,12/20/2019 12:00:00 AM,A,21658(a),False,1.0,I-880 S/B,,,12/27/2019 6:05:02 PM,A,S,900.0,1st St,F,,D,12/27/2019 6:05:38 PM,12/27/2019 6:05:38 PM,,True,2,,,,,,,
1154407,9340-2019-06074,1,False,9340,12/20/2019 5:40:00 PM,1740,120,1368,4313,San Jose,43,True,True,C,REAR END,,Friday,NotApplicable,False,,,False,True,False,Santa Clara Superior,C,OTHER MOTOR VEHICLE,,0,0,CLEAR,, NO UNUSUAL CONDITIONS,, ,C,DARK-STREET LIGHTS,37.2238,-121.5638,,,,,A,NO PEDESTRIANS INVOLVED,12/20/2019 12:00:00 AM,A,22350,True,1.0,US101 N/B,,,12/27/2019 5:55:58 PM,A,N,660.0,Trimble Rd,F,,D,12/27/2019 5:57:41 PM,12/27/2019 5:57:41 PM,,True,2,,,,,,,
1154395,9340-2019-06053,1,False,9340,12/19/2019 5:15:00 AM,515,087,1368,4313,San Jose,43,True,True,D,BROADSIDE,,Thursday,NotApplicable,False,M,,False,True,True,Santa Clara Superior,C,OTHER MOTOR VEHICLE,,0,0,CLEAR,, NO UNUSUAL CONDITIONS,, ,C,DARK-STREET LIGHTS,37.287148,-121.869255,,,,,A,NO PEDESTRIANS INVOLVED,12/20/2019 12:00:00 AM,A,21658(a),False,1.0,SR-87 N/B,,,12/27/2019 5:13:53 PM,B,S,2850.0,Curtner Ave,F,,D,12/27/2019 5:14:36 PM,12/27/2019 5:14:36 PM,,True,2,,,,,,,
1154382,9340-2019-06040,1,False,9340,12/19/2019 3:40:00 PM,1540,087,1368,4313,San Jose,43,True,True,C,REAR END,,Thursday,NotApplicable,False,,,False,True,True,Santa Clara Superior,C,OTHER MOTOR VEHICLE,,1,0,CLEAR,, NO UNUSUAL CONDITIONS,, ,A,DAYLIGHT,37.319822,-121.889853,,,,,A,NO PEDESTRIANS INVOLVED,12/19/2019 12:00:00 AM,A,22350,False,1.0,SR-87 N/B TO I-280,,,12/27/2019 4:53:53 PM,A,S,1500.0,I-280,F,,D,12/27/2019 4:54:29 PM,12/27/2019 4:54:29 PM,,True,2,,,,,,,
1154351,9340-2019-06038,1,False,9340,12/19/2019 11:00:00 AM,1100,110,1368,4313,San Jose,43,True,True,E,HIT OBJECT,,Thursday,NotApplicable,False,,,False,True,False,Santa Clara Superior,J,OTHER OBJECT,UNK DEBRIS,0,0,CLEAR,, NO UNUSUAL CONDITIONS,, ,A,DAYLIGHT,37.3625,-121.886,,,,,A,NO PEDESTRIANS INVOLVED,12/19/2019 12:00:00 AM,C,,,,US101 N/B,,,12/27/2019 4:20:04 PM,A,N,20.0,Hedding St,F,,D,12/27/2019 4:21:11 PM,12/27/2019 4:21:11 PM,,True,2,,,,,,,
1154278,9340-2019-06049,1,False,9340,12/19/2019 8:20:00 AM,820,110,1368,4313,San Jose,43,True,True,C,REAR END,,Thursday,NotApplicable,False,,,False,True,False,Santa Clara Superior,C,OTHER MOTOR VEHICLE,,0,0,CLOUDY,, NO UNUSUAL CONDITIONS,, ,A,DAYLIGHT,37.290029,-121.809872,,,,,A,NO PEDESTRIANS INVOLVED,12/19/2019 12:00:00 AM,A,22350,False,1.0,US-101 Southbound,,,12/27/2019 3:08:16 PM,B,S,0.3,Yerba Buena Rd,M,,D,12/27/2019 3:08:45 PM,12/27/2019 3:08:45 PM,,True,2,,,,,,,
1154222,9340-2019-06048,1,False,9340,12/19/2019 2:25:00 PM,1425,282,1368,4313,San Jose,43,True,True,C,REAR END,,Thursday,NotApplicable,False,,,False,True,True,Santa Clara Superior,C,OTHER MOTOR VEHICLE,,1,0,CLEAR,, NO UNUSUAL CONDITIONS,, ,A,DAYLIGHT,37.3173,-121.9758,,,,,A,NO PEDESTRIANS INVOLVED,12/19/2019 12:00:00 AM,A,22350,False,1.0,I-280 S/B,,,12/27/2019 2:25:22 PM,A,N,197.0,Saratoga Ave,F,,D,12/27/2019 2:26:03 PM,12/27/2019 2:26:03 PM,,True,2,,,,,,,
1154190,9340-2019-06041,1,False,9340,12/19/2019 5:30:00 PM,1730,172,1368,4313,San Jose,43,True,True,C,REAR END,,Thursday,NotApplicable,False,,,False,True,True,Santa Clara Superior,C,OTHER MOTOR VEHICLE,,0,0,CLEAR,, NO UNUSUAL CONDITIONS,, ,D,DARK-NO STREET LIGHTS,37.18324,-121.56256,,,,,A,NO PEDESTRIANS INVOLVED,12/19/2019 12:00:00 AM,A,22350,False,1.0,SR-17 N/B,,,12/27/2019 1:56:43 PM,A,S,3000.0,I-280,F,,D,12/27/2019 2:02:42 PM,12/27/2019 2:02:42 PM,,True,2,,,,,,,
1154181,9340-2019-06105,1,False,9340,12/19/2019 5:30:00 PM,1730,083,1368,4313,San Jose,43,True,True,C,REAR END,,Thursday,NotApplicable,False,,,False,True,True,Santa Clara Superior,C,OTHER MOTOR VEHICLE,,0,0,CLEAR,, NO UNUSUAL CONDITIONS,, ,C,DARK-STREET LIGHTS,37.2432,-121.8067,,,,,A,NO PEDESTRIANS INVOLVED,12/22/2019 12:00:00 AM,A,22350,False,1.0,SR-85 N/B,,,12/27/2019 1:51:58 PM,A,N,600.0,Cottle Road,F,,D,12/27/2019 1:52:33 PM,12/27/2019 1:52:33 PM,,True,2,,,,,,,
1154158,9340-2019-06046,1,False,9340,12/19/2019 5:45:00 PM,1745,110,1368,4313,San Jose,43,True,True,C,REAR END,,Thursday,NotApplicable,False,,,False,True,True,Santa Clara Superior,C,OTHER MOTOR VEHICLE,,1,0,CLEAR,, NO UNUSUAL CONDITIONS,, ,C,DARK-STREET LIGHTS,37.2116,-121.52,,,,,A,NO PEDESTRIANS INVOLVED,12/19/2019 12:00:00 AM,A,22350,False,1.0,US-101 S/B,,,12/27/2019 1:33:15 PM,A,N,90.0,McKee Rd,F,,D,12/27/2019 1:34:11 PM,12/27/2019 1:34:11 PM,,True,2,,,,,,,
1154156,9340-2019-06021,1,False,9340,12/18/2019 6:45:00 PM,1845,681,1368,4313,San Jose,43,True,True,C,REAR END,,Wednesday,Yes,False,,,False,True,True,Santa Clara Superior,C,OTHER MOTOR VEHICLE,,1,0,CLOUDY,RAINING, NO UNUSUAL CONDITIONS,, ,C,DARK-STREET LIGHTS,37.2144,-121.5034,,,,,A,NO PEDESTRIANS INVOLVED,12/18/2019 12:00:00 AM,A,22350,False,1.0,I-680 S/B,,,12/27/2019 1:31:10 PM,B,N,1000.0,Alum Rock Ave,F,,D,12/27/2019 1:32:17 PM,12/27/2019 1:32:17 PM,,True,2,,,,,,,
1154133,9340-2019-06039,1,False,9340,12/19/2019 4:50:00 PM,1650,281,1368,4313,San Jose,43,True,True,C,REAR END,,Thursday,NotApplicable,False,M,,False,True,False,Santa Clara Superior,C,OTHER MOTOR VEHICLE,,0,0,CLEAR,, NO UNUSUAL CONDITIONS,, ,B,DUSK-DAWN,37.31674,-121.92536,,,,,A,NO PEDESTRIANS INVOLVED,12/19/2019 12:00:00 AM,A,22350,False,1.0,I-280 S/B,,,12/27/2019 1:15:24 PM,A,N,2500.0,Meridian Ave,F,,D,12/27/2019 1:16:21 PM,12/27/2019 1:16:21 PM,,True,2,,,,,,,
1154073,9340-2019-06027,1,False,9340,12/19/2019 7:40:00 AM,740,083,1368,4313,San Jose,43,True,True,C,REAR END,,Thursday,NotApplicable,False,,,False,True,True,Santa Clara Superior,C,OTHER MOTOR VEHICLE,,0,0,CLOUDY,RAINING, NO UNUSUAL CONDITIONS,, ,A,DAYLIGHT,37.2414,-121.7994,,,,,A,NO PEDESTRIANS INVOLVED,12/19/2019 12:00:00 AM,A,22350,False,1.0,SR-85 N/B ,,,12/27/2019 12:24:27 PM,B,S,1500.0,blossom hill road,F,,D,12/27/2019 12:25:08 PM,12/27/2019 12:25:08 PM,,True,2,,,,,,,
1154064,9340-2019-06035,1,False,9340,12/19/2019 8:15:00 AM,815,083,1368,4313,San Jose,43,True,True,C,REAR END,,Thursday,NotApplicable,False,,,False,True,True,Santa Clara Superior,C,OTHER MOTOR VEHICLE,,2,0,CLOUDY,, NO UNUSUAL CONDITIONS,, ,A,DAYLIGHT,37.2521,-121.8405,,,,,A,NO PEDESTRIANS INVOLVED,12/19/2019 12:00:00 AM,A,22350,False,1.0,SR-85 S/B to Blossom Hill Rd.,,,12/27/2019 12:16:51 PM,B,N,925.0,Blossom Hill Rd,F,,D,12/27/2019 12:18:50 PM,12/27/2019 12:18:50 PM,,True,2,,,,,,,
1153999,9340-2019-06017,1,False,9340,12/18/2019 6:15:00 PM,1815,282,1368,4313,San Jose,43,True,True,C,REAR END,,Wednesday,NotApplicable,False,M,,False,True,False,Santa Clara Superior,C,OTHER MOTOR VEHICLE,,0,0,CLOUDY,, NO UNUSUAL CONDITIONS,, ,D,DARK-NO STREET LIGHTS,37.317026,-121.930487,,,,,A,NO PEDESTRIANS INVOLVED,12/18/2019 12:00:00 AM,A,21658(a),False,1.0,I-280 N/B,,,12/27/2019 11:13:37 AM,B,S,1500.0,Stevens Creek Blvd,F,,D,12/27/2019 11:14:15 AM,12/27/2019 11:14:15 AM,,True,2,,,,,,,
1153973,9340-2019-06006,1,False,9340,12/18/2019 6:45:00 AM,645,110,1368,4313,San Jose,43,True,True,B,SIDE SWIPE,,Wednesday,NotApplicable,False,,,False,True,False,Santa Clara Superior,C,OTHER MOTOR VEHICLE,,0,0,CLOUDY,, NO UNUSUAL CONDITIONS,, ,B,DUSK-DAWN,37.329442,-121.841835,,,,,A,NO PEDESTRIANS INVOLVED,12/18/2019 12:00:00 AM,A,21658(a),False,1.0,US-101 N/B,,,12/27/2019 10:53:08 AM,B,S,2000.0,I-680,F,,D,12/27/2019 10:55:09 AM,12/27/2019 10:55:09 AM,,True,2,,,,,,,