Collision Id,	Report Number,	Report Version,	Is Preliminary,	NCIC Code,Crash Date Time,	Crash Time Description,	Beat,City Id,	City Code,	City Name,County Code,	City Is Active,	City Is Incorporated,	Collision Type Code,Collision Type Description,	Collision Type Other Desc,	Day Of Week,	DispatchNotified,	HasPhotographs,	HitRun,	IsAttachmentsMailed,	IsDeleted,	IsHighwayRelated,	IsTowAway,	JudicialDistrict,	MotorVehicleInvolvedWithCode,	MotorVehicleInvolvedWithDesc,MotorVehicleInvolvedWithOtherDesc,	NumberInjured,	NumberKilled,Weather 1, Weather 2, Road Condition 1, Road Condition 2, Special Condition,LightingCode, LightingDescription,Latitude,Longitude,MilepostDirection,MilepostDistance,MilepostMarker,MilepostUnitOfMeasure,	PedestrianActionCode,PedestrianActionDesc,PreparedDate,	Primary Collision Factor Code,Primary Collision Factor Violation,PrimaryCollisionFactorIsCited,	PrimaryCollisionPartyNumber,	PrimaryRoad,	ReportingDistrict,	ReportingDistrictCode,ReviewedDate,	RoadwaySurfaceCode,SecondaryDirection,	SecondaryDistance,	SecondaryRoad,	SecondaryUnitOfMeasure,	SketchDesc,	TrafficControlDeviceCode,CreatedDate,	ModifiedDate,IsCountyRoad,IsFreeway,CHP555Version,	IsAdditonalObjectStruck,NotificationDate,	NotificationTimeDescription,	HasDigitalMediaFiles,	EvidenceNumber,	IsLocationReferToNarrative,	IsAOIOneSameAsLocation
3112672,2019-191141082,2,False,4313,4/24/2019 10:00:00 PM,2200,X2,1368,4313,San Jose,43,True,True,B,SIDE SWIPE,,Wednesday,,,,,False,False,True,,C,OTHER MOTOR VEHICLE,,1,0,CLEAR,, NO UNUSUAL CONDITIONS - NO UNUSUAL CONDITIONS,, ,C,DARK-STREET LIGHTS,,,,,,,A,NO PEDESTRIANS INVOLVED,,A,22107,,1.0,CAPITOL EXPWY,XRAY,,,A,W,500.0,SENTER RD,F,,,8/1/2024 9:17:31 AM,1/31/2025 4:41:43 PM,,,2,,,,,,,
3112640,2019-190800531,2,False,4313,3/21/2019 1:28:00 PM,1328,5,1368,4313,San Jose,43,True,True,D,BROADSIDE,,Thursday,,,,,False,False,False,,G,BICYCLE,,1,0,CLEAR,, NO UNUSUAL CONDITIONS - NO UNUSUAL CONDITIONS,, ,A,DAYLIGHT,,,,,,,A,NO PEDESTRIANS INVOLVED,,A,216501,,1.0,LEIGH AV,FRANK,,,A,,,W SAN CARLOS ST,,,D,8/1/2024 9:17:29 AM,1/31/2025 4:41:41 PM,,,2,,,,,,,
3112639,2019-191221023,2,False,4313,5/2/2019 8:34:00 PM,2034,C4,1368,4313,San Jose,43,True,True,C,REAR END,,Thursday,,,,,False,False,True,,C,OTHER MOTOR VEHICLE,,2,0,CLEAR,, NO UNUSUAL CONDITIONS - NO UNUSUAL CONDITIONS,, ,C,DARK-STREET LIGHTS,37.20582,-121.49445,,,,,A,NO PEDESTRIANS INVOLVED,,A,22350,,1.0,STORY RD,DC,,,A,,,GALAHAD AV,,,D,8/1/2024 9:17:29 AM,1/31/2025 4:41:41 PM,,,2,,,,,,,
3112638,2019-191140868,2,False,4313,4/24/2019 6:26:00 PM,1826,F3,1368,4313,San Jose,43,True,True,A,HEAD-ON,,Wednesday,,,,,False,False,False,,C,OTHER MOTOR VEHICLE,,1,0,CLEAR,, NO UNUSUAL CONDITIONS - NO UNUSUAL CONDITIONS,, ,A,DAYLIGHT,34.20029,-119.22123,,,,,A,NO PEDESTRIANS INVOLVED,,A,22350,,1.0,PARK AV,DF,,,A,,,RANDOL AV,,,D,8/1/2024 9:17:29 AM,1/31/2025 4:41:41 PM,,,2,,,,,,,
3112637,2019-191061056,2,False,4313,4/16/2019 8:46:00 PM,2046,K4,1368,4313,San Jose,43,True,True,D,BROADSIDE,,Tuesday,,,,,False,False,True,,C,OTHER MOTOR VEHICLE,,1,0,CLEAR,, NO UNUSUAL CONDITIONS - NO UNUSUAL CONDITIONS,, ,C,DARK-STREET LIGHTS,,,,,,,A,NO PEDESTRIANS INVOLVED,,D,,,,JULIAN ST,CENTR,,,A,,,RT 101,,,A,8/1/2024 9:17:29 AM,1/31/2025 4:41:41 PM,,,2,,,,,,,
3112636,2019-190770886,2,False,4313,3/18/2019 7:02:00 PM,1902,F5,1368,4313,San Jose,43,True,True,D,BROADSIDE,,Monday,,,,,False,False,False,,C,OTHER MOTOR VEHICLE,,1,0,CLEAR,, ,, ,A,DAYLIGHT,,,,,,,A,NO PEDESTRIANS INVOLVED,,A,21453A,,1.0,BIRD AV,FRANK,,,A,,,RT 280,,,A,8/1/2024 9:17:29 AM,1/31/2025 4:41:40 PM,,,2,,,,,,,
3112635,2019-191220602,2,False,4313,5/2/2019 1:43:00 PM,1343,2,1368,4313,San Jose,43,True,True,C,REAR END,,Thursday,,,,,False,False,True,,,,,2,0,CLEAR,, NO UNUSUAL CONDITIONS - NO UNUSUAL CONDITIONS,, ,A,DAYLIGHT,,,,,,,A,NO PEDESTRIANS INVOLVED,,A,21801A,,1.0,SNELL AV,YELLO,,,A,,,SANTA TERESA BL,,,D,8/1/2024 9:17:29 AM,1/31/2025 4:41:40 PM,,,2,,,,,,,
3112634,2019-191180138,2,False,4313,4/28/2019 3:11:00 AM,311,2,1368,4313,San Jose,43,True,True,A,HEAD-ON,,Sunday,,,,,False,False,True,,C,OTHER MOTOR VEHICLE,,2,0,CLEAR,, ,, ,C,DARK-STREET LIGHTS,,,,,,,A,NO PEDESTRIANS INVOLVED,,A,22350,,1.0,SANTA CLARA ST,EDWAR,,,A,,,N 2ND ST,,,A,8/1/2024 9:17:29 AM,1/31/2025 4:41:41 PM,,,2,,,,,,,
3112633,2019-190800870,2,False,4313,3/21/2019 6:27:00 PM,1827,Y1,1368,4313,San Jose,43,True,True,D,BROADSIDE,,Thursday,,,,,False,False,True,,C,OTHER MOTOR VEHICLE,,3,0,CLOUDY,, NO UNUSUAL CONDITIONS - NO UNUSUAL CONDITIONS,, ,B,DUSK-DAWN,,,,,,,A,NO PEDESTRIANS INVOLVED,,A,22350,,,CHESBRO AV,DY,,,A,,,BOLIVAR DR,,,D,8/1/2024 9:17:28 AM,1/31/2025 4:41:40 PM,,,2,,,,,,,
3112632,2019-191211090,2,False,4313,5/1/2019 10:29:00 PM,2229,W4,1368,4313,San Jose,43,True,True,G,VEHICLE/PEDESTRAIN,,Wednesday,,,,,False,False,False,,G,BICYCLE,,1,0,CLEAR,, NO UNUSUAL CONDITIONS - NO UNUSUAL CONDITIONS,, ,C,DARK-STREET LIGHTS,37.22304,-121.50805,,,,,A,NO PEDESTRIANS INVOLVED,,A,22107,,1.0,N WHITE RD,FOOTH,,,A,N,21.0,LIGHT POLE #8P11,F,,A,8/1/2024 9:17:28 AM,1/31/2025 4:41:40 PM,,,2,,,,,,,
3112631,2019-191200987,2,False,4313,4/30/2019 9:37:00 PM,2137,K2,1368,4313,San Jose,43,True,True,B,SIDE SWIPE,,Tuesday,,,F,,False,False,False,,C,OTHER MOTOR VEHICLE,,1,0,CLEAR,, NO UNUSUAL CONDITIONS - NO UNUSUAL CONDITIONS,, ,C,DARK-STREET LIGHTS,,,,,,,A,NO PEDESTRIANS INVOLVED,,A,22107,,1.0,S 10TH ST,CENTR,,,A,,,E SAN ANTONIO ST,,,A,8/1/2024 9:17:28 AM,1/31/2025 4:41:40 PM,,,2,,,,,,,
3112630,2019-191150531,2,False,4313,4/25/2019 2:02:00 PM,1402,5,1368,4313,San Jose,43,True,True,C,REAR END,,Thursday,,,F,,False,False,False,,C,OTHER MOTOR VEHICLE,,1,0,CLEAR,, NO UNUSUAL CONDITIONS - NO UNUSUAL CONDITIONS,, ,A,DAYLIGHT,37.17581,-121.50221,,,,,A,NO PEDESTRIANS INVOLVED,,A,22350,,1.0,SENTER RD,LINCO,,,A,,,OLDHAM WY,,,A,8/1/2024 9:17:28 AM,1/31/2025 4:41:40 PM,,,2,,,,,,,
3112629,2019-190770681,2,False,4313,3/18/2019 4:03:00 PM,1603,F5,1368,4313,San Jose,43,True,True,B,SIDE SWIPE,,Monday,,,,,False,False,True,,C,OTHER MOTOR VEHICLE,,3,0,CLEAR,, NO UNUSUAL CONDITIONS - NO UNUSUAL CONDITIONS,, ,A,DAYLIGHT,34.19387,-119.21443,,,,,A,NO PEDESTRIANS INVOLVED,,A,21801A,,1.0,PARK AV,FRANK,,,A,,,MARIPOSA AV,,,D,8/1/2024 9:17:28 AM,1/31/2025 4:41:40 PM,,,2,,,,,,,
3112628,2019-191210840,2,False,4313,5/1/2019 6:15:00 PM,1815,X1,1368,4313,San Jose,43,True,True,B,SIDE SWIPE,,Wednesday,,,,,False,False,False,,C,OTHER MOTOR VEHICLE,,1,0,CLEAR,, NO UNUSUAL CONDITIONS - NO UNUSUAL CONDITIONS,, ,A,DAYLIGHT,,,,,,,A,NO PEDESTRIANS INVOLVED,,A,22107,,1.0,CAPITOL EXPWY,SOUTH,,,A,W,200.0,BLUEFIELD DR,F,,A,8/1/2024 9:17:28 AM,1/31/2025 4:41:40 PM,,,2,,,,,,,
3112627,2019-191170084,2,False,4313,4/27/2019 1:17:00 AM,117,1,1368,4313,San Jose,43,True,True,B,SIDE SWIPE,,Saturday,,,F,,False,False,False,,C,OTHER MOTOR VEHICLE,,1,0,CLEAR,, NO UNUSUAL CONDITIONS - NO UNUSUAL CONDITIONS,, ,C,DARK-STREET LIGHTS,37.16209,-121.49443,,,,,A,NO PEDESTRIANS INVOLVED,,A,22350,,1.0,SKYWAY DR,XRAY,,,A,W,54.0,MONTEREY RD,F,,A,8/1/2024 9:17:28 AM,1/31/2025 4:41:40 PM,,,2,,,,,,,
3112626,2019-191160059,2,False,4313,4/26/2019 2:02:00 AM,202,L6,1368,4313,San Jose,43,True,True,C,REAR END,,Friday,,,F,,False,False,True,,C,OTHER MOTOR VEHICLE,,1,0,CLEAR,, NO UNUSUAL CONDITIONS - NO UNUSUAL CONDITIONS,, ,C,DARK-STREET LIGHTS,34.18504,-119.17265,,,,,A,NO PEDESTRIANS INVOLVED,,A,23153,,1.0,TULLY RD,LINCO,,,A,,,SHERLOCK DR,,,A,8/1/2024 9:17:28 AM,1/31/2025 4:41:40 PM,,,2,,,,,,,
3112625,2019-190800302,2,False,4313,3/21/2019 9:40:00 AM,940,E4,1368,4313,San Jose,43,True,True,D,BROADSIDE,,Thursday,,,,,False,False,True,,C,OTHER MOTOR VEHICLE,,1,0,CLEAR,, NO UNUSUAL CONDITIONS - NO UNUSUAL CONDITIONS,, ,A,DAYLIGHT,89.53522,-166.29119,,,,,A,NO PEDESTRIANS INVOLVED,,A,22352A,,1.0,REED ST,CENTR,,,A,,,N 3RD ST,,,A,8/1/2024 9:17:28 AM,1/31/2025 4:41:40 PM,,,2,,,,,,,
3112624,2019-191220637,2,False,4313,5/2/2019 2:18:00 PM,1418,1,1368,4313,San Jose,43,True,True,C,REAR END,,Thursday,,,,,False,False,True,,C,OTHER MOTOR VEHICLE,,3,0,CLEAR,, NO UNUSUAL CONDITIONS - NO UNUSUAL CONDITIONS,, ,A,DAYLIGHT,37.20294,-121.50408,,,,,A,NO PEDESTRIANS INVOLVED,,A,22350,,1.0,S KING RD,C,,,A,N,191.0,LIDO WY,F,,A,8/1/2024 9:17:28 AM,1/31/2025 4:41:40 PM,,,2,,,,,,,
3112623,2019-191140343,2,False,4313,4/24/2019 10:30:00 AM,1030,T4,1368,4313,San Jose,43,True,True,C,REAR END,,Wednesday,,,F,,False,False,False,,C,OTHER MOTOR VEHICLE,,1,0,CLEAR,, NO UNUSUAL CONDITIONS - NO UNUSUAL CONDITIONS,, ,A,DAYLIGHT,,,,,,,A,NO PEDESTRIANS INVOLVED,,A,22350,,1.0,BRANHAM LN,SOUTH,,,A,,,CAMDEN AV,,,,8/1/2024 9:17:28 AM,1/31/2025 4:41:40 PM,,,2,,,,,,,
3112622,2019-191120841,2,False,4313,4/22/2019 7:21:00 PM,1921,R1,1368,4313,San Jose,43,True,True,C,REAR END,,Monday,,,,,False,True,False,,G,BICYCLE,,1,0,CLEAR,, NO UNUSUAL CONDITIONS - NO UNUSUAL CONDITIONS,, ,A,DAYLIGHT,37.24579,-121.54314,,,,,A,NO PEDESTRIANS INVOLVED,,A,22350,,1.0,MONTAGUE EXPY,CENTR,,,A,,,RT 880,,,D,8/1/2024 9:17:28 AM,1/31/2025 4:41:40 PM,,,2,,,,,,,
3112621,2019-191210096,2,False,4313,5/1/2019 4:07:00 AM,407,3,1368,4313,San Jose,43,True,True,B,SIDE SWIPE,,Wednesday,,,,,False,False,True,,E,PARKED MOTOR VEHICLE,,1,0,CLEAR,, NO UNUSUAL CONDITIONS - NO UNUSUAL CONDITIONS,, ,C,DARK-STREET LIGHTS,,,,,,,A,NO PEDESTRIANS INVOLVED,,A,21658,,1.0,THE ALAMEDA,FRANK,,,A,,,HEDDING ST,,,D,8/1/2024 9:17:28 AM,1/31/2025 4:41:39 PM,,,2,,,,,,,
3112620,2019-190790900,2,False,4313,3/20/2019 6:52:00 PM,1852,S4,1368,4313,San Jose,43,True,True,D,BROADSIDE,,Wednesday,,,,,False,False,False,,C,OTHER MOTOR VEHICLE,,1,0,CLEAR,, NO UNUSUAL CONDITIONS - NO UNUSUAL CONDITIONS,, ,B,DUSK-DAWN,,,,,,,A,NO PEDESTRIANS INVOLVED,,A,22107,,1.0,MINNESOTA AV,WESTE,,,A,,,CHERRY AV,,,A,8/1/2024 9:17:28 AM,1/31/2025 4:41:39 PM,,,2,,,,,,,
3112619,2019-191190017,2,False,4313,4/28/2019 11:30:00 PM,2330,Y3,1368,4313,San Jose,43,True,True,G,VEHICLE/PEDESTRAIN,,Sunday,,,F,,False,False,False,,B,PEDESTRIAN,,1,0,CLEAR,, NO UNUSUAL CONDITIONS - NO UNUSUAL CONDITIONS,, ,C,DARK-STREET LIGHTS,34.1509,-119.16492,,,,,,,,A,,,,BLOSSOM HILL RD,SOUTH,,,A,W,44.0,POLE 18 P 23,F,,D,8/1/2024 9:17:28 AM,1/31/2025 4:41:39 PM,,,2,,,,,,,
3112618,2019-191090292,2,False,4313,4/19/2019 9:48:00 AM,948,F1,1368,4313,San Jose,43,True,True,,,,Friday,,,,,False,False,False,,C,OTHER MOTOR VEHICLE,,1,0,CLEAR,, NO UNUSUAL CONDITIONS - NO UNUSUAL CONDITIONS,, ,A,DAYLIGHT,,,,,,,A,NO PEDESTRIANS INVOLVED,,A,22350,,1.0,WINCHESTER BL,DF,,,A,,,MOORPARK AV,,,A,8/1/2024 9:17:27 AM,1/31/2025 4:41:39 PM,,,2,,,,,,,
3112616,2019-191230292,2,False,4313,5/3/2019 10:04:00 AM,1004,K6,1368,4313,San Jose,43,True,True,D,BROADSIDE,,Friday,,,,,False,False,True,,C,OTHER MOTOR VEHICLE,,1,0,CLEAR,, NO UNUSUAL CONDITIONS - NO UNUSUAL CONDITIONS,, ,A,DAYLIGHT,,,,,,,A,NO PEDESTRIANS INVOLVED,,A,21453A,,1.0,S 10TH ST,CENTR,,,A,,,E REED ST,,,A,8/1/2024 9:17:27 AM,1/31/2025 4:41:39 PM,,,2,,,,,,,
3112615,2019-191190969,2,False,4313,4/29/2019 8:17:00 PM,2017,5,1368,4313,San Jose,43,True,True,D,BROADSIDE,,Monday,,,F,,False,False,False,,B,PEDESTRIAN,,1,0,CLEAR,, NO UNUSUAL CONDITIONS - NO UNUSUAL CONDITIONS,, ,C,DARK-STREET LIGHTS,34.1914,-119.21413,,,,,F,NOT IN ROAD,,A,20001,,1.0,MERIDIAN AV,FRANK,,,A,S,63.0,SADDLE RACK ST,F,,D,8/1/2024 9:17:27 AM,1/31/2025 4:41:39 PM,,,2,,,,,,,
3112614,2019-191120176,2,False,4313,4/22/2019 6:45:00 AM,645,T1,1368,4313,San Jose,43,True,True,C,REAR END,,Monday,,,,,False,False,True,,C,OTHER MOTOR VEHICLE,,1,0,CLEAR,, NO UNUSUAL CONDITIONS - NO UNUSUAL CONDITIONS,, ,A,DAYLIGHT,,,,,,,A,NO PEDESTRIANS INVOLVED,,A,22350,,1.0,BASCOM AV,SOUTH,,,A,,,WOODARD,,,D,8/1/2024 9:17:27 AM,1/31/2025 4:41:39 PM,,,2,,,,,,,
3112612,2019-191220140,2,False,4313,5/2/2019 6:39:00 AM,639,C4,1368,4313,San Jose,43,True,True,A,HEAD-ON,,Thursday,,,,,False,False,True,,C,OTHER MOTOR VEHICLE,,1,0,CLEAR,, NO UNUSUAL CONDITIONS - NO UNUSUAL CONDITIONS,, ,A,DAYLIGHT,37.20287,-121.49255,,,,,A,NO PEDESTRIANS INVOLVED,,A,21801B,,1.0,ALFRED WY,CHARL,,,A,,,VISTAGLEN DR,,,D,8/1/2024 9:17:27 AM,1/31/2025 4:41:39 PM,,,2,,,,,,,
3112611,2019-191060623,2,False,4313,4/16/2019 2:29:00 PM,1429,A2,1368,4313,San Jose,43,True,True,G,VEHICLE/PEDESTRAIN,,Tuesday,,,,,False,False,False,,B,PEDESTRIAN,,1,0,CLEAR,, NO UNUSUAL CONDITIONS - NO UNUSUAL CONDITIONS,, ,A,DAYLIGHT,37.15869,-121.52383,,,,,F,NOT IN ROAD,,A,,,1.0,ALMADEN EXPWY,SOUTH,,,A,,,ALMADEN EXPWY 5353,,,D,8/1/2024 9:17:27 AM,1/31/2025 4:41:39 PM,,,2,,,,,,,
3112610,2019-191120199,2,False,4313,4/22/2019 7:50:00 AM,750,V1,1368,4313,San Jose,43,True,True,A,HEAD-ON,,Monday,,,,,False,False,False,,C,OTHER MOTOR VEHICLE,,1,0,CLEAR,, NO UNUSUAL CONDITIONS - NO UNUSUAL CONDITIONS,, ,A,DAYLIGHT,,,,,,,A,NO PEDESTRIANS INVOLVED,,A,22107,,1.0,GUADALUPE PY,V,,,A,,, WEST HEDDING ST,,,D,8/1/2024 9:17:27 AM,1/31/2025 4:41:39 PM,,,2,,,,,,,
3112608,2019-19120397,2,False,4313,5/1/2019 11:37:00 AM,1137,A4,1368,4313,San Jose,43,True,True,D,BROADSIDE,,Wednesday,,,,,False,False,True,,C,OTHER MOTOR VEHICLE,,2,0,CLEAR,, NO UNUSUAL CONDITIONS - NO UNUSUAL CONDITIONS,, ,A,DAYLIGHT,,,,,,,A,NO PEDESTRIANS INVOLVED,,A,21453A,,1.0,SANTA TERESA BL,SOUTH,,,A,,,STEINBECK DR,,,A,8/1/2024 9:17:27 AM,1/31/2025 4:41:39 PM,,,2,,,,,,,
3112607,2019-191130387,2,False,4313,4/23/2019 10:50:00 AM,1050,A4,1368,4313,San Jose,43,True,True,D,BROADSIDE,,Tuesday,,,,,False,False,True,,C,OTHER MOTOR VEHICLE,,3,0,CLEAR,, NO UNUSUAL CONDITIONS - NO UNUSUAL CONDITIONS,, ,A,DAYLIGHT,37.13414,-121.53358,,,,,A,NO PEDESTRIANS INVOLVED,,A,21804A,,1.0,MERIDIAN AV,SOUTH,,,A,N,300.0,REDMOND,F,,D,8/1/2024 9:17:27 AM,1/31/2025 4:41:39 PM,,,2,,,,,,,
3112606,2019-191090660,2,False,4313,4/19/2019 3:04:00 PM,1504,N3,1368,4313,San Jose,43,True,True,C,REAR END,,Friday,,,,,False,False,False,,C,OTHER MOTOR VEHICLE,,1,0,CLEAR,, NO UNUSUAL CONDITIONS - NO UNUSUAL CONDITIONS,, ,A,DAYLIGHT,37.18118,-121.5979,,,,,A,NO PEDESTRIANS INVOLVED,,A,22350,,1.0,DOYLE RD,NORA,,,A,W,74.0,TELEPHONE POLE #34,F,,D,8/1/2024 9:17:27 AM,1/31/2025 4:41:38 PM,,,2,,,,,,,
3112603,2019-191130725,2,False,4313,4/23/2019 4:30:00 PM,1630,S3,1368,4313,San Jose,43,True,True,C,REAR END,,Tuesday,,,,,False,False,False,,C,OTHER MOTOR VEHICLE,,1,0,CLEAR,, NO UNUSUAL CONDITIONS - NO UNUSUAL CONDITIONS,, ,A,DAYLIGHT,37.18543,-121.53185,,,,,A,NO PEDESTRIANS INVOLVED,,A,21703,,1.0,WILLOW ST,WESTE,,,A,,,LELONG ST,,,A,8/1/2024 9:17:26 AM,1/31/2025 4:41:38 PM,,,2,,,,,,,
3112602,2019-191200228,2,False,4313,4/30/2019 9:07:00 AM,907,6,1368,4313,San Jose,43,True,True,B,SIDE SWIPE,,Tuesday,,,,,False,False,True,,C,OTHER MOTOR VEHICLE,,1,0,CLEAR,, NO UNUSUAL CONDITIONS - NO UNUSUAL CONDITIONS,, ,A,DAYLIGHT,,,,,,,A,NO PEDESTRIANS INVOLVED,,A,21750,,1.0,MT PLEASANT RD,PAUL,,,A,,,FLINT CREEK DR,,,D,8/1/2024 9:17:26 AM,1/31/2025 4:41:38 PM,,,2,,,,,,,
3112599,2019-191140412,2,False,4313,4/24/2019 11:41:00 AM,1141,M1,1368,4313,San Jose,43,True,True,D,BROADSIDE,,Wednesday,,,,,False,False,True,,C,OTHER MOTOR VEHICLE,,2,0,CLEAR,, NO UNUSUAL CONDITIONS - NO UNUSUAL CONDITIONS,, ,A,DAYLIGHT,37.21411,-121.51209,,,,,A,NO PEDESTRIANS INVOLVED,,D,,,,MCKEE RD,DM,,,A,,,CHECKERS DR,,,A,8/1/2024 9:17:26 AM,1/31/2025 4:41:38 PM,,,2,,,,,,,
3112598,2019-191200058,2,False,4313,4/30/2019 1:33:00 AM,133,P1,1368,4313,San Jose,43,True,True,E,HIT OBJECT,,Tuesday,,,,,False,False,True,,I,FIXED OBJECT,,2,0,CLEAR,, NO UNUSUAL CONDITIONS - NO UNUSUAL CONDITIONS,, ,C,DARK-STREET LIGHTS,,,,,,,A,NO PEDESTRIANS INVOLVED,,A,22350,,1.0,TULLY RD,FOOTH,,,A,,,CAPITOL EXPWY,,,A,8/1/2024 9:17:26 AM,1/31/2025 4:41:38 PM,,,2,,,,,,,
3112595,2019-191121057,2,False,4313,4/22/2019 11:32:00 PM,2332,,1368,4313,San Jose,43,True,True,A,HEAD-ON,,Monday,,,,,False,False,False,,G,BICYCLE,,1,0,CLEAR,, NO UNUSUAL CONDITIONS - NO UNUSUAL CONDITIONS,, ,C,DARK-STREET LIGHTS,34.20335,-119.18428,,,,,A,NO PEDESTRIANS INVOLVED,,A,21651B,,1.0,S 24TH ST,K5,,,A,,,E WILLIAM ST,,,D,8/1/2024 9:17:26 AM,1/31/2025 4:41:38 PM,,,2,,,,,,,
3112594,2019-191030543,2,False,4313,4/13/2019 3:05:00 PM,1505,Y5,1368,4313,San Jose,43,True,True,H,OTHER,,Saturday,,,F,,False,False,False,,B,PEDESTRIAN,,1,0,CLEAR,, OTHER* - OTHER*,, ,A,DAYLIGHT,37.15093,-121.4614,,,,,E,IN ROAD - INCLUDES SHOULDER,,D,,,,HELLYER AV,YELLO,,,A,,,SILICON VALLEY BL,,,,8/1/2024 9:17:26 AM,1/31/2025 4:41:38 PM,,,2,,,,,,,
3112591,2019-191110786,2,False,4313,4/21/2019 9:35:00 PM,2135,3,1368,4313,San Jose,43,True,True,,,,Sunday,,,,,False,False,True,,C,OTHER MOTOR VEHICLE,,4,0,CLEAR,, NO UNUSUAL CONDITIONS - NO UNUSUAL CONDITIONS,, ,C,DARK-STREET LIGHTS,,,,,,,A,NO PEDESTRIANS INVOLVED,,A,22350,,1.0,MCKEE RD,MARY,,,A,,,N 33RD ST,,,A,8/1/2024 9:17:26 AM,1/31/2025 4:41:38 PM,,,2,,,,,,,
3112590,2019-190940207,2,False,4313,4/4/2019 8:37:00 AM,837,M5,1368,4313,San Jose,43,True,True,C,REAR END,,Thursday,,,,,False,False,True,,C,OTHER MOTOR VEHICLE,,1,0,CLEAR,, NO UNUSUAL CONDITIONS - NO UNUSUAL CONDITIONS,, ,A,DAYLIGHT,37.21197,-121.50108,,,,,A,NO PEDESTRIANS INVOLVED,,A,22350,,1.0,CAPITOL EXPWY,C,,,A,,,RT 680,,,,8/1/2024 9:17:26 AM,1/31/2025 4:41:38 PM,,,2,,,,,,,
3112587,2019-191170391,2,False,4313,4/27/2019 11:15:00 AM,1115,N1,1368,4313,San Jose,43,True,True,C,REAR END,,Saturday,,,M,,False,False,True,,E,PARKED MOTOR VEHICLE,,1,0,CLEAR,, NO UNUSUAL CONDITIONS - NO UNUSUAL CONDITIONS,, ,A,DAYLIGHT,37.18303,-122.14734,,,,,A,NO PEDESTRIANS INVOLVED,,A,22350,,1.0,CLARENDON ST,WESTE,,,A,,,CLARENDON ST 7209,,,D,8/1/2024 9:17:25 AM,1/31/2025 4:41:37 PM,,,2,,,,,,,
3112586,2019-191090563,2,False,4313,4/19/2019 1:24:00 PM,1324,2,1368,4313,San Jose,43,True,True,C,REAR END,,Friday,,,,,False,False,False,,C,OTHER MOTOR VEHICLE,,1,0,CLEAR,, NO UNUSUAL CONDITIONS - NO UNUSUAL CONDITIONS,, ,A,DAYLIGHT,,,,,,,A,NO PEDESTRIANS INVOLVED,,A,22350A,,1.0,SOUTHWEST EXPWY,SAM,,,B,S,53.0,LIGHT POLE #14K300,F,,A,8/1/2024 9:17:25 AM,1/31/2025 4:41:37 PM,,,2,,,,,,,
3112583,2019-191090807,2,False,4313,4/19/2019 5:26:00 PM,1726,L2,1368,4313,San Jose,43,True,True,B,SIDE SWIPE,,Friday,,,,,False,False,False,,C,OTHER MOTOR VEHICLE,,1,0,CLEAR,, NO UNUSUAL CONDITIONS - NO UNUSUAL CONDITIONS,, ,A,DAYLIGHT,37.19579,-121.5113,,,,,A,NO PEDESTRIANS INVOLVED,,A,21453A,,1.0,MCLAUGHLIN AV,LINCO,,,A,,,STORY RD,,,A,8/1/2024 9:17:25 AM,1/31/2025 4:41:37 PM,,,2,,,,,,,
3112582,2019-191080364,2,False,4313,4/18/2019 10:30:00 AM,1030,C1,1368,4313,San Jose,43,True,True,C,REAR END,,Thursday,,,,,False,False,True,,C,OTHER MOTOR VEHICLE,,1,0,CLEAR,, NO UNUSUAL CONDITIONS - NO UNUSUAL CONDITIONS,, ,A,DAYLIGHT,37.20457,-121.50247,,,,,A,NO PEDESTRIANS INVOLVED,,A,22350,,1.0,STORY RD,FOOTH,,,A,,,ADRIAN WY,,,A,8/1/2024 9:17:25 AM,1/31/2025 4:41:37 PM,,,2,,,,,,,
3112579,2019-191130801,2,False,4313,4/23/2019 5:41:00 PM,1741,R1,1368,4313,San Jose,43,True,True,D,BROADSIDE,,Tuesday,,,,,False,False,True,,C,OTHER MOTOR VEHICLE,,1,0,CLEAR,, NO UNUSUAL CONDITIONS - NO UNUSUAL CONDITIONS,, ,A,DAYLIGHT,,,,,,,A,NO PEDESTRIANS INVOLVED,,A,21804A,,1.0,ORCHARD PKWY,ROBER,,,A,,,PLUMERIA DR,,,D,8/1/2024 9:17:25 AM,1/31/2025 4:41:37 PM,,,2,,,,,,,
3112575,2019-191130906,2,False,4313,4/23/2019 7:12:00 PM,1912,K2,1368,4313,San Jose,43,True,True,D,BROADSIDE,,Tuesday,,,,,False,False,False,,B,PEDESTRIAN,,1,0,CLEAR,, NO UNUSUAL CONDITIONS - NO UNUSUAL CONDITIONS,, ,A,DAYLIGHT,,,,,,,B,CROSSING IN CROSS WALK AT INTERSECTION,,A,21950A,,1.0,S 6TH ST,CENTR,,,A,,,E SAN SALVADOR ST,,,D,8/1/2024 9:17:25 AM,1/31/2025 4:41:36 PM,,,2,,,,,,,
3112571,2019-191140548,2,False,4313,4/24/2019 1:35:00 PM,1335,5,1368,4313,San Jose,43,True,True,D,BROADSIDE,,Wednesday,,,,,False,False,True,,C,OTHER MOTOR VEHICLE,,2,0,CLEAR,, NO UNUSUAL CONDITIONS - NO UNUSUAL CONDITIONS,, ,A,DAYLIGHT,,,,,,,A,NO PEDESTRIANS INVOLVED,,A,22103,,1.0,LINCOLN AV,FRANK,,,A,,,PARKMOOR AV,,,D,8/1/2024 9:17:24 AM,1/31/2025 4:41:36 PM,,,2,,,,,,,
3112567,2019-191140683,2,False,4313,4/24/2019 3:35:00 PM,1535,A1,1368,4313,San Jose,43,True,True,D,BROADSIDE,,Wednesday,,,,,False,False,True,,C,OTHER MOTOR VEHICLE,,1,0,CLEAR,, NO UNUSUAL CONDITIONS - NO UNUSUAL CONDITIONS,, ,A,DAYLIGHT,34.15041,-119.23509,,,,,A,NO PEDESTRIANS INVOLVED,,A,21802A,,1.0,LOST OAKS DR,DISTR,,,A,,,NATIONAL AV,,,A,8/1/2024 9:17:24 AM,1/31/2025 4:41:36 PM,,,2,,,,,,,
3112563,2019-191140788,2,False,4313,4/24/2019 5:17:00 PM,1717,S3,1368,4313,San Jose,43,True,True,D,BROADSIDE,,Wednesday,,,,,False,False,False,,G,BICYCLE,,1,0,CLEAR,, NO UNUSUAL CONDITIONS - NO UNUSUAL CONDITIONS,, ,A,DAYLIGHT,37.18465,-121.54159,,,,,A,NO PEDESTRIANS INVOLVED,,A,21801,,1.0,LINCOLN AV,CENTR,,,A,,,PEDRO ST,,,A,8/1/2024 9:17:24 AM,1/31/2025 4:41:36 PM,,,2,,,,,,,