Collision Id,	Report Number,	Report Version,	Is Preliminary,	NCIC Code,Crash Date Time,	Crash Time Description,	Beat,City Id,	City Code,	City Name,County Code,	City Is Active,	City Is Incorporated,	Collision Type Code,Collision Type Description,	Collision Type Other Desc,	Day Of Week,	DispatchNotified,	HasPhotographs,	HitRun,	IsAttachmentsMailed,	IsDeleted,	IsHighwayRelated,	IsTowAway,	JudicialDistrict,	MotorVehicleInvolvedWithCode,	MotorVehicleInvolvedWithDesc,MotorVehicleInvolvedWithOtherDesc,	NumberInjured,	NumberKilled,Weather 1, Weather 2, Road Condition 1, Road Condition 2, Special Condition,LightingCode, LightingDescription,Latitude,Longitude,MilepostDirection,MilepostDistance,MilepostMarker,MilepostUnitOfMeasure,	PedestrianActionCode,PedestrianActionDesc,PreparedDate,	Primary Collision Factor Code,Primary Collision Factor Violation,PrimaryCollisionFactorIsCited,	PrimaryCollisionPartyNumber,	PrimaryRoad,	ReportingDistrict,	ReportingDistrictCode,ReviewedDate,	RoadwaySurfaceCode,SecondaryDirection,	SecondaryDistance,	SecondaryRoad,	SecondaryUnitOfMeasure,	SketchDesc,	TrafficControlDeviceCode,CreatedDate,	ModifiedDate,IsCountyRoad,IsFreeway,CHP555Version,	IsAdditonalObjectStruck,NotificationDate,	NotificationTimeDescription,	HasDigitalMediaFiles,	EvidenceNumber,	IsLocationReferToNarrative,	IsAOIOneSameAsLocation
3146330,2019-191520620,2,False,4313,6/1/2019 4:03:00 PM,1603,A3,1368,4313,San Jose,43,True,True,A,HEAD-ON,,Saturday,,,,,False,False,False,,I,FIXED OBJECT,,1,0,CLEAR,, NO UNUSUAL CONDITIONS - NO UNUSUAL CONDITIONS,, ,A,DAYLIGHT,34.1533,-119.1931,,,,,A,NO PEDESTRIANS INVOLVED,,A,22350,,1.0,ALMADEN EXPWY,SOUTH,,,A,,,ALMADEN EXPWY 5039,,,D,8/1/2024 10:06:19 AM,2/3/2025 8:40:18 AM,,,2,,,,,,,
3145880,2019-192810772,2,False,4313,10/8/2019 3:24:00 PM,1524,A1,1368,4313,San Jose,43,True,True,B,SIDE SWIPE,,Tuesday,,,,,False,False,True,,,,,2,0,CLEAR,, NO UNUSUAL CONDITIONS - NO UNUSUAL CONDITIONS,, ,A,DAYLIGHT,37.14343,-121.54206,,,,,A,NO PEDESTRIANS INVOLVED,,A,23152,,1.0,CAMDEN AV,DA,,,,,,MERRILL DR,,,A,8/1/2024 10:05:25 AM,2/3/2025 8:40:06 AM,,,2,,,,,,,
3145876,2019-192780752,2,False,4313,10/5/2019 5:56:00 PM,1756,Y4,1368,4313,San Jose,43,True,True,E,HIT OBJECT,,Saturday,,,,,False,False,True,,I,FIXED OBJECT,,1,0,CLEAR,, NO UNUSUAL CONDITIONS - NO UNUSUAL CONDITIONS,, ,A,DAYLIGHT,,,,,,,A,NO PEDESTRIANS INVOLVED,,A,23152A,,1.0,GREAT OAKS BL,SOUTH,,,A,,,SAN IGNACIO AV,,,A,8/1/2024 10:05:25 AM,2/3/2025 8:40:05 AM,,,2,,,,,,,
3145872,2019-192760945,2,False,4313,10/3/2019 8:27:00 PM,2027,A1,1368,4313,San Jose,43,True,True,D,BROADSIDE,,Thursday,,,,,False,False,True,,C,OTHER MOTOR VEHICLE,,1,0,CLEAR,, NO UNUSUAL CONDITIONS - NO UNUSUAL CONDITIONS,, ,C,DARK-STREET LIGHTS,37.15139,-121.57654,,,,,A,NO PEDESTRIANS INVOLVED,,D,,,,S BASCOM AV,SOUTH,,,,,,RT 85,,,,8/1/2024 10:05:24 AM,2/3/2025 8:40:05 AM,,,2,,,,,,,
3145373,2019-191610520,2,False,4313,6/10/2019 1:42:00 PM,1342,L2,1368,4313,San Jose,43,True,True,B,SIDE SWIPE,,Monday,,,,,False,True,True,,C,OTHER MOTOR VEHICLE,,4,0,CLEAR,, NO UNUSUAL CONDITIONS - NO UNUSUAL CONDITIONS,, ,A,DAYLIGHT,37.19862,-121.49496,,,,,A,NO PEDESTRIANS INVOLVED,,A,22107,,1.0,TULLY RD,FOOTH,,,A,,,RT 101,,,D,8/1/2024 10:04:26 AM,2/3/2025 8:39:50 AM,,,2,,,,,,,
3145229,2019-191470938,2,False,4313,5/27/2019 10:52:00 PM,2252,T3,1368,4313,San Jose,43,True,True,C,REAR END,,Monday,,,,,False,False,True,,E,PARKED MOTOR VEHICLE,,1,0,CLEAR,, NO UNUSUAL CONDITIONS - NO UNUSUAL CONDITIONS,, ,C,DARK-STREET LIGHTS,37.16505,-121.53516,,,,,A,NO PEDESTRIANS INVOLVED,,A,22107,,1.0,HUSTED AV,SOUTH,,,A,,,PLUMMER AV,,,D,8/1/2024 10:04:09 AM,2/3/2025 8:39:46 AM,,,2,,,,,,,
3144662,2019-191170661,2,False,4313,4/27/2019 4:43:00 PM,1643,1,1368,4313,San Jose,43,True,True,A,HEAD-ON,,Saturday,,,,,False,False,True,,C,OTHER MOTOR VEHICLE,,1,0,CLEAR,, NO UNUSUAL CONDITIONS - NO UNUSUAL CONDITIONS,, ,A,DAYLIGHT,34.19278,-119.19424,,,,,A,NO PEDESTRIANS INVOLVED,,A,22350,,1.0,S 2ND ST,LINCO,,,A,,,MARTHA ST,,,D,8/1/2024 10:03:03 AM,2/3/2025 8:39:31 AM,,,2,,,,,,,
3144573,2019-191210781,2,False,4313,5/1/2019 5:31:00 PM,1731,R3,1368,4313,San Jose,43,True,True,,,,Wednesday,,,,,False,False,True,,C,OTHER MOTOR VEHICLE,,1,0,CLEAR,, NO UNUSUAL CONDITIONS - NO UNUSUAL CONDITIONS,, ,A,DAYLIGHT,37.22425,-121.55798,,,,,A,NO PEDESTRIANS INVOLVED,,A,21804A,,1.0,TECHNOLOGY DR,DISTR,,,A,,,METRO DR,,,A,8/1/2024 10:02:53 AM,2/3/2025 8:39:28 AM,,,2,,,,,,,
3144366,2019-191850553,2,False,4313,7/4/2019 3:53:00 PM,1553,X1,1368,4313,San Jose,43,True,True,G,VEHICLE/PEDESTRAIN,,Thursday,,,,,False,False,False,,B,PEDESTRIAN,,1,0,FOG/VISIBILITY,OTHER, ,, ,A,DAYLIGHT,34.17065,-119.1853,,,,,B,CROSSING IN CROSS WALK AT INTERSECTION,,A,22350,,1.0,MACINTYRE DR,XRAY,,,,,,WALZER WY,,,D,8/1/2024 10:02:31 AM,2/3/2025 8:39:22 AM,,,2,,,,,,,
3144364,2019-191910288,2,False,4313,7/10/2019 10:31:00 AM,1031,L2,1368,4313,San Jose,43,True,True,A,HEAD-ON,,Wednesday,,,,,False,False,False,,G,BICYCLE,,1,0,CLEAR,, NO UNUSUAL CONDITIONS - NO UNUSUAL CONDITIONS,, ,A,DAYLIGHT,,,,,,,A,NO PEDESTRIANS INVOLVED,,A,216501,,1.0,PHELAN AV,WESTE,,,A,,,LUCRETIA AV,,,D,8/1/2024 10:02:31 AM,2/3/2025 8:39:22 AM,,,2,,,,,,,
3144362,2019-191850139,2,False,4313,7/4/2019 2:52:00 AM,252,Y4,1368,4313,San Jose,43,True,True,A,HEAD-ON,,Thursday,,,,,False,False,True,,I,FIXED OBJECT,,1,0,CLEAR,, NO UNUSUAL CONDITIONS - NO UNUSUAL CONDITIONS,, ,C,DARK-STREET LIGHTS,,,,,,,A,NO PEDESTRIANS INVOLVED,,A,22350,,1.0,SANTA TERESA BL,DY,,,A,,,PURPLE HILLS DR,,,A,8/1/2024 10:02:30 AM,2/3/2025 8:39:22 AM,,,2,,,,,,,
3144361,2019-191880864,2,False,4313,7/7/2019 10:02:00 PM,2202,6,1368,4313,San Jose,43,True,True,C,REAR END,,Sunday,,,,,False,False,True,,C,OTHER MOTOR VEHICLE,,1,0,CLEAR,, NO UNUSUAL CONDITIONS - NO UNUSUAL CONDITIONS,, ,E,DARK-STREET LIGHTS NOT FUNCTIONING*,,,,,,,A,NO PEDESTRIANS INVOLVED,,A,23123,,1.0,YERBA BUENA RD,PAUL,,,A,,,BYINGTON DR,,,A,8/1/2024 10:02:30 AM,2/3/2025 8:39:22 AM,,,2,,,,,,,
3144358,2019-191820124,2,False,4313,7/1/2019 5:45:00 AM,545,2,1368,4313,San Jose,43,True,True,A,HEAD-ON,,Monday,,,,,False,False,True,,C,OTHER MOTOR VEHICLE,,3,0,CLEAR,, NO UNUSUAL CONDITIONS - NO UNUSUAL CONDITIONS,, ,A,DAYLIGHT,34.19418,-119.1734,,,,,A,NO PEDESTRIANS INVOLVED,,A,22107,,1.0,DARWIN CT,LINCO,,,A,,,CRUCERO DR,,,D,8/1/2024 10:02:30 AM,2/3/2025 8:39:22 AM,,,2,,,,,,,
3144357,2019-191910624,2,False,4313,7/10/2019 3:59:00 PM,1559,R4,1368,4313,San Jose,43,True,True,B,SIDE SWIPE,,Wednesday,,,F,,False,True,False,,C,OTHER MOTOR VEHICLE,,1,0,CLEAR,, NO UNUSUAL CONDITIONS - NO UNUSUAL CONDITIONS,, ,A,DAYLIGHT,,,,,,,A,NO PEDESTRIANS INVOLVED,,A,21453,,1.0,OAKLAND RD,ROBER,,,A,S,30.0,RT 101,F,,A,8/1/2024 10:02:30 AM,2/3/2025 8:39:22 AM,,,2,,,,,,,
3144352,2019-191820174,2,False,4313,7/1/2019 8:09:00 AM,809,F1,1368,4313,San Jose,43,True,True,G,VEHICLE/PEDESTRAIN,,Monday,,,,,False,False,False,,G,BICYCLE,,1,0,CLEAR,, NO UNUSUAL CONDITIONS - NO UNUSUAL CONDITIONS,, ,A,DAYLIGHT,,,,,,,E,IN ROAD - INCLUDES SHOULDER,,A,22107,,1.0,S MONROE ST,DF,,,A,S,102.0,STEVENS CREEK BL,F,,D,8/1/2024 10:02:29 AM,2/3/2025 8:39:22 AM,,,2,,,,,,,
3144349,2019-191880943,2,False,4313,7/7/2019 11:42:00 PM,2342,5,1368,4313,San Jose,43,True,True,A,HEAD-ON,,Sunday,,,,,False,False,True,,I,FIXED OBJECT,,1,0,CLEAR,, NO UNUSUAL CONDITIONS - NO UNUSUAL CONDITIONS,, ,C,DARK-STREET LIGHTS,,,,,,,A,NO PEDESTRIANS INVOLVED,,A,22107,,1.0,S WINCHESTER BL,NORA,,,A,S,14.0,LOMA VERDE DR,F,,D,8/1/2024 10:02:29 AM,2/3/2025 8:39:22 AM,,,2,,,,,,,
3144345,2019-191880134,2,False,4313,7/7/2019 1:49:00 AM,149,4,1368,4313,San Jose,43,True,True,D,BROADSIDE,,Sunday,,,,,False,False,True,,C,OTHER MOTOR VEHICLE,,2,0,CLEAR,, NO UNUSUAL CONDITIONS - NO UNUSUAL CONDITIONS,, ,C,DARK-STREET LIGHTS,,,,,,,A,NO PEDESTRIANS INVOLVED,,A,21453A,,1.0,OCALA AV,CHARL,,,A,,,CAPITOL EXPWY,,,A,8/1/2024 10:02:28 AM,2/3/2025 8:39:21 AM,,,2,,,,,,,
3144339,2019-191820359,2,False,4313,7/1/2019 11:40:00 AM,1140,1140,1368,4313,San Jose,43,True,True,E,HIT OBJECT,,Monday,,,,,False,False,True,,I,FIXED OBJECT,,1,0,CLEAR,, NO UNUSUAL CONDITIONS - NO UNUSUAL CONDITIONS,, ,A,DAYLIGHT,,,,,,,A,NO PEDESTRIANS INVOLVED,,A,22107,,1.0,PEARL AV,DISTR,,,A,,,CHYNOWETH AV,,,D,8/1/2024 10:02:28 AM,2/3/2025 8:39:21 AM,,,2,,,,,,,
3144335,2019-191820384,2,False,4313,7/1/2019 11:59:00 AM,1159,P4,1368,4313,San Jose,43,True,True,,,,Monday,,,,,False,False,True,,C,OTHER MOTOR VEHICLE,,2,0,CLEAR,, NO UNUSUAL CONDITIONS - NO UNUSUAL CONDITIONS,, ,A,DAYLIGHT,,,,,,,A,NO PEDESTRIANS INVOLVED,,A,21803A,,1.0,CAPITOL EXPWY,DP,,,A,,,NIEMAN BL,,,A,8/1/2024 10:02:27 AM,2/3/2025 8:39:21 AM,,,2,,,,,,,
3144330,2019-191820475,2,False,4313,7/1/2019 1:35:00 PM,1335,L1,1368,4313,San Jose,43,True,True,D,BROADSIDE,,Monday,,,,,False,False,True,,C,OTHER MOTOR VEHICLE,,2,0,CLEAR,, NO UNUSUAL CONDITIONS - NO UNUSUAL CONDITIONS,, ,A,DAYLIGHT,37.19627,-121.52718,,,,,A,NO PEDESTRIANS INVOLVED,,A,23123,,1.0,E ALMA AV,WESTE,,,A,W,25.0,S 7TH ST,F,,A,8/1/2024 10:02:26 AM,2/3/2025 8:39:21 AM,,,2,,,,,,,
3144326,2019-191820658,2,False,4313,7/1/2019 4:30:00 PM,1630,Y5,1368,4313,San Jose,43,True,True,E,HIT OBJECT,,Monday,,,,,False,False,True,,J,OTHER OBJECT,,2,0,CLEAR,, NO UNUSUAL CONDITIONS - NO UNUSUAL CONDITIONS,, ,A,DAYLIGHT,37.13491,-121.44485,,,,,A,NO PEDESTRIANS INVOLVED,,A,22350,,1.0,METCALF RD,SOUTH,,,A,E,1.4,MALECH RD,M,,D,8/1/2024 10:02:26 AM,2/3/2025 8:39:21 AM,,,2,,,,,,,
3144323,2019-191820771,2,False,4313,7/1/2019 6:26:00 PM,1826,C4,1368,4313,San Jose,43,True,True,C,REAR END,,Monday,,,,,False,False,True,,C,OTHER MOTOR VEHICLE,,6,0,CLEAR,, NO UNUSUAL CONDITIONS - NO UNUSUAL CONDITIONS,, ,A,DAYLIGHT,,,,,,,A,NO PEDESTRIANS INVOLVED,,A,22350,,1.0,CAPITOL EXPWY,DC,,,A,S,7.0,CITY LIGHT POLE #12Q295,F,,A,8/1/2024 10:02:26 AM,2/3/2025 8:39:21 AM,,,2,,,,,,,
3144318,2019-191880151,2,False,4313,7/7/2019 2:30:00 AM,230,S5,1368,4313,San Jose,43,True,True,D,BROADSIDE,,Sunday,,,F,,False,False,True,,C,OTHER MOTOR VEHICLE,,1,0,CLEAR,, NO UNUSUAL CONDITIONS - NO UNUSUAL CONDITIONS,, ,C,DARK-STREET LIGHTS,,,,,,,A,NO PEDESTRIANS INVOLVED,,A,22350,,1.0,ALMADEN AV,WESTE,,,A,,,WILLOW ST,,,A,8/1/2024 10:02:25 AM,2/3/2025 8:39:21 AM,,,2,,,,,,,
3144314,2019-191850144,2,False,4313,7/4/2019 3:00:00 AM,300,M3,1368,4313,San Jose,43,True,True,,,,Thursday,,,,,False,True,True,,C,OTHER MOTOR VEHICLE,,2,0,CLEAR,, NO UNUSUAL CONDITIONS - NO UNUSUAL CONDITIONS,, ,C,DARK-STREET LIGHTS,37.21113,-121.51388,,,,,A,NO PEDESTRIANS INVOLVED,,A,21453A,,1.0,ALUM ROCK AV,FOOTH,,,A,W,12.0,RT 101,F,,A,8/1/2024 10:02:25 AM,2/3/2025 8:39:21 AM,,,2,,,,,,,
3144289,2019-191810354,2,False,4313,6/30/2019 10:55:00 AM,1055,X3,1368,4313,San Jose,43,True,True,C,REAR END,,Sunday,,,,,False,False,True,,C,OTHER MOTOR VEHICLE,,1,0,CLEAR,, NO UNUSUAL CONDITIONS - NO UNUSUAL CONDITIONS,, ,A,DAYLIGHT,37.16293,-121.49189,,,,,A,NO PEDESTRIANS INVOLVED,,A,22350,,1.0,MONTEREY RD,X-RAY,,,A,,,BRANHAM LN,,,A,8/1/2024 10:02:22 AM,2/3/2025 8:39:20 AM,,,2,,,,,,,
3144284,2019-191810332,2,False,4313,6/30/2019 10:34:00 AM,1034,S4,1368,4313,San Jose,43,True,True,C,REAR END,,Sunday,,,,,False,False,False,,G,BICYCLE,,1,0,CLEAR,, NO UNUSUAL CONDITIONS - NO UNUSUAL CONDITIONS,, ,A,DAYLIGHT,37.18305,-121.54374,,,,,A,NO PEDESTRIANS INVOLVED,,A,22350,,1.0,LINCOLN AV,WESTE,,,A,,,WILLOW ST,,,D,8/1/2024 10:02:21 AM,2/3/2025 8:39:20 AM,,,2,,,,,,,
3144282,2019-191810546,2,False,4313,6/30/2019 3:21:00 PM,1521,YS,1368,4313,San Jose,43,True,True,D,BROADSIDE,,Sunday,,,,,False,False,True,,C,OTHER MOTOR VEHICLE,,1,0,CLEAR,, NO UNUSUAL CONDITIONS - NO UNUSUAL CONDITIONS,, ,A,DAYLIGHT,,,,,,,A,NO PEDESTRIANS INVOLVED,,A,21453A,,1.0,HELLYER AV,DY,,,A,,,PIERCY RD,,,A,8/1/2024 10:02:21 AM,2/3/2025 8:39:20 AM,,,2,,,,,,,
3144275,2019-191680621,2,False,4313,6/17/2019 3:24:00 PM,1524,6,1368,4313,San Jose,43,True,True,G,VEHICLE/PEDESTRAIN,,Monday,,,,,False,False,False,,B,PEDESTRIAN,,1,0,CLEAR,, NO UNUSUAL CONDITIONS - NO UNUSUAL CONDITIONS,, ,,,37.17259,-121.59261,,,,,C,CROSSING IN CROSS WALK - NOT AT INTERSECTION,,A,21804A,,1.0,W CAMPBELL AV,N,,,A,,,EL PASEO DE SARATOGA,,,A,8/1/2024 10:02:20 AM,2/3/2025 8:39:20 AM,,,2,,,,,,,
3144272,2019-191810350,2,False,4313,6/30/2019 10:56:00 AM,1056,L5,1368,4313,San Jose,43,True,True,C,REAR END,,Sunday,,,,,False,False,True,,C,OTHER MOTOR VEHICLE,,1,0,CLEAR,, NO UNUSUAL CONDITIONS - NO UNUSUAL CONDITIONS,, ,A,DAYLIGHT,37.17217,-121.50275,,,,,A,NO PEDESTRIANS INVOLVED,,A,22350,,1.0,E CAPITOL EXPWY,XRAY,,,A,,,SEVEN TREES BL,,,A,8/1/2024 10:02:20 AM,2/3/2025 8:39:20 AM,,,2,,,,,,,
3144267,19 171 0745,2,False,4313,6/20/2019 5:18:00 PM,1718,N2,1368,4313,San Jose,43,True,True,A,HEAD-ON,,Thursday,,,,,False,False,False,,G,BICYCLE,,1,0,CLEAR,, NO UNUSUAL CONDITIONS - NO UNUSUAL CONDITIONS,, ,A,DAYLIGHT,,,,,,,A,NO PEDESTRIANS INVOLVED,,A,21456C,,1.0,STEVENS CREEK BL,WESTE,,,A,W,600.0,LAWRENCE EXPY,F,,A,8/1/2024 10:02:19 AM,2/3/2025 8:39:19 AM,,,2,,,,,,,
3144265,2019-191770598,2,False,4313,6/26/2019 3:22:00 PM,1522,1,1368,4313,San Jose,43,True,True,D,BROADSIDE,,Wednesday,,,,,False,False,True,,C,OTHER MOTOR VEHICLE,,2,0,CLEAR,, NO UNUSUAL CONDITIONS - NO UNUSUAL CONDITIONS,, ,A,DAYLIGHT,,,,,,,A,NO PEDESTRIANS INVOLVED,,A,22107,,1.0,LOS GATOS ALMADEN RD,ADAM,,,A,,,ROSSWOOD DR,,,D,8/1/2024 10:02:19 AM,2/3/2025 8:39:19 AM,,,2,,,,,,,
3144260,2019-191770420,2,False,4313,6/26/2019 12:22:00 PM,1222,R34,1368,4313,San Jose,43,True,True,D,BROADSIDE,,Wednesday,,,,,False,False,True,,F,TRAIN,,1,0,CLEAR,, NO UNUSUAL CONDITIONS - NO UNUSUAL CONDITIONS,, ,A,DAYLIGHT,,,,,,,A,NO PEDESTRIANS INVOLVED,,A,22107,,1.0,N 1ST ST,CENTR,,,A,S,45.0,ROSEMARY ST,F,,A,8/1/2024 10:02:19 AM,2/3/2025 8:39:19 AM,,,2,,,,,,,
3144256,2019-191750362,2,False,4313,6/24/2019 11:40:00 AM,1140,W4,1368,4313,San Jose,43,True,True,D,BROADSIDE,,Monday,,,,,False,False,True,,C,OTHER MOTOR VEHICLE,,5,0,CLEAR,, NO UNUSUAL CONDITIONS - NO UNUSUAL CONDITIONS,, ,A,DAYLIGHT,37.2157,-121.49407,,,,,A,NO PEDESTRIANS INVOLVED,,A,21453A,,1.0,ALUM ROCK AV,FOOTH,,,A,,,N WHITE RD,,,A,8/1/2024 10:02:18 AM,2/3/2025 8:39:19 AM,,,2,,,,,,,
3144106,2019-191820499,2,False,4313,7/1/2019 2:53:00 PM,1453,1,1368,4313,San Jose,43,True,True,C,REAR END,,Monday,,,,,False,False,True,,C,OTHER MOTOR VEHICLE,,4,0,CLEAR,, NO UNUSUAL CONDITIONS - NO UNUSUAL CONDITIONS,, ,A,DAYLIGHT,,,,,,,A,NO PEDESTRIANS INVOLVED,,A,22350,,1.0,JOHNSON AV,NORA,,,A,,,BOLLINGER RD,,,A,8/1/2024 10:02:02 AM,2/3/2025 8:39:15 AM,,,2,,,,,,,
3144102,2019-191820824,2,False,4313,7/1/2019 7:20:00 PM,1920,M5,1368,4313,San Jose,43,True,True,A,HEAD-ON,,Monday,,,,,False,False,True,,E,PARKED MOTOR VEHICLE,,3,0,CLEAR,, NO UNUSUAL CONDITIONS - NO UNUSUAL CONDITIONS,, ,A,DAYLIGHT,34.21324,-119.16251,,,,,A,NO PEDESTRIANS INVOLVED,,A,,,1.0,HIGHWOOD DR,MARY,,,A,E,64.0,KENILWORTH WY,F,,D,8/1/2024 10:02:02 AM,2/3/2025 8:39:15 AM,,,2,,,,,,,
3144057,2019-191440794,2,False,4313,5/24/2019 5:38:00 PM,1738,N1,1368,4313,San Jose,43,True,True,C,REAR END,,Friday,,,,,False,False,False,,C,OTHER MOTOR VEHICLE,,1,0,CLEAR,, NO UNUSUAL CONDITIONS - NO UNUSUAL CONDITIONS,, ,A,DAYLIGHT,,,,,,,A,NO PEDESTRIANS INVOLVED,,A,22350,,1.0,BOLLINGER RD,WESTE,,,A,E,75.0,NARCISO CT,F,,D,8/1/2024 10:01:56 AM,2/3/2025 8:39:14 AM,,,2,,,,,,,
3143816,2019-191780682,2,False,4313,6/27/2019 4:41:00 PM,1641,V2,1368,4313,San Jose,43,True,True,C,REAR END,,Thursday,,,F,,False,False,False,,C,OTHER MOTOR VEHICLE,,3,0,CLEAR,, NO UNUSUAL CONDITIONS - NO UNUSUAL CONDITIONS,, ,A,DAYLIGHT,34.21408,-119.20377,,,,,A,NO PEDESTRIANS INVOLVED,,A,22350,,1.0,N 10TH ST,DV,,,A,,,HORNING ST,,,D,8/1/2024 10:01:30 AM,2/3/2025 8:39:07 AM,,,2,,,,,,,
3143811,2019-191690905,2,False,4313,6/18/2019 7:40:00 PM,1940,T3,1368,4313,San Jose,43,True,True,C,REAR END,,Tuesday,,,,,False,False,False,,C,OTHER MOTOR VEHICLE,,3,0,CLEAR,, NO UNUSUAL CONDITIONS - NO UNUSUAL CONDITIONS,, ,A,DAYLIGHT,,,,,,,B,CROSSING IN CROSS WALK AT INTERSECTION,,A,22350,,1.0,CURTNER AV,SOUTH,,,A,E,28.0,NEWPORT AV,F,,A,8/1/2024 10:01:29 AM,2/3/2025 8:39:07 AM,,,2,,,,,,,
3143807,2019-191710833,2,False,4313,6/20/2019 5:45:00 PM,1745,V1,1368,4313,San Jose,43,True,True,C,REAR END,,Thursday,,,,,False,False,False,,C,OTHER MOTOR VEHICLE,,1,0,CLEAR,, NO UNUSUAL CONDITIONS - NO UNUSUAL CONDITIONS,, ,A,DAYLIGHT,34.20495,-119.21443,,,,,A,NO PEDESTRIANS INVOLVED,,A,22350,,1.0,COLEMAN AV,CENTR,,,A,N,15.0,HEDDING AV,F,,D,8/1/2024 10:01:29 AM,2/3/2025 8:39:07 AM,,,2,,,,,,,
3143805,2019-191630602,2,False,4313,6/12/2019 2:19:00 PM,1419,4,1368,4313,San Jose,43,True,True,D,BROADSIDE,,Wednesday,,,,,False,False,True,,C,OTHER MOTOR VEHICLE,,1,0,CLEAR,, NO UNUSUAL CONDITIONS - NO UNUSUAL CONDITIONS,, ,A,DAYLIGHT,,,,,,,A,NO PEDESTRIANS INVOLVED,,A,22350,,1.0,COTTLE RD,YELLO,,,A,,,LOS PINOS WY,,,,8/1/2024 10:01:29 AM,2/3/2025 8:39:07 AM,,,2,,,,,,,
3143803,2019-191750976,2,False,4313,6/24/2019 10:10:00 PM,2210,S1,1368,4313,San Jose,43,True,True,G,VEHICLE/PEDESTRAIN,,Monday,,,,,False,False,False,,B,PEDESTRIAN,,1,0,CLEAR,, ,, ,B,DUSK-DAWN,34.17037,-119.1652,,,,,D,CROSSING - NOT IN CROSSWALK,,A,21654A,,1.0,EL CAJON DR,SAM,,,A,,,EL CAJON DR 319,,,D,8/1/2024 10:01:29 AM,2/3/2025 8:39:07 AM,,,2,,,,,,,
3143800,2019-191520418,2,False,4313,6/1/2019 11:57:00 AM,1157,3,1368,4313,San Jose,43,True,True,B,SIDE SWIPE,,Saturday,,,,,False,False,True,,C,OTHER MOTOR VEHICLE,,1,0,CLEAR,, NO UNUSUAL CONDITIONS - NO UNUSUAL CONDITIONS,, ,A,DAYLIGHT,,,,,,,A,NO PEDESTRIANS INVOLVED,,A,21453A,,1.0,W TRIMBLE RD,ROBER,,,A,,,RT 101,,,A,8/1/2024 10:01:27 AM,2/3/2025 8:39:07 AM,,,2,,,,,,,
3143799,2019-191620258,2,False,4313,6/11/2019 9:30:00 AM,930,L6,1368,4313,San Jose,43,True,True,D,BROADSIDE,,Tuesday,,,,,False,False,True,,C,OTHER MOTOR VEHICLE,,2,0,CLEAR,, NO UNUSUAL CONDITIONS - NO UNUSUAL CONDITIONS,OTHER* - OTHER*, ,A,DAYLIGHT,,,,,,,A,NO PEDESTRIANS INVOLVED,,A,22107,,1.0,SHERLOCK DR,LINCO,,,A,,,TULLY RD,,,B,8/1/2024 10:01:26 AM,2/3/2025 8:39:07 AM,,,2,,,,,,,
3143796,2019-191520365,2,False,4313,6/1/2019 11:00:00 AM,1100,5,1368,4313,San Jose,43,True,True,C,REAR END,,Saturday,,,,,False,True,False,,C,OTHER MOTOR VEHICLE,,3,0,CLEAR,, NO UNUSUAL CONDITIONS - NO UNUSUAL CONDITIONS,, ,A,DAYLIGHT,,,,,,,A,NO PEDESTRIANS INVOLVED,,A,22350,,1.0,MCLAUGHLIN,DK,,,A,,,RT 280,,,D,8/1/2024 10:01:26 AM,2/3/2025 8:39:07 AM,,,2,,,,,,,
3143795,2019-191620189,2,False,4313,6/11/2019 7:30:00 AM,730,W3,1368,4313,San Jose,43,True,True,E,HIT OBJECT,,Tuesday,,,,,False,False,False,,I,FIXED OBJECT,,1,0,CLEAR,, NO UNUSUAL CONDITIONS - NO UNUSUAL CONDITIONS,, ,A,DAYLIGHT,,,,,,,A,NO PEDESTRIANS INVOLVED,,A,22350,,1.0,SOUTH WHITE RD,DW,,,A,S,296.0,BUCKNER DR,F,,D,8/1/2024 10:01:26 AM,2/3/2025 8:39:07 AM,,,2,,,,,,,
3143792,2019-191660185,2,False,4313,6/15/2019 6:38:00 AM,638,E1,1368,4313,San Jose,43,True,True,,,,Saturday,,,,,False,False,True,,C,OTHER MOTOR VEHICLE,,2,0,CLOUDY,, NO UNUSUAL CONDITIONS - NO UNUSUAL CONDITIONS,, ,A,DAYLIGHT,,,,,,,A,NO PEDESTRIANS INVOLVED,,A,21453A,,1.0,SAN FERNANDO ST,EDWAR,,,A,,,MONTGOMERY ST,,,A,8/1/2024 10:01:26 AM,2/3/2025 8:39:07 AM,,,2,,,,,,,
3143791,2019-191770755,2,False,4313,6/26/2019 6:01:00 PM,1801,Y3,1368,4313,San Jose,43,True,True,C,REAR END,,Wednesday,,,F,,False,False,False,,A,NON-COLLISION,,2,0,CLEAR,, NO UNUSUAL CONDITIONS - NO UNUSUAL CONDITIONS,, ,A,DAYLIGHT,,,,,,,A,NO PEDESTRIANS INVOLVED,,A,22350,,1.0,COTTLE RD,YELLO,,,A,,,BESWICK DR,,,A,8/1/2024 10:01:26 AM,2/3/2025 8:39:07 AM,,,2,,,,,,,
3143789,2019-191650318,2,False,4313,6/14/2019 10:15:00 AM,1015,F3,1368,4313,San Jose,43,True,True,,,,Friday,,,,,False,False,True,,C,OTHER MOTOR VEHICLE,,1,0,CLEAR,, NO UNUSUAL CONDITIONS - NO UNUSUAL CONDITIONS,, ,A,DAYLIGHT,,,,,,,C,CROSSING IN CROSS WALK - NOT AT INTERSECTION,,A,22350,,1.0,THE ALAMEDA,DF,,,A,,,NAGLEE AV,,,D,8/1/2024 10:01:25 AM,2/3/2025 8:39:07 AM,,,2,,,,,,,
3143787,2019-191770335,2,False,4313,6/26/2019 11:00:00 AM,1100,L6,1368,4313,San Jose,43,True,True,C,REAR END,,Wednesday,,,,,False,False,False,,E,PARKED MOTOR VEHICLE,,1,0,CLEAR,, ,, ,A,DAYLIGHT,34.1759,-119.16168,,,,,A,NO PEDESTRIANS INVOLVED,,A,22350,,1.0,BRANDYBUCK WY,LINCO,,,A,W,246.0,MCLAUGHLIN AV,F,,A,8/1/2024 10:01:25 AM,2/3/2025 8:39:07 AM,,,2,,,,,,,
3143784,2019-191660085,2,False,4313,6/15/2019 1:52:00 AM,152,M4,1368,4313,San Jose,43,True,True,C,REAR END,,Saturday,,,,,False,False,True,,E,PARKED MOTOR VEHICLE,,2,0,CLEAR,, NO UNUSUAL CONDITIONS - NO UNUSUAL CONDITIONS,, ,C,DARK-STREET LIGHTS,37.205,-121.504,,,,,A,NO PEDESTRIANS INVOLVED,,A,22107,,1.0,KAMMERER AV,FOOTH,,,A,,,OAKLAND AV,,,D,8/1/2024 10:01:25 AM,2/3/2025 8:39:06 AM,,,2,,,,,,,