Collision Id,	Report Number,	Report Version,	Is Preliminary,	NCIC Code,Crash Date Time,	Crash Time Description,	Beat,City Id,	City Code,	City Name,County Code,	City Is Active,	City Is Incorporated,	Collision Type Code,Collision Type Description,	Collision Type Other Desc,	Day Of Week,	DispatchNotified,	HasPhotographs,	HitRun,	IsAttachmentsMailed,	IsDeleted,	IsHighwayRelated,	IsTowAway,	JudicialDistrict,	MotorVehicleInvolvedWithCode,	MotorVehicleInvolvedWithDesc,MotorVehicleInvolvedWithOtherDesc,	NumberInjured,	NumberKilled,Weather 1, Weather 2, Road Condition 1, Road Condition 2, Special Condition,LightingCode, LightingDescription,Latitude,Longitude,MilepostDirection,MilepostDistance,MilepostMarker,MilepostUnitOfMeasure,	PedestrianActionCode,PedestrianActionDesc,PreparedDate,	Primary Collision Factor Code,Primary Collision Factor Violation,PrimaryCollisionFactorIsCited,	PrimaryCollisionPartyNumber,	PrimaryRoad,	ReportingDistrict,	ReportingDistrictCode,ReviewedDate,	RoadwaySurfaceCode,SecondaryDirection,	SecondaryDistance,	SecondaryRoad,	SecondaryUnitOfMeasure,	SketchDesc,	TrafficControlDeviceCode,CreatedDate,	ModifiedDate,IsCountyRoad,IsFreeway,CHP555Version,	IsAdditonalObjectStruck,NotificationDate,	NotificationTimeDescription,	HasDigitalMediaFiles,	EvidenceNumber,	IsLocationReferToNarrative,	IsAOIOneSameAsLocation
3167967,2019-191990185,2,False,4313,7/18/2019 8:07:00 AM,807,5,1368,4313,San Jose,43,True,True,C,REAR END,,Thursday,,,,,False,False,True,,C,OTHER MOTOR VEHICLE,,1,0,CLEAR,, ,, ,A,DAYLIGHT,37.16505,-121.50165,,,,,A,NO PEDESTRIANS INVOLVED,,A,22350,,1.0,MONTEREY RD,LINC,,,A,,,CAPITOL,,,D,8/1/2024 10:55:23 AM,1/31/2025 11:20:34 AM,,,2,,,,,,,
3167627,19-0924,2,False,4313,7/22/2019 12:10:00 PM,1210,,1368,4313,San Jose,43,True,True,B,SIDE SWIPE,,Monday,,,,,False,False,False,,E,PARKED MOTOR VEHICLE,,0,0,CLEAR,, REDUCED ROADWAY WIDTH - REDUCED ROADWAY WIDTH,, ,A,DAYLIGHT,37.33153,-121.88285,,,,,A,NO PEDESTRIANS INVOLVED,,C,,,,E SAN SALAVADOR ST,,,,A,,,E SAN SALAVADOR ST 121,,,D,8/1/2024 10:54:31 AM,1/31/2025 11:20:19 AM,,,2,,,,,,,
3167591,2019-191970595,2,False,4313,7/16/2019 2:20:00 PM,1420,A3,1368,4313,San Jose,43,True,True,D,BROADSIDE,,Tuesday,,,,,False,False,True,,C,OTHER MOTOR VEHICLE,,1,0,CLEAR,, NO UNUSUAL CONDITIONS - NO UNUSUAL CONDITIONS,, ,A,DAYLIGHT,37.1513,-121.5449,,,,,A,NO PEDESTRIANS INVOLVED,,D,,,,BRANHAM LN,WESTE,,,A,E,22.0,DENT,F,,A,8/1/2024 10:54:25 AM,1/31/2025 11:20:16 AM,,,2,,,,,,,
3167588,2019-191970229,2,False,4313,7/16/2019 8:15:00 AM,815,3,1368,4313,San Jose,43,True,True,D,BROADSIDE,,Tuesday,,,,,False,True,True,,C,OTHER MOTOR VEHICLE,,3,0,CLEAR,, NO UNUSUAL CONDITIONS - NO UNUSUAL CONDITIONS,, ,A,DAYLIGHT,37.2211,-121.54403,,,,,A,NO PEDESTRIANS INVOLVED,,A,21082,,1.0,N 4TH ST,ROBER,,,A,,,RT 101,,,A,8/1/2024 10:54:24 AM,1/31/2025 11:20:16 AM,,,2,,,,,,,
3167586,2019-191930151,2,False,4313,7/12/2019 5:00:00 AM,500,P3,1368,4313,San Jose,43,True,True,D,BROADSIDE,,Friday,,,,,False,False,True,,C,OTHER MOTOR VEHICLE,,3,0,CLEAR,, NO UNUSUAL CONDITIONS - NO UNUSUAL CONDITIONS,, ,C,DARK-STREET LIGHTS,,,,,,,A,NO PEDESTRIANS INVOLVED,,A,21453A,,1.0,CAPITOL EXPWY,PAUL,,,A,,,ABORN RD,,,A,8/1/2024 10:54:24 AM,1/31/2025 11:20:16 AM,,,2,,,,,,,
3167584,2019-191960441,2,False,4313,7/15/2019 12:49:00 PM,1249,4,1368,4313,San Jose,43,True,True,C,REAR END,,Monday,,,,,False,False,True,,C,OTHER MOTOR VEHICLE,,1,0,CLEAR,, NO UNUSUAL CONDITIONS - NO UNUSUAL CONDITIONS,, ,A,DAYLIGHT,37.15502,-121.54966,,,,,,,,A,22350,,1.0,MERIDIAN AV,TOM,,,A,,,WILLOWBROOK DR,,,D,8/1/2024 10:54:24 AM,1/31/2025 11:20:16 AM,,,2,,,,,,,
3167582,2019-191920254,2,False,4313,7/11/2019 8:16:00 AM,816,A3,1368,4313,San Jose,43,True,True,E,HIT OBJECT,,Thursday,,,,,False,False,False,,I,FIXED OBJECT,,1,0,CLEAR,, NO UNUSUAL CONDITIONS - NO UNUSUAL CONDITIONS,, ,A,DAYLIGHT,,,,,,,A,NO PEDESTRIANS INVOLVED,,A,22107,,1.0,BRANHAM LN,SOUTH,,,A,,,CALLE DE TOSCA,,,D,8/1/2024 10:54:23 AM,1/31/2025 11:20:16 AM,,,2,,,,,,,
3167581,2019-191940908,2,False,4313,7/13/2019 10:00:00 PM,2200,T2,1368,4313,San Jose,43,True,True,D,BROADSIDE,,Saturday,,,,,False,False,True,,C,OTHER MOTOR VEHICLE,,1,0,CLEAR,, NO UNUSUAL CONDITIONS - NO UNUSUAL CONDITIONS,, ,C,DARK-STREET LIGHTS,37.16487,-121.55538,,,,,A,NO PEDESTRIANS INVOLVED,,A,22350,,1.0,S BASCOM AV,WEST,,,A,,,DRY CREEK RD,,,A,8/1/2024 10:54:23 AM,1/31/2025 11:20:16 AM,,,2,,,,,,,
3167578,2019-191920918,2,False,4313,7/11/2019 8:00:00 PM,2000,A5,1368,4313,San Jose,43,True,True,D,BROADSIDE,,Thursday,,,,,False,False,False,,J,OTHER OBJECT,,1,0,CLEAR,, NO UNUSUAL CONDITIONS - NO UNUSUAL CONDITIONS,, ,A,DAYLIGHT,37.131,-121.514,,,,,A,NO PEDESTRIANS INVOLVED,,A,22450A,,1.0,ALMADEN EXPWY,SOUTH,,,A,,,ALMADEN EXPWY 6477,,,D,8/1/2024 10:54:23 AM,1/31/2025 11:20:16 AM,,,2,,,,,,,
3167577,2019-191940242,2,False,4313,7/13/2019 8:36:00 AM,836,P3,1368,4313,San Jose,43,True,True,C,REAR END,,Saturday,,,,,False,False,False,,C,OTHER MOTOR VEHICLE,,1,0,CLEAR,, NO UNUSUAL CONDITIONS - NO UNUSUAL CONDITIONS,, ,A,DAYLIGHT,37.19743,-121.49206,,,,,A,NO PEDESTRIANS INVOLVED,,A,22350,,1.0,S KING RD,PAUL,,,A,,,RIGOLETTO DR,,,A,8/1/2024 10:54:23 AM,1/31/2025 11:20:16 AM,,,2,,,,,,,
3167574,2019-191930808,2,False,4313,7/12/2019 6:24:00 PM,1824,V2,1368,4313,San Jose,43,True,True,D,BROADSIDE,,Friday,,,,,False,False,False,,C,OTHER MOTOR VEHICLE,,1,0,CLEAR,, NO UNUSUAL CONDITIONS - NO UNUSUAL CONDITIONS,, ,A,DAYLIGHT,34.2119,-119.2017,,,,,A,NO PEDESTRIANS INVOLVED,,A,21453A,,1.0,E TAYLOR ST,DV,,,A,,,N 11TH ST,,,A,8/1/2024 10:54:22 AM,1/31/2025 11:20:15 AM,,,2,,,,,,,
3167572,209-191930157,2,False,4313,7/12/2019 5:03:00 AM,503,Y3,1368,4313,San Jose,43,True,True,D,BROADSIDE,,Friday,,,,,False,False,True,,C,OTHER MOTOR VEHICLE,,1,0,CLEAR,, NO UNUSUAL CONDITIONS - NO UNUSUAL CONDITIONS,, ,C,DARK-STREET LIGHTS,34.14259,-119.15124,,,,,A,NO PEDESTRIANS INVOLVED,,A,22450A,,1.0,HOSPITAL PKWY,DY,,,A,,,INTERNATIONAL CIR,,,A,8/1/2024 10:54:22 AM,1/31/2025 11:20:15 AM,,,2,,,,,,,
3167571,2019-191950171,2,False,4313,7/14/2019 3:58:00 AM,358,L4,1368,4313,San Jose,43,True,True,A,HEAD-ON,,Sunday,,,,,False,False,True,,I,FIXED OBJECT,,1,0,CLEAR,, NO UNUSUAL CONDITIONS - NO UNUSUAL CONDITIONS,, ,C,DARK-STREET LIGHTS,34.1821,-119.1914,,,,,A,NO PEDESTRIANS INVOLVED,,D,,,,LITTLE ORCHARD ST,WESTE,,,A,,,STAUFFER BL,,,D,8/1/2024 10:54:21 AM,1/31/2025 11:20:15 AM,,,2,,,,,,,
3167568,2019-191910589,2,False,4313,7/10/2019 3:22:00 PM,1522,1,1368,4313,San Jose,43,True,True,D,BROADSIDE,,Wednesday,,,,,False,False,True,,C,OTHER MOTOR VEHICLE,,1,0,CLEAR,, NO UNUSUAL CONDITIONS - NO UNUSUAL CONDITIONS,, ,A,DAYLIGHT,34.21121,-119.17167,,,,,A,NO PEDESTRIANS INVOLVED,,A,21453A,,1.0,S JACKSON AV,CHARL,,,A,,,DOBERN AV,,,A,8/1/2024 10:54:21 AM,1/31/2025 11:20:15 AM,,,2,,,,,,,
3167566,2019-192060556,2,False,4313,7/25/2019 2:37:00 PM,1437,2,1368,4313,San Jose,43,True,True,D,BROADSIDE,,Thursday,,,,,False,False,False,,B,PEDESTRIAN,,1,0,CLEAR,, NO UNUSUAL CONDITIONS - NO UNUSUAL CONDITIONS,, ,A,DAYLIGHT,,,,,,,B,CROSSING IN CROSS WALK AT INTERSECTION,,A,21950A,,1.0,N 2ND ST,V,,,A,,,E TAYLOR ST,,,,8/1/2024 10:54:21 AM,1/31/2025 11:20:15 AM,,,2,,,,,,,
3167564,2019-191910516,2,False,4313,7/10/2019 2:05:00 PM,1405,M2,1368,4313,San Jose,43,True,True,C,REAR END,,Wednesday,,,,,False,False,True,,C,OTHER MOTOR VEHICLE,,1,0,CLEAR,, NO UNUSUAL CONDITIONS - NO UNUSUAL CONDITIONS,, ,A,DAYLIGHT,,,,,,,A,NO PEDESTRIANS INVOLVED,,A,22350,,1.0,N JACKSON AV,FOOTH,,,A,,,ALUM ROCK AV,,,A,8/1/2024 10:54:20 AM,1/31/2025 11:20:15 AM,,,2,,,,,,,
3167562,2019-191940651,2,False,4313,7/13/2019 5:26:00 PM,1726,F5,1368,4313,San Jose,43,True,True,H,OTHER,,Saturday,,,,,False,False,False,,A,NON-COLLISION,,1,0,CLEAR,, NO UNUSUAL CONDITIONS - NO UNUSUAL CONDITIONS,, ,A,DAYLIGHT,37.191,-121.558,,,,,A,NO PEDESTRIANS INVOLVED,,A,22107,,1.0,S BUENA VISTA AV,FRANK,,,A,,,SCOTT ST,,,D,8/1/2024 10:54:20 AM,1/31/2025 11:20:15 AM,,,2,,,,,,,
3167561,2019-191900246,2,False,4313,7/9/2019 9:00:00 AM,900,K2,1368,4313,San Jose,43,True,True,D,BROADSIDE,,Tuesday,,,,,False,False,False,,G,BICYCLE,,1,0,CLEAR,, NO UNUSUAL CONDITIONS - NO UNUSUAL CONDITIONS,, ,A,DAYLIGHT,37.20193,-121.53675,,,,,A,NO PEDESTRIANS INVOLVED,,A,21453A,,1.0,E SANTA CLARA ST,DK,,,A,,,S 6TH ST,,,A,8/1/2024 10:54:20 AM,1/31/2025 11:20:15 AM,,,2,,,,,,,
3167558,2019-191970276,2,False,4313,7/16/2019 9:03:00 AM,903,F5,1368,4313,San Jose,43,True,True,D,BROADSIDE,,Tuesday,,,,,False,False,False,,C,OTHER MOTOR VEHICLE,,1,0,CLEAR,, NO UNUSUAL CONDITIONS - NO UNUSUAL CONDITIONS,, ,A,DAYLIGHT,,,,,,,A,NO PEDESTRIANS INVOLVED,,A,21804A,,1.0,MERIDIAN AV,DF,,,A,S,350.0,W SAN CARLOS ST,F,,D,8/1/2024 10:54:19 AM,1/31/2025 11:20:14 AM,,,2,,,,,,,
3167554,2019-191980436,2,False,4313,7/17/2019 11:43:00 AM,1143,K6,1368,4313,San Jose,43,True,True,D,BROADSIDE,,Wednesday,,,,,False,False,False,,C,OTHER MOTOR VEHICLE,,1,0,CLEAR,, NO UNUSUAL CONDITIONS - NO UNUSUAL CONDITIONS,, ,A,DAYLIGHT,37.1959,-121.5231,,,,,A,NO PEDESTRIANS INVOLVED,,A,21453,,1.0,S 10TH ST,KING,,,A,,,E WILLIAM ST,,,A,8/1/2024 10:54:18 AM,1/31/2025 11:20:14 AM,,,2,,,,,,,
3167553,2019-191920483,2,False,4313,7/11/2019 1:08:00 PM,1308,M5,1368,4313,San Jose,43,True,True,C,REAR END,,Thursday,,,,,False,False,True,,C,OTHER MOTOR VEHICLE,,3,0,CLEAR,, NO UNUSUAL CONDITIONS - NO UNUSUAL CONDITIONS,, ,A,DAYLIGHT,,,,,,,A,NO PEDESTRIANS INVOLVED,,A,22350,,1.0,MCKEE RD,FOOTH,,,A,W,57.0,N CAPITOL AV,F,,A,8/1/2024 10:54:18 AM,1/31/2025 11:20:14 AM,,,2,,,,,,,
3167549,2019-191970785,2,False,4313,7/16/2019 5:25:00 PM,1725,R3,1368,4313,San Jose,43,True,True,B,SIDE SWIPE,,Tuesday,,,,,False,False,False,,C,OTHER MOTOR VEHICLE,,1,0,CLEAR,, NO UNUSUAL CONDITIONS - NO UNUSUAL CONDITIONS,, ,A,DAYLIGHT,37.2211,-121.54402,,,,,A,NO PEDESTRIANS INVOLVED,,D,,,,MATRIIX BL,ROBER,,,A,W,150.0,N 4TH ST,F,,D,8/1/2024 10:54:18 AM,1/31/2025 11:20:14 AM,,,2,,,,,,,
3167547,2019-191980713,2,False,4313,7/17/2019 4:08:00 PM,1608,P2,1368,4313,San Jose,43,True,True,C,REAR END,,Wednesday,,,,,False,False,False,,C,OTHER MOTOR VEHICLE,,1,0,CLEAR,, NO UNUSUAL CONDITIONS - NO UNUSUAL CONDITIONS,, ,A,DAYLIGHT,37.1921,-121.4857,,,,,A,NO PEDESTRIANS INVOLVED,,A,22350,,,QUIMBY RD,PAUL,,,A,,,RIGOLETTO DR,,,A,8/1/2024 10:54:17 AM,1/31/2025 11:20:14 AM,,,2,,,,,,,
3167542,2019-191990272,2,False,4313,7/18/2019 10:06:00 AM,1006,S5,1368,4313,San Jose,43,True,True,D,BROADSIDE,,Thursday,,,,,False,False,False,,C,OTHER MOTOR VEHICLE,,1,0,CLEAR,, NO UNUSUAL CONDITIONS - NO UNUSUAL CONDITIONS,, ,A,DAYLIGHT,,,,,,,A,NO PEDESTRIANS INVOLVED,,D,,,,W VIRGINIA ST,WESTE,,,A,,,VINE ST,,,A,8/1/2024 10:54:16 AM,1/31/2025 11:20:14 AM,,,2,,,,,,,
3167540,2019-192010634,2,False,4313,7/20/2019 4:51:00 PM,1651,V1,1368,4313,San Jose,43,True,True,G,VEHICLE/PEDESTRAIN,,Saturday,,,,,False,False,False,,G,BICYCLE,,1,0,CLEAR,, NO UNUSUAL CONDITIONS - NO UNUSUAL CONDITIONS,, ,A,DAYLIGHT,37.2125,-121.5422,,,,,E,IN ROAD - INCLUDES SHOULDER,,A,21650,,1.0,N 1ST ST,DISTR,,,A,,,BURTON AV,,,D,8/1/2024 10:54:16 AM,1/31/2025 11:20:14 AM,,,2,,,,,,,
3167536,2019-192000736,2,False,4313,7/19/2019 3:00:00 PM,1500,Y2,1368,4313,San Jose,43,True,True,C,REAR END,,Friday,,,,,False,False,True,,C,OTHER MOTOR VEHICLE,,1,0,CLEAR,, NO UNUSUAL CONDITIONS - NO UNUSUAL CONDITIONS,, ,A,DAYLIGHT,,,,,,,A,NO PEDESTRIANS INVOLVED,,D,,,,BLOSSOM HILL RD,DY,,,A,,,SNELL AV,,,,8/1/2024 10:54:15 AM,1/31/2025 11:20:13 AM,,,2,,,,,,,
3167532,2019-192150431,2,False,4313,8/3/2019 11:35:00 AM,1135,T5,1368,4313,San Jose,43,True,True,D,BROADSIDE,,Saturday,,,,,False,False,True,,C,OTHER MOTOR VEHICLE,,1,0,CLEAR,, NO UNUSUAL CONDITIONS - NO UNUSUAL CONDITIONS,, ,A,DAYLIGHT,,,,,,,A,NO PEDESTRIANS INVOLVED,,A,22100A,,1.0,CAPITOL EXPWY,TOM,,,A,,,PEARL AV,,,D,8/1/2024 10:54:14 AM,1/31/2025 11:20:13 AM,,,2,,,,,,,
3167531,2019-192020472,2,False,4313,7/21/2019 1:25:00 PM,1325,W4,1368,4313,San Jose,43,True,True,D,BROADSIDE,,Sunday,,,,,False,False,True,,C,OTHER MOTOR VEHICLE,,1,0,CLEAR,, NO UNUSUAL CONDITIONS - NO UNUSUAL CONDITIONS,, ,A,DAYLIGHT,37.2212,-121.5034,,,,,A,NO PEDESTRIANS INVOLVED,,A,21801,,1.0,MCKEE RD,FOOTH,,,A,,,N CAPITOL AV,,,D,8/1/2024 10:54:14 AM,1/31/2025 11:20:13 AM,,,2,,,,,,,
3167528,2019-192181152,2,False,4313,8/6/2019 9:59:00 PM,2159,L2,1368,4313,San Jose,43,True,True,,,,Tuesday,,,F,,False,False,True,,C,OTHER MOTOR VEHICLE,,1,0,CLEAR,, NO UNUSUAL CONDITIONS - NO UNUSUAL CONDITIONS,, ,C,DARK-STREET LIGHTS,37.19486,-121.51267,,,,,A,NO PEDESTRIANS INVOLVED,,A,21453A,,1.0,STORY RD,WESTE,,,A,,,LUCRETIA AV,,,A,8/1/2024 10:54:14 AM,1/31/2025 11:20:13 AM,,,2,,,,,,,
3167527,2019-192050928,2,False,4313,7/24/2019 8:00:00 PM,2000,X5,1368,4313,San Jose,43,True,True,D,BROADSIDE,,Wednesday,,,,,False,False,False,,G,BICYCLE,,1,0,CLEAR,, NO UNUSUAL CONDITIONS - NO UNUSUAL CONDITIONS,, ,C,DARK-STREET LIGHTS,,,,,,,A,NO PEDESTRIANS INVOLVED,,A,21804A,,1.0,MONTEREY RD,X,,,A,,,BLOSSOM HILL RD,,,A,8/1/2024 10:54:14 AM,1/31/2025 11:20:13 AM,,,2,,,,,,,
3167524,2019-192200662,2,False,4313,8/8/2019 4:51:00 PM,1651,M4,1368,4313,San Jose,43,True,True,D,BROADSIDE,,Thursday,,,,,False,False,True,,,,,2,0,CLEAR,, NO UNUSUAL CONDITIONS - NO UNUSUAL CONDITIONS,, ,A,DAYLIGHT,37.21593,-121.5056,,,,,,,,A,21802A,,1.0,E SAN ANTONIO ST,FOOTH,,,A,,,MCCREERY AV,,,A,8/1/2024 10:54:13 AM,1/31/2025 11:20:13 AM,,,2,,,,,,,
3167522,2019-192070199,2,False,4313,7/26/2019 7:30:00 AM,730,K3,1368,4313,San Jose,43,True,True,B,SIDE SWIPE,,Friday,,,,,False,False,False,,C,OTHER MOTOR VEHICLE,,1,0,CLEAR,, NO UNUSUAL CONDITIONS - NO UNUSUAL CONDITIONS,, ,A,DAYLIGHT,37.20619,-121.52313,,,,,A,NO PEDESTRIANS INVOLVED,,A,22350,,1.0,S 11TH ST,K,,,A,,,E SAN SALVADOR ST,,,A,8/1/2024 10:54:13 AM,1/31/2025 11:20:13 AM,,,2,,,,,,,
3167520,2019-192151060,2,False,4313,8/2/2019 10:15:00 PM,2215,E3,1368,4313,San Jose,43,True,True,H,OTHER,,Friday,,,M,,False,False,False,,B,PEDESTRIAN,,1,0,CLEAR,, NO UNUSUAL CONDITIONS - NO UNUSUAL CONDITIONS,, ,C,DARK-STREET LIGHTS,,,,,,,B,CROSSING IN CROSS WALK AT INTERSECTION,,A,,,1.0,W SANTA CLARA,CENTR,,,A,,,NOTRE DAME AV,,,A,8/1/2024 10:54:12 AM,1/31/2025 11:20:13 AM,,,2,,,,,,,
3167519,2019-192100271,2,False,4313,7/29/2019 10:00:00 AM,1000,5,1368,4313,San Jose,43,True,True,A,HEAD-ON,,Monday,,,,,False,False,True,,,,,1,0,CLEAR,, NO UNUSUAL CONDITIONS - NO UNUSUAL CONDITIONS,, ,A,DAYLIGHT,37.1917,-121.5449,,,,,,,,A,22107,,1.0,DOUGLAS ST,FRANK,,,A,W,300.0,MERIDIAN,F,,,8/1/2024 10:54:12 AM,1/31/2025 11:20:13 AM,,,2,,,,,,,
3167515,2019-192150425,2,False,4313,8/3/2019 11:30:00 AM,1130,Y4,1368,4313,San Jose,43,True,True,C,REAR END,,Saturday,,,,,False,False,True,,C,OTHER MOTOR VEHICLE,,2,0,CLEAR,, NO UNUSUAL CONDITIONS - NO UNUSUAL CONDITIONS,, ,A,DAYLIGHT,37.13589,-121.47135,,,,,A,NO PEDESTRIANS INVOLVED,,A,22350,,1.0,SANTA TERESA BL,SOUTH,,,A,,,SAN IGNACIO AV,,,A,8/1/2024 10:54:12 AM,1/31/2025 11:20:12 AM,,,2,,,,,,,
3167286,2019-192130281,2,False,4313,8/1/2019 9:31:00 AM,931,C2,1368,4313,San Jose,43,True,True,D,BROADSIDE,,Thursday,,,,,False,False,True,,D,MOTOR VEHICLE ON OTHER ROADWAY,,1,0,CLEAR,, NO UNUSUAL CONDITIONS - NO UNUSUAL CONDITIONS,, ,A,DAYLIGHT,34.19462,-119.16571,,,,,A,NO PEDESTRIANS INVOLVED,,A,21452B,,1.0,CUNNINGHAM AV,CHARL,,,A,N,36.0,S KING RD,F,,A,8/1/2024 10:53:38 AM,1/31/2025 11:20:02 AM,,,2,,,,,,,
3167279,2019-191760167,2,False,4313,6/25/2019 6:55:00 AM,655,Y5,1368,4313,San Jose,43,True,True,D,BROADSIDE,,Tuesday,,,,,False,False,True,,C,OTHER MOTOR VEHICLE,,1,0,CLEAR,, NO UNUSUAL CONDITIONS - NO UNUSUAL CONDITIONS,, ,B,DUSK-DAWN,37.1517,-121.4742,,,,,A,NO PEDESTRIANS INVOLVED,,A,22107,,,FORD RD,SOUTH,,,A,,,MAYLAND AV,,,D,8/1/2024 10:53:37 AM,1/31/2025 11:20:02 AM,,,2,,,,,,,
3167213,2019-191890861,2,False,4313,7/8/2019 8:25:00 PM,2025,T2,1368,4313,San Jose,43,True,True,D,BROADSIDE,,Monday,,,,,False,False,True,,C,OTHER MOTOR VEHICLE,,3,0,CLEAR,, NO UNUSUAL CONDITIONS - NO UNUSUAL CONDITIONS,, ,B,DUSK-DAWN,,,,,,,A,NO PEDESTRIANS INVOLVED,,A,21800D,,1.0,CAMDEN AV,DT,,,A,,,LEIGH AV,,,B,8/1/2024 10:53:28 AM,1/31/2025 11:19:59 AM,,,2,,,,,,,
3167211,2019-191921081,2,False,4313,7/11/2019 11:18:00 PM,2318,N2,1368,4313,San Jose,43,True,True,D,BROADSIDE,,Thursday,,,,,False,False,True,,C,OTHER MOTOR VEHICLE,,3,0,CLEAR,, NO UNUSUAL CONDITIONS - NO UNUSUAL CONDITIONS,, ,C,DARK-STREET LIGHTS,37.19234,-121.58311,,,,,A,NO PEDESTRIANS INVOLVED,,D,,,,STEVENS CREEK BL,WESTE,,,A,,,S KIELY BL,,,A,8/1/2024 10:53:27 AM,1/31/2025 11:19:58 AM,,,2,,,,,,,
3167207,2019-191900751,2,False,4313,7/9/2019 5:52:00 PM,1752,X5,1368,4313,San Jose,43,True,True,C,REAR END,,Tuesday,,,,,False,False,True,,C,OTHER MOTOR VEHICLE,,1,0,CLEAR,, NO UNUSUAL CONDITIONS - NO UNUSUAL CONDITIONS,, ,A,DAYLIGHT,37.15258,-121.48176,,,,,A,NO PEDESTRIANS INVOLVED,,A,22350,,1.0,MONTEREY RD,XRAY,,,A,,,CALLE ALOUDRA,,,A,8/1/2024 10:53:27 AM,1/31/2025 11:19:58 AM,,,2,,,,,,,
3166522,19-135-0029C,2,False,4313,5/15/2019 1:46:00 AM,146,61C1,1368,4313,San Jose,43,True,True,E,HIT OBJECT,,Wednesday,,,,,False,True,True,,I,FIXED OBJECT,,1,0,CLEAR,, NO UNUSUAL CONDITIONS - NO UNUSUAL CONDITIONS,, ,C,DARK-STREET LIGHTS,37.32309,-122.00101,,,,,A,NO PEDESTRIANS INVOLVED,,A,22350,,1.0,STEVENS CREEK BL,C9,,,A,E,26.0,CALVERT DR,F,,A,8/1/2024 10:51:44 AM,1/31/2025 11:19:29 AM,,,2,,,,,,,
3166326,2019-192140556,2,False,4313,8/2/2019 12:00:00 PM,1200,2,1368,4313,San Jose,43,True,True,B,SIDE SWIPE,,Friday,,,F,,False,False,False,,C,OTHER MOTOR VEHICLE,,1,0,CLEAR,, NO UNUSUAL CONDITIONS - NO UNUSUAL CONDITIONS,, ,A,DAYLIGHT,,,,,,,A,NO PEDESTRIANS INVOLVED,,A,22107,,1.0,PANOCHE AV,LINCO,,,A,,,MCLAUGHLIN AV,,,A,8/1/2024 10:51:14 AM,1/31/2025 11:19:21 AM,,,2,,,,,,,
3166310,2019-192160146,2,False,4313,8/4/2019 3:35:00 AM,335,3,1368,4313,San Jose,43,True,True,B,SIDE SWIPE,,Sunday,,,,,False,False,True,,C,OTHER MOTOR VEHICLE,,1,0,CLEAR,, ,, ,C,DARK-STREET LIGHTS,37.16462,-121.49152,,,,,A,NO PEDESTRIANS INVOLVED,,A,22350,,1.0,COYOTE RD,XRAY,,,A,E,52.0,HOUNDSBROOK WY,F,,D,8/1/2024 10:51:11 AM,1/31/2025 11:19:20 AM,,,2,,,,,,,
3166134,2019-191890718,2,False,4313,7/8/2019 5:50:00 PM,1750,6,1368,4313,San Jose,43,True,True,C,REAR END,,Monday,,,,,False,False,False,,C,OTHER MOTOR VEHICLE,,2,0,CLEAR,, NO UNUSUAL CONDITIONS - NO UNUSUAL CONDITIONS,, ,A,DAYLIGHT,37.17503,-121.46342,,,,,A,NO PEDESTRIANS INVOLVED,,A,22350,,1.0,YERBA BUENA RD,PAUL,,,A,,,BYINGTON DR,,,A,8/1/2024 10:50:46 AM,1/31/2025 11:19:13 AM,,,2,,,,,,,
3166130,2019-191890382,2,False,4313,7/8/2019 11:54:00 AM,1154,N5,1368,4313,San Jose,43,True,True,B,SIDE SWIPE,,Monday,,,,,False,False,False,,B,PEDESTRIAN,,1,0,CLEAR,, NO UNUSUAL CONDITIONS - NO UNUSUAL CONDITIONS,, ,A,DAYLIGHT,37.18264,-121.57232,,,,,E,IN ROAD - INCLUDES SHOULDER,,A,22106,,1.0,ESSEX WY,WESTE,,,A,,,ESSEX WY 1338,,,D,8/1/2024 10:50:45 AM,1/31/2025 11:19:13 AM,,,2,,,,,,,
3166077,2019-191791150,2,False,4313,6/28/2019 11:08:00 PM,2308,EDWARD,1368,4313,San Jose,43,True,True,C,REAR END,,Friday,,,,,False,False,False,,C,OTHER MOTOR VEHICLE,,1,0,CLEAR,, NO UNUSUAL CONDITIONS - NO UNUSUAL CONDITIONS,, ,C,DARK-STREET LIGHTS,,,,,,,A,NO PEDESTRIANS INVOLVED,,A,22350,,1.0,PARK AV,CENTR,,,A,,,S MARKET ST,,,A,8/1/2024 10:50:37 AM,1/31/2025 11:19:11 AM,,,2,,,,,,,
3165887,2019-192090783,2,False,4313,7/28/2019 8:14:00 PM,2014,5,1368,4313,San Jose,43,True,True,A,HEAD-ON,,Sunday,,,,,False,False,True,,I,FIXED OBJECT,,1,0,CLEAR,, NO UNUSUAL CONDITIONS - NO UNUSUAL CONDITIONS,, ,B,DUSK-DAWN,34.18368,-119.12509,,,,,,,,A,21658,,1.0,MONTECITO DR,PAUL,,,A,E,60.0,LAMBARE WY,F,,D,8/1/2024 10:50:09 AM,1/31/2025 11:19:03 AM,,,2,,,,,,,
3165883,2019-192090214,2,False,4313,7/28/2019 7:54:00 AM,754,T2,1368,4313,San Jose,43,True,True,A,HEAD-ON,,Sunday,,,,,False,False,True,,I,FIXED OBJECT,,1,0,CLEAR,, NO UNUSUAL CONDITIONS - NO UNUSUAL CONDITIONS,, ,A,DAYLIGHT,34.16391,-119.22478,,,,,A,NO PEDESTRIANS INVOLVED,,A,22350,,1.0,S BASCOM AV,TOM,,,A,,,FIRE HYDRANT #A-12517,,,D,8/1/2024 10:50:08 AM,1/31/2025 11:19:03 AM,,,2,,,,,,,
3165880,2019-192070874,2,False,4313,7/26/2019 7:12:00 PM,1912,C3,1368,4313,San Jose,43,True,True,G,VEHICLE/PEDESTRAIN,,Friday,,,,,False,False,False,,G,BICYCLE,,1,0,CLEAR,, NO UNUSUAL CONDITIONS - NO UNUSUAL CONDITIONS,, ,A,DAYLIGHT,,,,,,,E,IN ROAD - INCLUDES SHOULDER,,A,21755A,,1.0,OCALA AV,CHARL,,,A,,,DARWIN WY,,,D,8/1/2024 10:50:07 AM,1/31/2025 11:19:03 AM,,,2,,,,,,,