Collision Id,	Report Number,	Report Version,	Is Preliminary,	NCIC Code,Crash Date Time,	Crash Time Description,	Beat,City Id,	City Code,	City Name,County Code,	City Is Active,	City Is Incorporated,	Collision Type Code,Collision Type Description,	Collision Type Other Desc,	Day Of Week,	DispatchNotified,	HasPhotographs,	HitRun,	IsAttachmentsMailed,	IsDeleted,	IsHighwayRelated,	IsTowAway,	JudicialDistrict,	MotorVehicleInvolvedWithCode,	MotorVehicleInvolvedWithDesc,MotorVehicleInvolvedWithOtherDesc,	NumberInjured,	NumberKilled,Weather 1, Weather 2, Road Condition 1, Road Condition 2, Special Condition,LightingCode, LightingDescription,Latitude,Longitude,MilepostDirection,MilepostDistance,MilepostMarker,MilepostUnitOfMeasure,	PedestrianActionCode,PedestrianActionDesc,PreparedDate,	Primary Collision Factor Code,Primary Collision Factor Violation,PrimaryCollisionFactorIsCited,	PrimaryCollisionPartyNumber,	PrimaryRoad,	ReportingDistrict,	ReportingDistrictCode,ReviewedDate,	RoadwaySurfaceCode,SecondaryDirection,	SecondaryDistance,	SecondaryRoad,	SecondaryUnitOfMeasure,	SketchDesc,	TrafficControlDeviceCode,CreatedDate,	ModifiedDate,IsCountyRoad,IsFreeway,CHP555Version,	IsAdditonalObjectStruck,NotificationDate,	NotificationTimeDescription,	HasDigitalMediaFiles,	EvidenceNumber,	IsLocationReferToNarrative,	IsAOIOneSameAsLocation
3211746,2019-192711111,2,False,4313,9/28/2019 11:48:00 PM,2348,P2,1368,4313,San Jose,43,True,True,D,BROADSIDE,,Saturday,,,,,False,False,True,,C,OTHER MOTOR VEHICLE,,1,0,CLEAR,, NO UNUSUAL CONDITIONS - NO UNUSUAL CONDITIONS,, ,C,DARK-STREET LIGHTS,,,,,,,A,NO PEDESTRIANS INVOLVED,,D,,,,S WHITE RD,PAUL,,,A,,,PEPPERRIDGE DR,,,A,8/1/2024 1:48:41 PM,1/31/2025 11:57:32 AM,,,2,,,,,,,
3211743,2019-192630641,2,False,4313,9/20/2019 4:47:00 PM,1647,2,1368,4313,San Jose,43,True,True,D,BROADSIDE,,Friday,,,,,False,False,False,,F,TRAIN,,1,0,CLEAR,, NO UNUSUAL CONDITIONS - NO UNUSUAL CONDITIONS,OTHER* - OTHER*, ,A,DAYLIGHT,,,,,,,A,NO PEDESTRIANS INVOLVED,,A,21453C,,1.0,SIERRA RD,WILLI,,,A,,,N CAPITOL AV,,,A,8/1/2024 1:48:40 PM,1/31/2025 11:57:32 AM,,,2,,,,,,,
3211740,2019-192700315,2,False,4313,9/27/2019 9:31:00 AM,931,3,1368,4313,San Jose,43,True,True,D,BROADSIDE,,Friday,,,,,False,False,True,,C,OTHER MOTOR VEHICLE,,2,0,CLEAR,, NO UNUSUAL CONDITIONS - NO UNUSUAL CONDITIONS,, ,A,DAYLIGHT,,,,,,,A,NO PEDESTRIANS INVOLVED,,A,21802A,,1.0,WILLIAMS RD,NORA,,,A,,,DEL CAMBRE DR,,,A,8/1/2024 1:48:40 PM,1/31/2025 11:57:32 AM,,,2,,,,,,,
3211738,2019-192680368,2,False,4313,9/25/2019 10:22:00 AM,1022,1,1368,4313,San Jose,43,True,True,,,,Wednesday,,,,,False,False,False,,B,PEDESTRIAN,,1,0,CLOUDY,, NO UNUSUAL CONDITIONS - NO UNUSUAL CONDITIONS,, ,A,DAYLIGHT,37.20247,-121.52554,,,,,B,CROSSING IN CROSS WALK AT INTERSECTION,,A,21950A,,1.0,E SANTA CLARA ST,K,,,A,,,N  9TH ST,,,A,8/1/2024 1:48:40 PM,1/31/2025 11:57:32 AM,,,2,,,,,,,
3211734,2019-192590347,2,False,4313,9/16/2019 10:35:00 AM,1035,C3,1368,4313,San Jose,43,True,True,B,SIDE SWIPE,,Monday,,,,,False,False,True,,C,OTHER MOTOR VEHICLE,,3,0,,, ,, ,A,DAYLIGHT,37.19258,-121.49254,,,,,A,NO PEDESTRIANS INVOLVED,,A,21804A,,1.0,TULLY RD,SJPD,,,B,,,HURAN DR,,,A,8/1/2024 1:48:40 PM,1/31/2025 11:57:31 AM,,,2,,,,,,,
3211726,2019-192690295,2,False,4313,9/26/2019 8:46:00 AM,846,X1,1368,4313,San Jose,43,True,True,A,HEAD-ON,,Thursday,,,,,False,False,True,,C,OTHER MOTOR VEHICLE,,3,0,CLEAR,, NO UNUSUAL CONDITIONS - NO UNUSUAL CONDITIONS,, ,A,DAYLIGHT,37.16476,-121.5152,,,,,A,NO PEDESTRIANS INVOLVED,,A,21453A,,1.0,HILLSDALE AV,XRAY,,,A,,,NARVAEZ AV,,,A,8/1/2024 1:48:39 PM,1/31/2025 11:57:31 AM,,,2,,,,,,,
3211725,2019-192720713,2,False,4313,9/29/2019 5:50:00 PM,1750,5,1368,4313,San Jose,43,True,True,,,,Sunday,,,,,False,False,True,,C,OTHER MOTOR VEHICLE,,2,0,CLEAR,, NO UNUSUAL CONDITIONS - NO UNUSUAL CONDITIONS,, ,A,DAYLIGHT,37.20452,-121.51379,,,,,A,NO PEDESTRIANS INVOLVED,,A,21801,,1.0,E SAN ANTONIO ST,KING,,,A,,,BONITA AV,,,D,8/1/2024 1:48:39 PM,1/31/2025 11:57:31 AM,,,2,,,,,,,
3211429,2019-192440507,2,False,4313,9/1/2019 2:15:00 PM,1415,A1,1368,4313,San Jose,43,True,True,D,BROADSIDE,,Sunday,,,,,False,False,True,,C,OTHER MOTOR VEHICLE,,3,0,CLEAR,, NO UNUSUAL CONDITIONS - NO UNUSUAL CONDITIONS,, ,A,DAYLIGHT,37.14468,-121.55524,,,,,A,NO PEDESTRIANS INVOLVED,,B,,,1.0,UNION AV,DA,,,A,,,ROSSWOOD DR,,,D,8/1/2024 1:48:23 PM,1/31/2025 11:57:14 AM,,,2,,,,,,,
3211425,2019-192490117,2,False,4313,9/6/2019 5:00:00 AM,500,W4,1368,4313,San Jose,43,True,True,D,BROADSIDE,,Friday,,,,,False,False,True,,C,OTHER MOTOR VEHICLE,,2,0,CLEAR,, NO UNUSUAL CONDITIONS - NO UNUSUAL CONDITIONS,, ,C,DARK-STREET LIGHTS,37.22123,-121.50347,,,,,A,NO PEDESTRIANS INVOLVED,,A,21453A,,1.0,MCKEE RD,FOOTH,,,A,,,N CAPITOL AV,,,A,8/1/2024 1:48:23 PM,1/31/2025 11:57:14 AM,,,2,,,,,,,
3211420,2019-192500190,2,False,4313,9/7/2019 6:59:00 AM,659,F4,1368,4313,San Jose,43,True,True,G,VEHICLE/PEDESTRAIN,,Saturday,,,F,,False,False,False,,B,PEDESTRIAN,,1,0,CLEAR,, NO UNUSUAL CONDITIONS - NO UNUSUAL CONDITIONS,, ,A,DAYLIGHT,37.19544,-121.54202,,,,,C,CROSSING IN CROSS WALK - NOT AT INTERSECTION,,A,21950A,,1.0,THE ALAMEDA,DF,,,A,,,WILSON AV,,,D,8/1/2024 1:48:22 PM,1/31/2025 11:57:13 AM,,,2,,,,,,,
3211417,2019-192460343,2,False,4313,9/3/2019 9:50:00 AM,950,L4,1368,4313,San Jose,43,True,True,G,VEHICLE/PEDESTRAIN,,Tuesday,,,,,False,False,False,,B,PEDESTRIAN,,1,0,CLEAR,, NO UNUSUAL CONDITIONS - NO UNUSUAL CONDITIONS,, ,A,DAYLIGHT,37.1813,-121.51401,,,,,B,CROSSING IN CROSS WALK AT INTERSECTION,,A,21954A,,1.0,CURTNER AV,LINCO,,,A,,,MONTEREY RD,,,A,8/1/2024 1:48:22 PM,1/31/2025 11:57:13 AM,,,2,,,,,,,
3211413,2019-192490954,2,False,4313,9/6/2019 8:26:00 PM,2026,F5,1368,4313,San Jose,43,True,True,C,REAR END,,Friday,,,,,False,False,True,,C,OTHER MOTOR VEHICLE,,1,0,CLEAR,, NO UNUSUAL CONDITIONS - NO UNUSUAL CONDITIONS,, ,C,DARK-STREET LIGHTS,37.18597,-121.54393,,,,,A,NO PEDESTRIANS INVOLVED,,A,22350,,1.0,PARKMOOR AV,WESTE,,,A,,,RACE ST,,,A,8/1/2024 1:48:22 PM,1/31/2025 11:57:13 AM,,,2,,,,,,,
3211410,2019-192510236,2,False,4313,9/8/2019 7:23:00 AM,723,4,1368,4313,San Jose,43,True,True,D,BROADSIDE,,Sunday,,,,,False,False,True,,C,OTHER MOTOR VEHICLE,,1,0,CLEAR,, NO UNUSUAL CONDITIONS - NO UNUSUAL CONDITIONS,, ,A,DAYLIGHT,37.19337,-121.54416,,,,,A,NO PEDESTRIANS INVOLVED,,A,21810,,1.0,PARK AV,FRANK,,,A,,,RACE ST,,,A,8/1/2024 1:48:22 PM,1/31/2025 11:57:13 AM,,,2,,,,,,,
3231373,2019-193150745,2,False,4313,11/11/2019 3:30:00 PM,1530,R3,1368,4313,San Jose,43,True,True,G,VEHICLE/PEDESTRAIN,,Monday,,,F,,False,False,False,,G,BICYCLE,,1,0,CLEAR,, NO UNUSUAL CONDITIONS - NO UNUSUAL CONDITIONS,, ,A,DAYLIGHT,,,,,,,A,NO PEDESTRIANS INVOLVED,,A,22350,,1.0,N 1ST ST,CENTR,,,A,,,BROKAW RD,,,A,8/1/2024 2:13:00 PM,1/31/2025 12:17:57 PM,,,2,,,,,,,
3231368,2019-193250876,2,False,4313,11/21/2019 6:45:00 PM,1845,L3,1368,4313,San Jose,43,True,True,C,REAR END,,Thursday,,,F,,False,False,True,,D,MOTOR VEHICLE ON OTHER ROADWAY,,1,0,CLEAR,, NO UNUSUAL CONDITIONS - NO UNUSUAL CONDITIONS,, ,C,DARK-STREET LIGHTS,37.1935,-121.5425,,,,,A,NO PEDESTRIANS INVOLVED,,D,,,,PARK AV,LINCO,,,A,,,S MONTGOMERY ST,,,A,8/1/2024 2:13:00 PM,1/31/2025 12:17:57 PM,,,2,,,,,,,
3231365,2019-193260133,2,False,4313,11/22/2019 7:34:00 AM,734,C2,1368,4313,San Jose,43,True,True,C,REAR END,,Friday,,,,,False,False,True,,C,OTHER MOTOR VEHICLE,,1,0,CLEAR,, NO UNUSUAL CONDITIONS - NO UNUSUAL CONDITIONS,, ,A,DAYLIGHT,,,,,,,A,NO PEDESTRIANS INVOLVED,,A,22350,,1.0,TULLY RD,CHARL,,,A,,,SEACLIFF WY,,,D,8/1/2024 2:12:59 PM,1/31/2025 12:17:56 PM,,,2,,,,,,,
3231363,2019-193150549,2,False,4313,11/11/2019 3:50:00 PM,1550,4,1368,4313,San Jose,43,True,True,B,SIDE SWIPE,,Monday,,,F,,False,False,False,,B,PEDESTRIAN,,1,0,CLEAR,, NO UNUSUAL CONDITIONS - NO UNUSUAL CONDITIONS,, ,A,DAYLIGHT,,,,,,,,,,A,21650,,1.0,E SANTA CLARA ST,KING,,,A,,,E SANTA CLARA ST 934,,,D,8/1/2024 2:12:59 PM,1/31/2025 12:17:56 PM,,,2,,,,,,,
3231204,2019-193270118,2,False,4313,11/23/2019 3:08:00 AM,308,1,1368,4313,San Jose,43,True,True,G,VEHICLE/PEDESTRAIN,,Saturday,,,,,False,False,False,,B,PEDESTRIAN,,1,0,CLEAR,, NO UNUSUAL CONDITIONS - NO UNUSUAL CONDITIONS,, ,C,DARK-STREET LIGHTS,,,,,,,D,CROSSING - NOT IN CROSSWALK,,A,21955,,1.0,TULLY RD,PAUL,,,A,W,16.0,KING RD,F,,A,8/1/2024 2:12:44 PM,1/31/2025 12:17:45 PM,,,2,,,,,,,
3230914,2019-193300740,2,False,4313,11/26/2019 4:20:00 PM,1620,M5,1368,4313,San Jose,43,True,True,D,BROADSIDE,,Tuesday,,,,,False,False,True,,C,OTHER MOTOR VEHICLE,,1,0,RAINING,WIND, NO UNUSUAL CONDITIONS - NO UNUSUAL CONDITIONS,, ,B,DUSK-DAWN,37.21191,-121.49509,,,,,A,NO PEDESTRIANS INVOLVED,,A,22107,,1.0,CAPITOL EXPWY,MARY,,,B,,,S CAPITOL AV,,,D,8/1/2024 2:12:21 PM,1/31/2025 12:17:27 PM,,,2,,,,,,,
3230790,2019-192930966,2,False,4313,10/20/2019 11:40:00 PM,2340,M5,1368,4313,San Jose,43,True,True,A,HEAD-ON,,Sunday,,,,,False,False,True,,D,MOTOR VEHICLE ON OTHER ROADWAY,,1,0,CLEAR,, ,, ,C,DARK-STREET LIGHTS,,,,,,,A,NO PEDESTRIANS INVOLVED,,A,22350,,1.0,ALEXANDER AV,FOOTH,,,A,,,ALUM ROCK RD,,,A,8/1/2024 2:12:11 PM,1/31/2025 12:17:19 PM,,,2,,,,,,,
3230789,2019-192890461,2,False,4313,10/16/2019 11:21:00 AM,1121,N3,1368,4313,San Jose,43,True,True,A,HEAD-ON,,Wednesday,,,,,False,True,True,,C,OTHER MOTOR VEHICLE,,2,0,CLEAR,, NO UNUSUAL CONDITIONS - NO UNUSUAL CONDITIONS,, ,A,DAYLIGHT,,,,,,,A,NO PEDESTRIANS INVOLVED,,A,21453A,,1.0,LAWRENCE EXP,NORA,,,A,,,RT 280,,,A,8/1/2024 2:12:11 PM,1/31/2025 12:17:19 PM,,,2,,,,,,,
3230709,2019-192630173,2,False,4313,9/20/2019 8:18:00 AM,818,W1,1368,4313,San Jose,43,True,True,D,BROADSIDE,,Friday,,,,,False,True,False,,F,TRAIN,,1,0,CLEAR,, NO UNUSUAL CONDITIONS - NO UNUSUAL CONDITIONS,, ,A,DAYLIGHT,37.21203,-121.50212,,,,,A,NO PEDESTRIANS INVOLVED,,A,22107,,1.0,CAPITOL EXPWY,DW,,,A,,,RT 680,,,A,8/1/2024 2:12:04 PM,1/31/2025 12:17:14 PM,,,2,,,,,,,
3230702,2019-192620522,2,False,4313,9/19/2019 1:14:00 PM,1314,1,1368,4313,San Jose,43,True,True,C,REAR END,,Thursday,,,,,False,True,False,,,,,2,0,CLEAR,, NO UNUSUAL CONDITIONS - NO UNUSUAL CONDITIONS,, ,A,DAYLIGHT,37.22398,-121.50476,,,,,A,NO PEDESTRIANS INVOLVED,,A,22350,,1.0,MCKEE RD,M,,,A,,,RT 680,,,A,8/1/2024 2:12:03 PM,1/31/2025 12:17:14 PM,,,2,,,,,,,
3230633,2019-192450699,2,False,4313,9/2/2019 7:57:00 PM,1957,3,1368,4313,San Jose,43,True,True,C,REAR END,,Monday,,,M,,False,False,False,,E,PARKED MOTOR VEHICLE,,0,0,CLEAR,, NO UNUSUAL CONDITIONS - NO UNUSUAL CONDITIONS,, ,C,DARK-STREET LIGHTS,34.1938,-119.1728,,,,,A,NO PEDESTRIANS INVOLVED,,A,20002,,,KILCHOAN CT,LINCO,,,A,,,KILCHOAN CT 1382,,,D,8/1/2024 2:11:58 PM,1/31/2025 12:17:09 PM,,,2,,,,,,,
3230624,2019-193040642,2,False,4313,10/31/2019 4:29:00 PM,1629,5,1368,4313,San Jose,43,True,True,B,SIDE SWIPE,,Thursday,,,,,False,False,True,,D,MOTOR VEHICLE ON OTHER ROADWAY,,1,0,CLEAR,, NO UNUSUAL CONDITIONS - NO UNUSUAL CONDITIONS,, ,A,DAYLIGHT,,,,,,,A,NO PEDESTRIANS INVOLVED,,A,22350,,1.0,BRANHAM LN,TOM,,,A,W,26.0,ALMADEN EXPWY,F,,A,8/1/2024 2:11:57 PM,1/31/2025 12:17:09 PM,,,2,,,,,,,
3230617,2019-192980459,2,False,4313,10/25/2019 11:20:00 AM,1120,E1,1368,4313,San Jose,43,True,True,C,REAR END,,Friday,,,,,False,False,True,,C,OTHER MOTOR VEHICLE,,1,0,CLEAR,, NO UNUSUAL CONDITIONS - NO UNUSUAL CONDITIONS,, ,A,DAYLIGHT,37.19551,-121.54435,,,,,A,NO PEDESTRIANS INVOLVED,,A,22350A,,1.0,W SANTA CLARA ST,EDWAR,,,A,,,S MONTGOMERY ST,,,A,8/1/2024 2:11:56 PM,1/31/2025 12:17:08 PM,,,2,,,,,,,
3230601,2019-192591096,2,False,4313,9/16/2019 9:10:00 PM,2110,A3,1368,4313,San Jose,43,True,True,C,REAR END,,Monday,,,F,,False,False,False,,E,PARKED MOTOR VEHICLE,,1,0,CLEAR,, NO UNUSUAL CONDITIONS - NO UNUSUAL CONDITIONS,, ,C,DARK-STREET LIGHTS,37.15326,-121.52343,,,,,A,NO PEDESTRIANS INVOLVED,,A,22350,,1.0,ALMADEN EXPWY,ADAM,,,A,,,CHERRY AV,,,A,8/1/2024 2:11:55 PM,1/31/2025 12:17:07 PM,,,2,,,,,,,
3230598,2019-192670350,2,False,4313,9/24/2019 10:20:00 AM,1020,4,1368,4313,San Jose,43,True,True,,,,Tuesday,,,,,False,False,True,,C,OTHER MOTOR VEHICLE,,1,0,CLEAR,, NO UNUSUAL CONDITIONS - NO UNUSUAL CONDITIONS,, ,A,DAYLIGHT,37.20492,-121.52372,,,,,,,,A,21801A,,1.0,N 24TH ST,KING,,,A,N,24.0,E SANTA CLARA ST,F,,A,8/1/2024 2:11:54 PM,1/31/2025 12:17:07 PM,,,2,,,,,,,
3230587,2019-193050926,2,False,4313,11/1/2019 7:43:00 PM,1943,L3,1368,4313,San Jose,43,True,True,C,REAR END,,Friday,,,F,,False,False,True,,C,OTHER MOTOR VEHICLE,,1,0,CLEAR,, NO UNUSUAL CONDITIONS - NO UNUSUAL CONDITIONS,, ,C,DARK-STREET LIGHTS,,,,,,,A,NO PEDESTRIANS INVOLVED,,A,22350,,1.0,SENTER RD,DL,,,A,,,SENTER RD 2855,,,D,8/1/2024 2:11:54 PM,1/31/2025 12:17:06 PM,,,2,,,,,,,
3230586,2019-192580403,2,False,4313,9/15/2019 12:52:00 PM,1252,A1,1368,4313,San Jose,43,True,True,C,REAR END,,Sunday,,,,,False,False,True,,C,OTHER MOTOR VEHICLE,,2,0,CLEAR,, NO UNUSUAL CONDITIONS - NO UNUSUAL CONDITIONS,, ,A,DAYLIGHT,,,,,,,A,NO PEDESTRIANS INVOLVED,,A,21703,,1.0,BLOSSOM HILL RD,ADAM,,,A,,,BEGONIA DR,,,D,8/1/2024 2:11:53 PM,1/31/2025 12:17:06 PM,,,2,,,,,,,
3230285,2019-192890139,2,False,4313,10/16/2019 5:50:00 AM,550,T3,1368,4313,San Jose,43,True,True,B,SIDE SWIPE,,Wednesday,,,,,False,False,False,,G,BICYCLE,,1,0,CLEAR,, NO UNUSUAL CONDITIONS - NO UNUSUAL CONDITIONS,, ,C,DARK-STREET LIGHTS,,,,,,,A,NO PEDESTRIANS INVOLVED,,A,22107,,1.0,ALMADEN EXPWY,SOUTH,,,A,S,81.0,LINCOLN AV,F,,D,8/1/2024 2:11:28 PM,1/31/2025 12:16:47 PM,,,2,,,,,,,
3230221,2019-193080825,2,False,4313,11/4/2019 6:02:00 PM,1802,L1,1368,4313,San Jose,43,True,True,H,OTHER,,Monday,,,,,False,False,False,,A,NON-COLLISION,,1,0,CLEAR,, NO UNUSUAL CONDITIONS - NO UNUSUAL CONDITIONS,, ,A,DAYLIGHT,,,,,,,A,NO PEDESTRIANS INVOLVED,,A,22350,,1.0,S 3RD ST,WESTE,,,A,,,KEYES ST,,,A,8/1/2024 2:11:22 PM,1/31/2025 12:16:42 PM,,,2,,,,,,,
3230105,2019-192820743,2,False,4313,10/9/2019 4:21:00 PM,1621,M5,1368,4313,San Jose,43,True,True,D,BROADSIDE,,Wednesday,,,,,False,False,False,,G,BICYCLE,,1,0,CLEAR,, NO UNUSUAL CONDITIONS - NO UNUSUAL CONDITIONS,, ,A,DAYLIGHT,37.21347,-121.49397,,,,,E,IN ROAD - INCLUDES SHOULDER,,A,22450A,,1.0,DORIS AV,MARY,,,A,,,WILBUR AV,,,A,8/1/2024 2:11:11 PM,1/31/2025 12:16:34 PM,,,2,,,,,,,
3230101,2019-192820605,2,False,4313,10/9/2019 1:59:00 PM,1359,P2,1368,4313,San Jose,43,True,True,D,BROADSIDE,,Wednesday,,,,,False,False,True,,C,OTHER MOTOR VEHICLE,,1,0,CLEAR,, NO UNUSUAL CONDITIONS - NO UNUSUAL CONDITIONS,, ,A,DAYLIGHT,,,,,,,A,NO PEDESTRIANS INVOLVED,,A,21453A,,1.0,PEPPERRIDGE DR,FOOTH,,,A,,,WHITE RD,,,A,8/1/2024 2:11:11 PM,1/31/2025 12:16:34 PM,,,2,,,,,,,
3229845,19-249-0207T,2,False,4313,9/6/2019 1:34:00 PM,1334,84T8,1368,4313,San Jose,43,True,True,C,REAR END,,Friday,,,,,False,False,False,,F,TRAIN,,1,0,CLEAR,, NO UNUSUAL CONDITIONS - NO UNUSUAL CONDITIONS,, ,A,DAYLIGHT,,,,,,,A,NO PEDESTRIANS INVOLVED,,A,21651A,,1.0,1ST ST,T5,,,A,N,2.0,CLAYTON AV,F,,D,8/1/2024 2:10:48 PM,1/31/2025 12:16:17 PM,,,2,,,,,,,
3229743,2019-192880821,2,False,4313,10/15/2019 4:52:00 PM,1652,V3,1368,4313,San Jose,43,True,True,G,VEHICLE/PEDESTRAIN,,Tuesday,,,,,False,False,False,,A,NON-COLLISION,,0,0,CLEAR,, NO UNUSUAL CONDITIONS - NO UNUSUAL CONDITIONS,, ,A,DAYLIGHT,37.21119,-121.53662,,,,,D,CROSSING - NOT IN CROSSWALK,,D,,,,JACKSON ST,DV,,,A,,,N 14TH ST,,,D,8/1/2024 2:10:39 PM,1/31/2025 12:16:10 PM,,,2,,,,,,,
3228620,2019-192260919,2,False,4313,8/14/2019 6:34:00 PM,1834,3,1368,4313,San Jose,43,True,True,B,SIDE SWIPE,,Wednesday,,,,,False,False,False,,C,OTHER MOTOR VEHICLE,,1,0,CLEAR,, NO UNUSUAL CONDITIONS - NO UNUSUAL CONDITIONS,, ,A,DAYLIGHT,,,,,,,A,NO PEDESTRIANS INVOLVED,,A,21453,,1.0,COTTLE RD,YELLO,,,A,,,RALEIGH RD,,,A,8/1/2024 2:09:07 PM,1/31/2025 12:14:56 PM,,,2,,,,,,,
3227921,2019-192860811,2,False,4313,10/13/2019 8:30:00 PM,2030,P1,1368,4313,San Jose,43,True,True,,,,Sunday,,,,,False,False,False,,B,PEDESTRIAN,,1,0,CLEAR,, NO UNUSUAL CONDITIONS - NO UNUSUAL CONDITIONS,, ,C,DARK-STREET LIGHTS,,,,,,,D,CROSSING - NOT IN CROSSWALK,,A,21954A,,1.0,S KING RD,PAUL,,,A,N,200.0,LIGHT POLE #13QSO,F,,A,8/1/2024 2:08:07 PM,1/31/2025 12:14:12 PM,,,2,,,,,,,
3227917,2019-192751047,2,False,4313,10/2/2019 9:19:00 PM,2119,C6,1368,4313,San Jose,43,True,True,B,SIDE SWIPE,,Wednesday,,,F,,False,False,True,,E,PARKED MOTOR VEHICLE,,1,0,CLEAR,, NO UNUSUAL CONDITIONS - NO UNUSUAL CONDITIONS,, ,C,DARK-STREET LIGHTS,,,,,,,A,NO PEDESTRIANS INVOLVED,,A,22350,,1.0,RYAN ST,FOOTH,,,A,S,152.0,VERNICE ST,F,,D,8/1/2024 2:08:06 PM,1/31/2025 12:14:12 PM,,,2,,,,,,,
3227908,2019-192950204,2,False,4313,10/22/2019 8:17:00 AM,817,Y3,1368,4313,San Jose,43,True,True,D,BROADSIDE,,Tuesday,,,,,False,False,False,,G,BICYCLE,,1,0,CLEAR,, NO UNUSUAL CONDITIONS - NO UNUSUAL CONDITIONS,, ,A,DAYLIGHT,,,,,,,A,NO PEDESTRIANS INVOLVED,,A,22450,,1.0,RIDGEFARM DR,SOUTH,,,A,,,SNELL AV,,,A,8/1/2024 2:08:06 PM,1/31/2025 12:14:11 PM,,,2,,,,,,,
3226604,2019-192580066,2,False,4313,9/15/2019 12:56:00 AM,56,M5,1368,4313,San Jose,43,True,True,D,BROADSIDE,,Sunday,,,M,,False,False,True,,C,OTHER MOTOR VEHICLE,,1,0,CLEAR,, ,, ,C,DARK-STREET LIGHTS,37.21441,-121.49289,,,,,A,NO PEDESTRIANS INVOLVED,,A,22350,,1.0,EAST HILLS DR,FOOTH,,,A,,,S WHITE RD,,,A,8/1/2024 2:06:18 PM,1/31/2025 12:12:44 PM,,,2,,,,,,,
3226585,2019-192640506,2,False,4313,9/21/2019 12:52:00 PM,1252,5,1368,4313,San Jose,43,True,True,D,BROADSIDE,,Saturday,,,,,False,False,False,,C,OTHER MOTOR VEHICLE,,1,0,CLEAR,, NO UNUSUAL CONDITIONS - NO UNUSUAL CONDITIONS,, ,A,DAYLIGHT,,,,,,,A,NO PEDESTRIANS INVOLVED,,A,22350,,1.0,PAYNE AV,NORA,,,A,,,PHELPS AV,,,A,8/1/2024 2:06:16 PM,1/31/2025 12:12:43 PM,,,2,,,,,,,
3226581,2019-192540938,2,False,4313,9/11/2019 6:53:00 PM,1853,C5,1368,4313,San Jose,43,True,True,B,SIDE SWIPE,,Wednesday,,,,,False,False,True,,E,PARKED MOTOR VEHICLE,,1,0,CLEAR,, NO UNUSUAL CONDITIONS - NO UNUSUAL CONDITIONS,, ,A,DAYLIGHT,37.21944,-121.48572,,,,,A,NO PEDESTRIANS INVOLVED,,A,22350,,1.0,WARRINGTON AV,FOOTH,,,A,,,S WHITE RD,,,D,8/1/2024 2:06:16 PM,1/31/2025 12:12:43 PM,,,2,,,,,,,
3226571,2019-192450975,2,False,4313,9/2/2019 9:51:00 PM,2151,E3,1368,4313,San Jose,43,True,True,G,VEHICLE/PEDESTRAIN,,Monday,,,F,,False,False,False,,G,BICYCLE,,1,0,CLEAR,, NO UNUSUAL CONDITIONS - NO UNUSUAL CONDITIONS,, ,C,DARK-STREET LIGHTS,37.19584,-121.53171,,,,,A,NO PEDESTRIANS INVOLVED,,D,,,,1ST ST,EDWAR,,,A,,,PASEO DE SAN ANTONIO,,,D,8/1/2024 2:06:15 PM,1/31/2025 12:12:42 PM,,,2,,,,,,,
3225940,2019-192590916,2,False,4313,9/16/2019 6:52:00 PM,1852,F1,1368,4313,San Jose,43,True,True,D,BROADSIDE,,Monday,,,F,,False,False,False,,G,BICYCLE,,1,0,CLEAR,, NO UNUSUAL CONDITIONS - NO UNUSUAL CONDITIONS,, ,A,DAYLIGHT,37.18579,-121.57351,,,,,B,CROSSING IN CROSS WALK AT INTERSECTION,,A,21453A,,1.0,MOORPARK AV,WESTE,,,A,,,CYPRESS AV,,,A,8/1/2024 2:05:23 PM,1/31/2025 12:12:03 PM,,,2,,,,,,,
3225924,2019-192620847,2,False,4313,9/19/2019 6:47:00 PM,1847,FOUR,1368,4313,San Jose,43,True,True,D,BROADSIDE,,Thursday,,,,,False,False,False,,G,BICYCLE,,1,0,CLEAR,, NO UNUSUAL CONDITIONS - NO UNUSUAL CONDITIONS,, ,A,DAYLIGHT,,,,,,,,,,A,22350,,1.0,CHATEAU LA SALLE DR,LINCO,,,A,,,RODER RD,,,D,8/1/2024 2:05:22 PM,1/31/2025 12:12:02 PM,,,2,,,,,,,
3225920,2019-192600195,2,False,4313,9/17/2019 8:00:00 AM,800,C3,1368,4313,San Jose,43,True,True,D,BROADSIDE,,Tuesday,,,F,,False,False,False,,B,PEDESTRIAN,,1,0,CLEAR,, NO UNUSUAL CONDITIONS - NO UNUSUAL CONDITIONS,, ,A,DAYLIGHT,,,,,,,B,CROSSING IN CROSS WALK AT INTERSECTION,,A,22450A,,1.0,BISCAYNE WY,CHARL,,,A,W,9.0,CATHEY DR,F,,D,8/1/2024 2:05:21 PM,1/31/2025 12:12:02 PM,,,2,,,,,,,
3225917,2019-192640458,2,False,4313,9/21/2019 1:07:00 PM,1307,5,1368,4313,San Jose,43,True,True,B,SIDE SWIPE,,Saturday,,,M,,False,False,True,,C,OTHER MOTOR VEHICLE,,1,0,CLEAR,, NO UNUSUAL CONDITIONS - NO UNUSUAL CONDITIONS,, ,A,DAYLIGHT,37.21222,-121.49878,,,,,A,NO PEDESTRIANS INVOLVED,,A,21658A,,1.0,STORY RD,C,,,A,,,WHITE RD,,,A,8/1/2024 2:05:21 PM,1/31/2025 12:12:02 PM,,,2,,,,,,,
3225915,2019-192630109,2,False,4313,9/20/2019 5:00:00 AM,500,L4,1368,4313,San Jose,43,True,True,G,VEHICLE/PEDESTRAIN,,Friday,,,F,,False,False,False,,B,PEDESTRIAN,,1,0,,, NO UNUSUAL CONDITIONS - NO UNUSUAL CONDITIONS,, ,C,DARK-STREET LIGHTS,,,,,,,B,CROSSING IN CROSS WALK AT INTERSECTION,,A,22350,,1.0,MONTEREY RD,LINCO,,,A,,,CURTNER AV,,,A,8/1/2024 2:05:21 PM,1/31/2025 12:12:02 PM,,,2,,,,,,,
3225881,2019-192620959,2,False,4313,9/19/2019 8:34:00 PM,2034,X3,1368,4313,San Jose,43,True,True,C,REAR END,,Thursday,,,F,,False,False,False,,C,OTHER MOTOR VEHICLE,,1,0,CLEAR,, NO UNUSUAL CONDITIONS - NO UNUSUAL CONDITIONS,, ,D,DARK-NO STREET LIGHTS,,,,,,,A,NO PEDESTRIANS INVOLVED,,A,22106,,1.0,COYOTE RD,DXRAY,,,A,E,49.0,SYMPHONY LN,F,,A,8/1/2024 2:05:18 PM,1/31/2025 12:11:59 PM,,,2,,,,,,,