Collision Id,	Report Number,	Report Version,	Is Preliminary,	NCIC Code,Crash Date Time,	Crash Time Description,	Beat,City Id,	City Code,	City Name,County Code,	City Is Active,	City Is Incorporated,	Collision Type Code,Collision Type Description,	Collision Type Other Desc,	Day Of Week,	DispatchNotified,	HasPhotographs,	HitRun,	IsAttachmentsMailed,	IsDeleted,	IsHighwayRelated,	IsTowAway,	JudicialDistrict,	MotorVehicleInvolvedWithCode,	MotorVehicleInvolvedWithDesc,MotorVehicleInvolvedWithOtherDesc,	NumberInjured,	NumberKilled,Weather 1, Weather 2, Road Condition 1, Road Condition 2, Special Condition,LightingCode, LightingDescription,Latitude,Longitude,MilepostDirection,MilepostDistance,MilepostMarker,MilepostUnitOfMeasure,	PedestrianActionCode,PedestrianActionDesc,PreparedDate,	Primary Collision Factor Code,Primary Collision Factor Violation,PrimaryCollisionFactorIsCited,	PrimaryCollisionPartyNumber,	PrimaryRoad,	ReportingDistrict,	ReportingDistrictCode,ReviewedDate,	RoadwaySurfaceCode,SecondaryDirection,	SecondaryDistance,	SecondaryRoad,	SecondaryUnitOfMeasure,	SketchDesc,	TrafficControlDeviceCode,CreatedDate,	ModifiedDate,IsCountyRoad,IsFreeway,CHP555Version,	IsAdditonalObjectStruck,NotificationDate,	NotificationTimeDescription,	HasDigitalMediaFiles,	EvidenceNumber,	IsLocationReferToNarrative,	IsAOIOneSameAsLocation
3239215,2019-193120124,2,False,4313,11/8/2019 5:20:00 AM,520,N1,1368,4313,San Jose,43,True,True,D,BROADSIDE,,Friday,,,,,False,False,True,,C,OTHER MOTOR VEHICLE,,2,0,CLOUDY,, NO UNUSUAL CONDITIONS - NO UNUSUAL CONDITIONS,, ,C,DARK-STREET LIGHTS,37.17327,-121.5951,,,,,A,NO PEDESTRIANS INVOLVED,,A,21453A,,,LAWRENCE EXPY,WESTE,,,A,,,PROSPECT RD,,,A,8/1/2024 2:25:20 PM,1/31/2025 12:26:44 PM,,,2,,,,,,,
3239213,2019-193290682,2,False,4313,11/25/2019 2:52:00 PM,1452,1,1368,4313,San Jose,43,True,True,D,BROADSIDE,,Monday,,,,,False,False,True,,D,MOTOR VEHICLE ON OTHER ROADWAY,,0,1,CLEAR,, NO UNUSUAL CONDITIONS - NO UNUSUAL CONDITIONS,, ,A,DAYLIGHT,37.26156,-121.57219,,,,,A,NO PEDESTRIANS INVOLVED,,A,21801A,,1.0,LOS ESTEROS RD,ROBER,,,A,E,45.0,UTILITY POLE #07,F,,D,8/1/2024 2:25:19 PM,1/31/2025 12:26:44 PM,,,2,,,,,,,
3239211,2019-193200604,2,False,4313,11/16/2019 4:57:00 PM,1657,3,1368,4313,San Jose,43,True,True,D,BROADSIDE,,Saturday,,,,,False,False,False,,G,BICYCLE,,1,0,CLEAR,, NO UNUSUAL CONDITIONS - NO UNUSUAL CONDITIONS,, ,B,DUSK-DAWN,,,,,,,A,NO PEDESTRIANS INVOLVED,,D,,,,HESTER AV,FRANK,,,A,N,46.0,W SAN CARLOS ST,F,,D,8/1/2024 2:25:19 PM,1/31/2025 12:26:44 PM,,,2,,,,,,,
3239209,2019-193200016,2,False,4313,11/16/2019 12:13:00 AM,13,E3,1368,4313,San Jose,43,True,True,G,VEHICLE/PEDESTRAIN,,Saturday,,,,,False,False,False,,B,PEDESTRIAN,,1,0,CLEAR,, NO UNUSUAL CONDITIONS - NO UNUSUAL CONDITIONS,, ,C,DARK-STREET LIGHTS,37.19571,-121.53579,,,,,B,CROSSING IN CROSS WALK AT INTERSECTION,,D,,,,E SAN CARLOS ST,CENTR,,,A,W,99.0,3RD ST,F,,A,8/1/2024 2:25:19 PM,1/31/2025 12:26:43 PM,,,2,,,,,,,
3239208,2019-193280971,2,False,4313,11/24/2019 11:05:00 PM,2305,M2,1368,4313,San Jose,43,True,True,A,HEAD-ON,,Sunday,,,,,False,False,True,,C,OTHER MOTOR VEHICLE,,2,0,CLEAR,, NO UNUSUAL CONDITIONS - NO UNUSUAL CONDITIONS,, ,C,DARK-STREET LIGHTS,,,,,,,A,NO PEDESTRIANS INVOLVED,,A,21453A,,1.0,MCKEE RD,MARY,,,A,,,N JACKSON AV,,,A,8/1/2024 2:25:19 PM,1/31/2025 12:26:43 PM,,,2,,,,,,,
3239205,2019-193190942,2,False,4313,11/15/2019 7:04:00 PM,1904,C1,1368,4313,San Jose,43,True,True,B,SIDE SWIPE,,Friday,,,,,False,False,True,,C,OTHER MOTOR VEHICLE,,1,0,CLEAR,, NO UNUSUAL CONDITIONS - NO UNUSUAL CONDITIONS,, ,C,DARK-STREET LIGHTS,37.19131,-121.49439,,,,,A,NO PEDESTRIANS INVOLVED,,A,22107,,1.0,TULLY RD,DC,,,A,,,LANAI AV,,,A,8/1/2024 2:25:18 PM,1/31/2025 12:26:43 PM,,,2,,,,,,,
3239204,2019-193290907,2,False,4313,11/25/2019 6:19:00 PM,1819,C4,1368,4313,San Jose,43,True,True,D,BROADSIDE,,Monday,,,F,,False,False,True,,C,OTHER MOTOR VEHICLE,,1,0,CLEAR,, NO UNUSUAL CONDITIONS - NO UNUSUAL CONDITIONS,, ,C,DARK-STREET LIGHTS,,,,,,,A,NO PEDESTRIANS INVOLVED,,A,22350A,,1.0,LEEWARD DR,CHARL,,,A,S,9.0,POPLAR DR,F,,D,8/1/2024 2:25:18 PM,1/31/2025 12:26:43 PM,,,2,,,,,,,
3239201,2019-193290658,2,False,4313,11/25/2019 2:31:00 PM,1431,R1,1368,4313,San Jose,43,True,True,B,SIDE SWIPE,,Monday,,,,,False,False,True,,C,OTHER MOTOR VEHICLE,,1,0,CLEAR,, NO UNUSUAL CONDITIONS - NO UNUSUAL CONDITIONS,, ,A,DAYLIGHT,,,,,,,A,NO PEDESTRIANS INVOLVED,,A,22350,,1.0,N 1ST ST,ROBER,,,A,,,TRIMBLE RD,,,A,8/1/2024 2:25:18 PM,1/31/2025 12:26:43 PM,,,2,,,,,,,
3239200,2019-193190905,2,False,4313,11/15/2019 6:35:00 PM,1835,C6,1368,4313,San Jose,43,True,True,B,SIDE SWIPE,,Friday,,,,,False,False,True,,C,OTHER MOTOR VEHICLE,,1,0,CLEAR,, NO UNUSUAL CONDITIONS - NO UNUSUAL CONDITIONS,, ,C,DARK-STREET LIGHTS,37.21217,-121.47492,,,,,A,NO PEDESTRIANS INVOLVED,,A,22450,,2.0,MARTEN AV,FOOTH,,,A,W,63.0,MT PLEASANT DR,F,,A,8/1/2024 2:25:18 PM,1/31/2025 12:26:43 PM,,,2,,,,,,,
3238584,2019-193240196,2,False,4313,11/20/2019 8:15:00 AM,815,W3,1368,4313,San Jose,43,True,True,A,HEAD-ON,,Wednesday,,,,,False,False,False,,G,BICYCLE,,1,0,CLEAR,, NO UNUSUAL CONDITIONS - NO UNUSUAL CONDITIONS,, ,A,DAYLIGHT,,,,,,,A,NO PEDESTRIANS INVOLVED,,A,21801A,,1.0,HOSTETTER RD,WILLI,,,A,,,PEACHWOOD DR,,,D,8/1/2024 2:24:18 PM,1/31/2025 12:25:59 PM,,,2,,,,,,,
3238581,2019-193231147,2,False,4313,11/19/2019 11:52:00 PM,2352,E2,1368,4313,San Jose,43,True,True,G,VEHICLE/PEDESTRAIN,,Tuesday,,,,,False,False,False,,B,PEDESTRIAN,,1,0,CLEAR,RAINING, NO UNUSUAL CONDITIONS - NO UNUSUAL CONDITIONS,, ,C,DARK-STREET LIGHTS,,,,,,,B,CROSSING IN CROSS WALK AT INTERSECTION,,C,,,,4TH ST,,,,B,,,ST JOHN ST,,,A,8/1/2024 2:24:17 PM,1/31/2025 12:25:59 PM,,,2,,,,,,,
3238575,2019-193230733,2,False,4313,11/19/2019 4:00:00 PM,1600,5,1368,4313,San Jose,43,True,True,A,HEAD-ON,,Tuesday,,,,,False,False,True,,C,OTHER MOTOR VEHICLE,,1,0,CLEAR,, NO UNUSUAL CONDITIONS - NO UNUSUAL CONDITIONS,, ,A,DAYLIGHT,37.18265,-121.47277,,,,,A,NO PEDESTRIANS INVOLVED,,A,,,1.0,TOY LN,P,,,A,,,SPRUCE ROCK ST,,,D,8/1/2024 2:24:17 PM,1/31/2025 12:25:59 PM,,,2,,,,,,,
3238573,2019-193230721,2,False,4313,11/19/2019 3:46:00 PM,1546,A2,1368,4313,San Jose,43,True,True,C,REAR END,,Tuesday,,,,,False,False,True,,C,OTHER MOTOR VEHICLE,,5,0,CLEAR,, ,, ,A,DAYLIGHT,37.14264,-121.5333,,,,,A,NO PEDESTRIANS INVOLVED,,A,22350,,1.0,BLOSSOM HILL RD,DA,,,A,,,VASSAR DR,,,,8/1/2024 2:24:17 PM,1/31/2025 12:25:59 PM,,,2,,,,,,,
3238566,2019-193230333,2,False,4313,11/19/2019 9:57:00 AM,957,N3,1368,4313,San Jose,43,True,True,B,SIDE SWIPE,,Tuesday,,,,,False,False,True,,C,OTHER MOTOR VEHICLE,,1,0,CLEAR,, NO UNUSUAL CONDITIONS - NO UNUSUAL CONDITIONS,, ,A,DAYLIGHT,,,,,,,A,NO PEDESTRIANS INVOLVED,,A,21658A,,1.0,LAWRENCE EXPWY,WEST,,,A,,,RT 280,,,A,8/1/2024 2:24:16 PM,1/31/2025 12:25:58 PM,,,2,,,,,,,
3238563,2019-193230894,2,False,4313,11/19/2019 7:11:00 PM,1911,F1,1368,4313,San Jose,43,True,True,,,,Tuesday,,,,,False,False,True,,C,OTHER MOTOR VEHICLE,,1,0,CLEAR,, ,, ,C,DARK-STREET LIGHTS,37.19238,-121.57351,,,,,A,NO PEDESTRIANS INVOLVED,,A,21801A,,1.0,CYPRESS AV,DF,,,A,,,STEVENS CREEK BL,,,A,8/1/2024 2:24:16 PM,1/31/2025 12:25:58 PM,,,2,,,,,,,
3238561,2019-193230933,2,False,4313,11/19/2019 7:09:00 PM,1909,F5,1368,4313,San Jose,43,True,True,,,,Tuesday,,,,,False,False,True,,C,OTHER MOTOR VEHICLE,,1,0,CLOUDY,, NO UNUSUAL CONDITIONS - NO UNUSUAL CONDITIONS,, ,C,DARK-STREET LIGHTS,,,,,,,A,NO PEDESTRIANS INVOLVED,,A,21453A,,1.0,SAN CARLOS ST,WEST,,,A,,,LELAND AV,,,A,8/1/2024 2:24:15 PM,1/31/2025 12:25:58 PM,,,2,,,,,,,
3238556,2019-193220187,2,False,4313,11/18/2019 8:17:00 AM,817,X1,1368,4313,San Jose,43,True,True,A,HEAD-ON,,Monday,,,,,False,False,False,,G,BICYCLE,,1,0,,, NO UNUSUAL CONDITIONS - NO UNUSUAL CONDITIONS,, ,A,DAYLIGHT,37.15576,-121.51244,,,,,B,CROSSING IN CROSS WALK AT INTERSECTION,,A,21200,,1.0,NARVAEZ AV,SOUTH,,,A,,,BRANHAM LN,,,A,8/1/2024 2:24:15 PM,1/31/2025 12:25:58 PM,,,2,,,,,,,
3238553,2019-193220736,2,False,4313,11/18/2019 5:04:00 PM,1704,R1,1368,4313,San Jose,43,True,True,D,BROADSIDE,,Monday,,,,,False,False,True,,C,OTHER MOTOR VEHICLE,,1,0,CLEAR,, NO UNUSUAL CONDITIONS - NO UNUSUAL CONDITIONS,, ,B,DUSK-DAWN,,,,,,,A,NO PEDESTRIANS INVOLVED,,A,21801,,1.0,JUNCTION AV,ROBER,,,A,,,BRENNAN ST,,,D,8/1/2024 2:24:15 PM,1/31/2025 12:25:57 PM,,,2,,,,,,,
3238549,2019-193220713,2,False,4313,11/18/2019 4:41:00 PM,1641,M1,1368,4313,San Jose,43,True,True,G,VEHICLE/PEDESTRAIN,,Monday,,,,,False,False,False,,B,PEDESTRIAN,,1,0,CLEAR,, NO UNUSUAL CONDITIONS - NO UNUSUAL CONDITIONS,, ,A,DAYLIGHT,37.21524,-121.51408,,,,,,,,A,21950A,,1.0,LUDLOW WY,MARY,,,A,,,MCKEE RD,,,D,8/1/2024 2:24:14 PM,1/31/2025 12:25:57 PM,,,2,,,,,,,
3238530,2019-193280522,2,False,4313,11/24/2019 2:40:00 PM,1440,A3,1368,4313,San Jose,43,True,True,,,,Sunday,,,F,,False,False,False,,B,PEDESTRIAN,,1,0,CLEAR,, NO UNUSUAL CONDITIONS - NO UNUSUAL CONDITIONS,, ,A,DAYLIGHT,37.15327,-121.52343,,,,,D,CROSSING - NOT IN CROSSWALK,,A,21955,,1.0,CHERRY AV,ADAM,,,A,,,ALMADEN EXPWY,,,A,8/1/2024 2:24:12 PM,1/31/2025 12:25:56 PM,,,2,,,,,,,
3238522,2019-193300868,2,False,4313,11/26/2019 6:13:00 PM,1813,S4,1368,4313,San Jose,43,True,True,C,REAR END,,Tuesday,,,,,False,False,True,,E,PARKED MOTOR VEHICLE,,1,0,RAINING,, NO UNUSUAL CONDITIONS - NO UNUSUAL CONDITIONS,, ,C,DARK-STREET LIGHTS,37.1811,-121.53115,,,,,A,NO PEDESTRIANS INVOLVED,,A,22350A,,1.0,BIRD AV,SAM,,,B,,,PARKSIDE AV,,,D,8/1/2024 2:24:11 PM,1/31/2025 12:25:55 PM,,,2,,,,,,,
3238519,2019-193310593,2,False,4313,11/27/2019 3:20:00 PM,1520,Y4,1368,4313,San Jose,43,True,True,C,REAR END,,Wednesday,,,F,,False,False,True,,C,OTHER MOTOR VEHICLE,,1,0,RAINING,, NO UNUSUAL CONDITIONS - NO UNUSUAL CONDITIONS,, ,A,DAYLIGHT,,,,,,,A,NO PEDESTRIANS INVOLVED,,A,22350,,1.0,CURIE DR,SOUTH,,,B,,,WOOSLEY DR,,,A,8/1/2024 2:24:11 PM,1/31/2025 12:25:55 PM,,,2,,,,,,,
3238516,2019-193290585,2,False,4313,11/25/2019 1:25:00 PM,1325,R1,1368,4313,San Jose,43,True,True,C,REAR END,,Monday,,,F,,False,False,True,,C,OTHER MOTOR VEHICLE,,1,0,CLEAR,, NO UNUSUAL CONDITIONS - NO UNUSUAL CONDITIONS,, ,A,DAYLIGHT,,,,,,,A,NO PEDESTRIANS INVOLVED,,A,21703,,1.0,MONTAGUE EXPWY,ROBER,,,A,,,MCCARTHY BL,,,A,8/1/2024 2:24:10 PM,1/31/2025 12:25:55 PM,,,2,,,,,,,
3238511,2019-193240324,2,False,4313,11/20/2019 10:20:00 AM,1020,W3,1368,4313,San Jose,43,True,True,G,VEHICLE/PEDESTRAIN,,Wednesday,,,,,False,False,False,,B,PEDESTRIAN,,1,0,CLEAR,, NO UNUSUAL CONDITIONS - NO UNUSUAL CONDITIONS,, ,A,DAYLIGHT,37.23852,-121.50323,,,,,E,IN ROAD - INCLUDES SHOULDER,,A,22106,,1.0,KYLE ST,DW,,,A,,,KAWALKER LN,,,D,8/1/2024 2:24:10 PM,1/31/2025 12:25:54 PM,,,2,,,,,,,
3238433,2019-193140564,2,False,4313,11/10/2019 3:37:00 PM,1537,A2,1368,4313,San Jose,43,True,True,D,BROADSIDE,,Sunday,,,F,,False,False,True,,C,OTHER MOTOR VEHICLE,,1,0,CLEAR,, NO UNUSUAL CONDITIONS - NO UNUSUAL CONDITIONS,, ,A,DAYLIGHT,37.14454,-121.53156,,,,,A,NO PEDESTRIANS INVOLVED,,A,21801A,,1.0,KOOSER RD,SOUTH,,,A,W,231.0,DELLWOOD WY,F,,D,8/1/2024 2:24:02 PM,1/31/2025 12:25:49 PM,,,2,,,,,,,
3238116,2019-193100230,2,False,4313,11/6/2019 9:12:00 AM,912,L5,1368,4313,San Jose,43,True,True,C,REAR END,,Wednesday,,,,,False,False,True,,C,OTHER MOTOR VEHICLE,,2,0,CLEAR,, NO UNUSUAL CONDITIONS - NO UNUSUAL CONDITIONS,, ,A,DAYLIGHT,37.17364,-121.49594,,,,,A,NO PEDESTRIANS INVOLVED,,A,22350,,1.0,E CAPITOL EXPWY,WESTE,,,A,,,SENTER RD,,,A,8/1/2024 2:23:31 PM,1/31/2025 12:25:29 PM,,,2,,,,,,,
3238113,2019-193250959,2,False,4313,11/21/2019 8:00:00 PM,2000,F3,1368,4313,San Jose,43,True,True,A,HEAD-ON,,Thursday,,,,,False,False,True,,B,PEDESTRIAN,,2,0,CLEAR,, NO UNUSUAL CONDITIONS - NO UNUSUAL CONDITIONS,, ,C,DARK-STREET LIGHTS,,,,,,,B,CROSSING IN CROSS WALK AT INTERSECTION,,A,21950B,,1.0,THE ALAMEDA,FRANK,,,A,,,W HEDDING ST,,,A,8/1/2024 2:23:28 PM,1/31/2025 12:25:29 PM,,,2,,,,,,,
3238110,2019-193100443,2,False,4313,11/6/2019 11:56:00 AM,1156,N3,1368,4313,San Jose,43,True,True,B,SIDE SWIPE,,Wednesday,,,,,False,False,False,,I,FIXED OBJECT,,1,0,CLEAR,, NO UNUSUAL CONDITIONS - NO UNUSUAL CONDITIONS,, ,A,DAYLIGHT,37.18516,-121.58363,,,,,A,NO PEDESTRIANS INVOLVED,,A,22107,,1.0,SARATOGA AV,DN,,,A,,,BLACKFORD AV,,,A,8/1/2024 2:23:28 PM,1/31/2025 12:25:28 PM,,,2,,,,,,,
3238108,2019-193240223,2,False,4313,11/20/2019 8:50:00 AM,850,R1,1368,4313,San Jose,43,True,True,C,REAR END,,Wednesday,,,F,,False,False,False,,C,OTHER MOTOR VEHICLE,,1,0,CLEAR,, NO UNUSUAL CONDITIONS - NO UNUSUAL CONDITIONS,, ,A,DAYLIGHT,37.24589,-121.57213,,,,,A,NO PEDESTRIANS INVOLVED,,A,22350A,,1.0,N 1ST ST,ROBER,,,A,,,HOLGER WY,,,A,8/1/2024 2:23:28 PM,1/31/2025 12:25:28 PM,,,2,,,,,,,
3238106,2019-193221063,2,False,4313,11/18/2019 11:46:00 PM,2346,Y1,1368,4313,San Jose,43,True,True,C,REAR END,,Monday,,,F,,False,False,True,,C,OTHER MOTOR VEHICLE,,1,0,CLEAR,, NO UNUSUAL CONDITIONS - NO UNUSUAL CONDITIONS,, ,C,DARK-STREET LIGHTS,37.14527,-121.5133,,,,,A,NO PEDESTRIANS INVOLVED,,A,22350,,1.0,STEINBECK DR,YELLO,,,A,S,15.0,SANTA TERESA BL,F,,D,8/1/2024 2:23:28 PM,1/31/2025 12:25:28 PM,,,2,,,,,,,
3238105,2019-193090977,2,False,4313,11/5/2019 7:21:00 PM,1921,C1,1368,4313,San Jose,43,True,True,D,BROADSIDE,,Tuesday,,,,,False,True,False,,G,BICYCLE,,1,0,CLEAR,, ,, ,C,DARK-STREET LIGHTS,37.20343,-121.50451,,,,,A,NO PEDESTRIANS INVOLVED,,A,21650,,1.0,S KING RD,DC,,,A,,,RT 680,,,A,8/1/2024 2:23:28 PM,1/31/2025 12:25:28 PM,,,2,,,,,,,
3238102,2019-193171013,2,False,4313,11/13/2019 8:02:00 PM,2002,L1,1368,4313,San Jose,43,True,True,C,REAR END,,Wednesday,,,,,False,False,False,,C,OTHER MOTOR VEHICLE,,2,0,CLEAR,, NO UNUSUAL CONDITIONS - NO UNUSUAL CONDITIONS,, ,C,DARK-STREET LIGHTS,,,,,,,A,NO PEDESTRIANS INVOLVED,,A,23153,,1.0,KEYS ST,WESTE,,,A,,,5TH ST,,,D,8/1/2024 2:23:27 PM,1/31/2025 12:25:28 PM,,,2,,,,,,,
3238101,2019-193261059,2,False,4313,11/22/2019 11:49:00 PM,2349,P6,1368,4313,San Jose,43,True,True,B,SIDE SWIPE,,Friday,,,F,,False,False,False,,C,OTHER MOTOR VEHICLE,,1,0,CLEAR,, NO UNUSUAL CONDITIONS - NO UNUSUAL CONDITIONS,, ,C,DARK-STREET LIGHTS,37.17276,-121.45549,,,,,A,NO PEDESTRIANS INVOLVED,,A,21658,,1.0,SAN FELIPE RD,FOOTH,,,A,,,THE VILLAGES PKWY,,,D,8/1/2024 2:23:27 PM,1/31/2025 12:25:28 PM,,,2,,,,,,,
3238098,2019-193280185,2,False,4313,11/24/2019 5:48:00 AM,548,C3,1368,4313,San Jose,43,True,True,B,SIDE SWIPE,,Sunday,,,F,,False,False,False,,B,PEDESTRIAN,,1,0,CLEAR,, NO UNUSUAL CONDITIONS - NO UNUSUAL CONDITIONS,, ,C,DARK-STREET LIGHTS,37.20372,-121.50151,,,,,D,CROSSING - NOT IN CROSSWALK,,A,21955,,,STORY RD,FOOTH,,,A,,,HOPKINS DR,,,A,8/1/2024 2:23:27 PM,1/31/2025 12:25:27 PM,,,2,,,,,,,
3238097,2019-193250862,2,False,4313,11/21/2019 6:26:00 PM,1826,L3,1368,4313,San Jose,43,True,True,A,HEAD-ON,,Thursday,,,,,False,False,True,,B,PEDESTRIAN,,2,0,CLEAR,, NO UNUSUAL CONDITIONS - NO UNUSUAL CONDITIONS,, ,C,DARK-STREET LIGHTS,,,,,,,,,,A,21955,,1.0,TULLY RD,LINCO,,,A,W,12.0,LIGHT POLE #140153,F,,D,8/1/2024 2:23:27 PM,1/31/2025 12:25:27 PM,,,2,,,,,,,
3238094,2019 - 193090665,2,False,4313,11/5/2019 3:00:00 PM,1500,A5,1368,4313,San Jose,43,True,True,D,BROADSIDE,,Tuesday,,,,,False,False,False,,G,BICYCLE,,1,0,CLEAR,, NO UNUSUAL CONDITIONS - NO UNUSUAL CONDITIONS,, ,A,DAYLIGHT,37.13125,-121.53737,,,,,,,,D,,,,CAMDEN AV,SOUTH,,,A,E,21.0,SKYFARM DR,F,,D,8/1/2024 2:23:26 PM,1/31/2025 12:25:27 PM,,,2,,,,,,,
3238092,2019-193110703,2,False,4313,11/7/2019 2:52:00 PM,1452,F1,1368,4313,San Jose,43,True,True,,,,Thursday,,,,,False,False,False,,G,BICYCLE,,1,0,CLEAR,, NO UNUSUAL CONDITIONS - NO UNUSUAL CONDITIONS,, ,A,DAYLIGHT,,,,,,,A,NO PEDESTRIANS INVOLVED,,A,21801A,,1.0,BAYWOOD AV,DF,,,A,,,MOORPARK AV,,,A,8/1/2024 2:23:26 PM,1/31/2025 12:25:27 PM,,,2,,,,,,,
3238090,2019-193080832,2,False,4313,11/4/2019 6:08:00 PM,1808,L4,1368,4313,San Jose,43,True,True,C,REAR END,,Monday,,,,,False,False,False,,C,OTHER MOTOR VEHICLE,,2,0,CLEAR,, NO UNUSUAL CONDITIONS - NO UNUSUAL CONDITIONS,, ,C,DARK-STREET LIGHTS,37.1741,-121.51861,,,,,A,NO PEDESTRIANS INVOLVED,,A,22350,,1.0,MONTEREY RD,WESTE,,,A,,,UMBARGER RD,,,A,8/1/2024 2:23:26 PM,1/31/2025 12:25:27 PM,,,2,,,,,,,
3238089,2019-193110481,2,False,4313,11/7/2019 11:35:00 AM,1135,N6,1368,4313,San Jose,43,True,True,D,BROADSIDE,,Thursday,,,,,False,False,False,,B,PEDESTRIAN,,1,0,CLEAR,, NO UNUSUAL CONDITIONS - NO UNUSUAL CONDITIONS,, ,A,DAYLIGHT,,,,,,,E,IN ROAD - INCLUDES SHOULDER,,A,22107,,1.0,PROSPECT RD,CENTR,,,A,,,PROSPECT RD 5297,,,D,8/1/2024 2:23:26 PM,1/31/2025 12:25:27 PM,,,2,,,,,,,
3238085,2019-193091070,2,False,4313,11/5/2019 9:04:00 PM,2104,K1,1368,4313,San Jose,43,True,True,C,REAR END,,Tuesday,,,,,False,False,True,,E,PARKED MOTOR VEHICLE,,3,0,CLEAR,, NO UNUSUAL CONDITIONS - NO UNUSUAL CONDITIONS,, ,C,DARK-STREET LIGHTS,37.20371,-121.52595,,,,,A,NO PEDESTRIANS INVOLVED,,A,23350,,1.0,N 10TH ST,KING,,,A,S,120.0,E ST JAMES ST,F,,A,8/1/2024 2:23:26 PM,1/31/2025 12:25:27 PM,,,2,,,,,,,
3238081,2019-193090895,2,False,4313,11/5/2019 6:10:00 PM,1810,S2,1368,4313,San Jose,43,True,True,D,BROADSIDE,,Tuesday,,,,,False,False,True,,,,,1,0,CLEAR,, ,, ,C,DARK-STREET LIGHTS,37.17532,-121.54487,,,,,A,NO PEDESTRIANS INVOLVED,,A,21804,,1.0,MERIDIAN AV,WESTE,,,A,,,BLACKFORD LN,,,,8/1/2024 2:23:25 PM,1/31/2025 12:25:26 PM,,,2,,,,,,,
3238080,2019-193080753,2,False,4313,11/4/2019 5:16:00 PM,1716,K6,1368,4313,San Jose,43,True,True,C,REAR END,,Monday,,,,,False,False,True,,C,OTHER MOTOR VEHICLE,,1,0,CLEAR,, NO UNUSUAL CONDITIONS - NO UNUSUAL CONDITIONS,, ,B,DUSK-DAWN,,,,,,,A,NO PEDESTRIANS INVOLVED,,A,22350,,1.0,S 10TH ST,KING,,,A,S,262.0,MARGARET ST,F,,D,8/1/2024 2:23:25 PM,1/31/2025 12:25:27 PM,,,2,,,,,,,
3238073,2019-193080604,2,False,4313,11/4/2019 2:54:00 PM,1454,3,1368,4313,San Jose,43,True,True,C,REAR END,,Monday,,,,,False,False,False,,C,OTHER MOTOR VEHICLE,,0,0,CLEAR,, NO UNUSUAL CONDITIONS - NO UNUSUAL CONDITIONS,, ,A,DAYLIGHT,37.19127,-121.53512,,,,,A,NO PEDESTRIANS INVOLVED,,A,22350,,1.0,BIRD AV,SAM,,,A,,,W VIRGINIA ST,,,A,8/1/2024 2:23:24 PM,1/31/2025 12:25:26 PM,,,2,,,,,,,
3238070,2019-193080806,2,False,4313,11/4/2019 5:49:00 PM,1749,4,1368,4313,San Jose,43,True,True,D,BROADSIDE,,Monday,,,,,False,False,False,,G,BICYCLE,,1,0,CLEAR,, NO UNUSUAL CONDITIONS - NO UNUSUAL CONDITIONS,, ,C,DARK-STREET LIGHTS,,,,,,,A,NO PEDESTRIANS INVOLVED,,D,,,,PARK AV,FRANK,,,A,,,S MORRISON AV,,,D,8/1/2024 2:23:24 PM,1/31/2025 12:25:26 PM,,,2,,,,,,,
3238065,2019-193070576,2,False,4313,11/3/2019 3:36:00 PM,1536,M3,1368,4313,San Jose,43,True,True,G,VEHICLE/PEDESTRAIN,,Sunday,,,,,False,False,False,,B,PEDESTRIAN,,1,0,CLEAR,, NO UNUSUAL CONDITIONS - NO UNUSUAL CONDITIONS,, ,A,DAYLIGHT,,,,,,,B,CROSSING IN CROSS WALK AT INTERSECTION,,A,21453D,,1.0,ALUM ROCK AV,FOOTH,,,A,,,N 33RD ST,,,A,8/1/2024 2:23:24 PM,1/31/2025 12:25:25 PM,,,2,,,,,,,
3238060,2019-193080132,2,False,4313,11/4/2019 5:30:00 AM,530,3,1368,4313,San Jose,43,True,True,A,HEAD-ON,,Monday,,,,,False,False,False,,B,PEDESTRIAN,,1,0,CLEAR,, NO UNUSUAL CONDITIONS - NO UNUSUAL CONDITIONS,, ,C,DARK-STREET LIGHTS,37.18336,-121.50566,,,,,B,CROSSING IN CROSS WALK AT INTERSECTION,,A,21950,,1.0,QUINN AV,LINCO,,,A,,,SENTER RD,,,,8/1/2024 2:23:23 PM,1/31/2025 12:25:25 PM,,,2,,,,,,,
3238058,2019-193070776,2,False,4313,11/3/2019 6:54:00 PM,1854,M4,1368,4313,San Jose,43,True,True,H,OTHER,,Sunday,,,,,False,False,True,,C,OTHER MOTOR VEHICLE,,3,0,CLEAR,, NO UNUSUAL CONDITIONS - NO UNUSUAL CONDITIONS,, ,C,DARK-STREET LIGHTS,37.21593,-121.5056,,,,,A,NO PEDESTRIANS INVOLVED,,A,22107,,1.0,E SAN ANTONIO ST,FOOTH,,,A,,,MCCREERY AV,,,D,8/1/2024 2:23:23 PM,1/31/2025 12:25:25 PM,,,2,,,,,,,
3238054,2019-193070070,2,False,4313,11/3/2019 1:13:00 AM,113,5,1368,4313,San Jose,43,True,True,A,HEAD-ON,,Sunday,,,,,False,False,True,,I,FIXED OBJECT,,1,0,CLEAR,, ,, ,D,DARK-NO STREET LIGHTS,,,,,,,,,,A,22350,,1.0,SENTER RD,LINCO,,,A,,,INDEPENDENCE DR,,,D,8/1/2024 2:23:22 PM,1/31/2025 12:25:24 PM,,,2,,,,,,,
3238052,2019-193280527,2,False,4313,11/24/2019 2:52:00 PM,1452,5,1368,4313,San Jose,43,True,True,D,BROADSIDE,,Sunday,,,,,False,False,True,,C,OTHER MOTOR VEHICLE,,1,0,CLEAR,, NO UNUSUAL CONDITIONS - NO UNUSUAL CONDITIONS,, ,A,DAYLIGHT,,,,,,,A,NO PEDESTRIANS INVOLVED,,A,22450A,,1.0,CAMDEN AV,ADAM,,,A,,,CAMELIA DR,,,A,8/1/2024 2:23:22 PM,1/31/2025 12:25:24 PM,,,2,,,,,,,
3238047,2019-193110444,2,False,4313,11/7/2019 11:14:00 AM,1114,3,1368,4313,San Jose,43,True,True,C,REAR END,,Thursday,,,,,False,False,True,,C,OTHER MOTOR VEHICLE,,3,0,CLEAR,, NO UNUSUAL CONDITIONS - NO UNUSUAL CONDITIONS,, ,A,DAYLIGHT,,,,,,,A,NO PEDESTRIANS INVOLVED,,A,22350,,1.0,N BASCOM AV,FRANK,,,A,,,UNIVERSITY AV,,,D,8/1/2024 2:23:22 PM,1/31/2025 12:25:24 PM,,,2,,,,,,,