Collision Id,	Report Number,	Report Version,	Is Preliminary,	NCIC Code,Crash Date Time,	Crash Time Description,	Beat,City Id,	City Code,	City Name,County Code,	City Is Active,	City Is Incorporated,	Collision Type Code,Collision Type Description,	Collision Type Other Desc,	Day Of Week,	DispatchNotified,	HasPhotographs,	HitRun,	IsAttachmentsMailed,	IsDeleted,	IsHighwayRelated,	IsTowAway,	JudicialDistrict,	MotorVehicleInvolvedWithCode,	MotorVehicleInvolvedWithDesc,MotorVehicleInvolvedWithOtherDesc,	NumberInjured,	NumberKilled,Weather 1, Weather 2, Road Condition 1, Road Condition 2, Special Condition,LightingCode, LightingDescription,Latitude,Longitude,MilepostDirection,MilepostDistance,MilepostMarker,MilepostUnitOfMeasure,	PedestrianActionCode,PedestrianActionDesc,PreparedDate,	Primary Collision Factor Code,Primary Collision Factor Violation,PrimaryCollisionFactorIsCited,	PrimaryCollisionPartyNumber,	PrimaryRoad,	ReportingDistrict,	ReportingDistrictCode,ReviewedDate,	RoadwaySurfaceCode,SecondaryDirection,	SecondaryDistance,	SecondaryRoad,	SecondaryUnitOfMeasure,	SketchDesc,	TrafficControlDeviceCode,CreatedDate,	ModifiedDate,IsCountyRoad,IsFreeway,CHP555Version,	IsAdditonalObjectStruck,NotificationDate,	NotificationTimeDescription,	HasDigitalMediaFiles,	EvidenceNumber,	IsLocationReferToNarrative,	IsAOIOneSameAsLocation
3233060,2019-193110095,2,False,4313,11/7/2019 3:07:00 AM,307,F3,1368,4313,San Jose,43,True,True,B,SIDE SWIPE,,Thursday,,,,,False,False,True,,E,PARKED MOTOR VEHICLE,,1,0,CLEAR,, NO UNUSUAL CONDITIONS - NO UNUSUAL CONDITIONS,, ,C,DARK-STREET LIGHTS,,,,,,,A,NO PEDESTRIANS INVOLVED,,A,22107,,1.0,W SAN CARLOS ST,,,,A,,,TOPEKA AV,,,D,8/1/2024 2:15:39 PM,1/31/2025 12:19:51 PM,,,2,,,,,,,
3233056,2019-1931109006,2,False,4313,11/7/2019 6:50:00 PM,1850,N4,1368,4313,San Jose,43,True,True,,,,Thursday,,,,,False,False,True,,D,MOTOR VEHICLE ON OTHER ROADWAY,,1,0,CLEAR,, NO UNUSUAL CONDITIONS - NO UNUSUAL CONDITIONS,, ,C,DARK-STREET LIGHTS,,,,,,,A,NO PEDESTRIANS INVOLVED,,A,21801A,,1.0,SARATOGA AV,WESTE,,,A,,,PIPER DR,,,A,8/1/2024 2:15:39 PM,1/31/2025 12:19:51 PM,,,2,,,,,,,
3233044,2019-192630547,2,False,4313,9/20/2019 3:18:00 PM,1518,5,1368,4313,San Jose,43,True,True,A,HEAD-ON,,Friday,,,,,False,False,True,,C,OTHER MOTOR VEHICLE,,2,0,CLEAR,, NO UNUSUAL CONDITIONS - NO UNUSUAL CONDITIONS,, ,A,DAYLIGHT,37.16274,-121.52573,,,,,A,NO PEDESTRIANS INVOLVED,,A,21800A,,1.0,GARDENDALE DR,TOM,,,A,,,HILLSDALE AV,,,D,8/1/2024 2:15:37 PM,1/31/2025 12:19:50 PM,,,2,,,,,,,
3232761,2019-192920258,2,False,4313,10/19/2019 9:57:00 AM,957,N3,1368,4313,San Jose,43,True,True,C,REAR END,,Saturday,,,,,False,False,False,,C,OTHER MOTOR VEHICLE,,1,0,CLEAR,, NO UNUSUAL CONDITIONS - NO UNUSUAL CONDITIONS,, ,A,DAYLIGHT,,,,,,,A,NO PEDESTRIANS INVOLVED,,A,22350,,1.0,MOORPARK AV,DN,,,A,,,SARATOGA AV,,,A,8/1/2024 2:15:14 PM,1/31/2025 12:19:31 PM,,,2,,,,,,,
3232750,2019-193021017,2,False,4313,10/29/2019 10:20:00 PM,2220,S6,1368,4313,San Jose,43,True,True,C,REAR END,,Tuesday,,,,,False,False,False,,C,OTHER MOTOR VEHICLE,,3,0,CLEAR,, NO UNUSUAL CONDITIONS - NO UNUSUAL CONDITIONS,, ,C,DARK-STREET LIGHTS,,,,,,,A,NO PEDESTRIANS INVOLVED,,A,22350,,1.0,BIRD AV,S6,,,A,,,HULET ST,,,A,8/1/2024 2:15:13 PM,1/31/2025 12:19:31 PM,,,2,,,,,,,
3232746,2019-192870729,2,False,4313,10/14/2019 6:31:00 PM,1831,3,1368,4313,San Jose,43,True,True,D,BROADSIDE,,Monday,,,,,False,False,False,,C,OTHER MOTOR VEHICLE,,1,0,CLEAR,, NO UNUSUAL CONDITIONS - NO UNUSUAL CONDITIONS,, ,C,DARK-STREET LIGHTS,,,,,,,A,NO PEDESTRIANS INVOLVED,,A,21453A,,1.0,N 11TH ST,KING,,,A,,,E SANTA CLARA ST,,,A,8/1/2024 2:15:13 PM,1/31/2025 12:19:31 PM,,,2,,,,,,,
3232741,2019-192960343,2,False,4313,10/23/2019 12:00:00 AM,0,L4,1368,4313,San Jose,43,True,True,G,VEHICLE/PEDESTRAIN,,Wednesday,,,,,False,False,False,,B,PEDESTRIAN,,1,0,OTHER,, NO UNUSUAL CONDITIONS - NO UNUSUAL CONDITIONS,, ,C,DARK-STREET LIGHTS,,,,,,,F,NOT IN ROAD,,A,21952,,1.0,ALMADEN AV,LINCO,,,A,,,ALMA AV,,,D,8/1/2024 2:15:12 PM,1/31/2025 12:19:30 PM,,,2,,,,,,,
3232739,2019-192910779,2,False,4313,10/18/2019 5:20:00 PM,1720,N5,1368,4313,San Jose,43,True,True,C,REAR END,,Friday,,,F,,False,False,False,,C,OTHER MOTOR VEHICLE,,1,0,CLOUDY,, NO UNUSUAL CONDITIONS - NO UNUSUAL CONDITIONS,, ,A,DAYLIGHT,,,,,,,A,NO PEDESTRIANS INVOLVED,,A,22350,,1.0,PAYNE AV,WESTE,,,A,E,120.0,ESSEX WY,F,,A,8/1/2024 2:15:12 PM,1/31/2025 12:19:30 PM,,,2,,,,,,,
3232674,2019-193230984,2,False,4313,11/19/2019 8:48:00 PM,2048,W2,1368,4313,San Jose,43,True,True,D,BROADSIDE,,Tuesday,,,,,False,False,True,,C,OTHER MOTOR VEHICLE,,1,0,CLEAR,, NO UNUSUAL CONDITIONS - NO UNUSUAL CONDITIONS,, ,C,DARK-STREET LIGHTS,,,,,,,A,NO PEDESTRIANS INVOLVED,,A,22107,,1.0,BERRYESSA RD,FOOTH,,,A,W,350.0,MORRILL AV,F,,D,8/1/2024 2:15:06 PM,1/31/2025 12:19:26 PM,,,2,,,,,,,
3232671,2019-193220746,2,False,4313,11/18/2019 5:13:00 PM,1713,P4,1368,4313,San Jose,43,True,True,D,BROADSIDE,,Monday,,,,,False,False,False,,C,OTHER MOTOR VEHICLE,,1,0,CLEAR,, NO UNUSUAL CONDITIONS - NO UNUSUAL CONDITIONS,, ,D,DARK-NO STREET LIGHTS,,,,,,,A,NO PEDESTRIANS INVOLVED,,A,21802A,,1.0,NIEMAN BL,FOOTH,,,A,,,DANIEL MALONEY DR,,,A,8/1/2024 2:15:06 PM,1/31/2025 12:19:26 PM,,,2,,,,,,,
3232670,2019-192850417,2,False,4313,10/12/2019 11:40:00 AM,1140,F5,1368,4313,San Jose,43,True,True,D,BROADSIDE,,Saturday,,,,,False,False,True,,C,OTHER MOTOR VEHICLE,,1,0,CLEAR,, NO UNUSUAL CONDITIONS - NO UNUSUAL CONDITIONS,, ,A,DAYLIGHT,,,,,,,A,NO PEDESTRIANS INVOLVED,,A,21801A,,1.0,MERIDIAN AV,DF,,,A,,,DOUGLAS ST,,,D,8/1/2024 2:15:06 PM,1/31/2025 12:19:26 PM,,,2,,,,,,,
3232668,2019-192840242,2,False,4313,10/11/2019 8:39:00 AM,839,P4,1368,4313,San Jose,43,True,True,C,REAR END,,Friday,,,,,False,False,True,,C,OTHER MOTOR VEHICLE,,1,0,CLEAR,, NO UNUSUAL CONDITIONS - NO UNUSUAL CONDITIONS,, ,A,DAYLIGHT,,,,,,,A,NO PEDESTRIANS INVOLVED,,A,22350,,1.0,CAPITOL EXPWY,FOOTH,,,A,,,SILVER CREEK RD,,,A,8/1/2024 2:15:05 PM,1/31/2025 12:19:26 PM,,,2,,,,,,,
3232667,2019-193090749,2,False,4313,11/5/2019 4:27:00 PM,1627,2,1368,4313,San Jose,43,True,True,A,HEAD-ON,,Tuesday,,,F,,False,False,True,,C,OTHER MOTOR VEHICLE,,2,0,CLEAR,, NO UNUSUAL CONDITIONS - NO UNUSUAL CONDITIONS,, ,B,DUSK-DAWN,,,,,,,A,NO PEDESTRIANS INVOLVED,,A,21801A,,1.0,STORY RD,LINCO,,,A,,,ROBERTS AV,,,A,8/1/2024 2:15:05 PM,1/31/2025 12:19:26 PM,,,2,,,,,,,
3232664,2019-192910591,2,False,4313,10/18/2019 2:16:00 PM,1416,3,1368,4313,San Jose,43,True,True,G,VEHICLE/PEDESTRAIN,,Friday,,,,,False,False,False,,G,BICYCLE,,1,0,CLEAR,, NO UNUSUAL CONDITIONS - NO UNUSUAL CONDITIONS,, ,A,DAYLIGHT,37.19127,-121.53512,,,,,D,CROSSING - NOT IN CROSSWALK,,A,22100A,,1.0,BIRD AV,SAM,,,A,,,W VIRGINIA ST,,,A,8/1/2024 2:15:05 PM,1/31/2025 12:19:25 PM,,,2,,,,,,,
3232663,2019-193150532,2,False,4313,11/11/2019 3:00:00 PM,1500,L6,1368,4313,San Jose,43,True,True,C,REAR END,,Monday,,,F,,False,False,False,,C,OTHER MOTOR VEHICLE,,2,0,CLEAR,, NO UNUSUAL CONDITIONS - NO UNUSUAL CONDITIONS,, ,A,DAYLIGHT,,,,,,,A,NO PEDESTRIANS INVOLVED,,A,22350,,1.0,CURTNER,LINCO,,,A,W,15.0,MONTEREY HWY,F,,A,8/1/2024 2:15:05 PM,1/31/2025 12:19:25 PM,,,2,,,,,,,
3232661,2019-192821092,2,False,4313,10/9/2019 10:48:00 PM,2248,M5,1368,4313,San Jose,43,True,True,D,BROADSIDE,,Wednesday,,,,,False,False,True,,F,TRAIN,,1,0,CLEAR,, NO UNUSUAL CONDITIONS - NO UNUSUAL CONDITIONS,, ,C,DARK-STREET LIGHTS,37.21568,-121.50191,,,,,A,NO PEDESTRIANS INVOLVED,,A,22100,,1.0,N CAPITOL AV,FOOTH,,,A,,,MADDEN AV,,,A,8/1/2024 2:15:04 PM,1/31/2025 12:19:25 PM,,,2,,,,,,,
3232659,2019-193050788,2,False,4313,11/1/2019 5:37:00 PM,1737,3,1368,4313,San Jose,43,True,True,B,SIDE SWIPE,,Friday,,,,,False,False,True,,C,OTHER MOTOR VEHICLE,,1,0,CLEAR,, NO UNUSUAL CONDITIONS - NO UNUSUAL CONDITIONS,, ,A,DAYLIGHT,37.18573,-121.50358,,,,,A,NO PEDESTRIANS INVOLVED,,A,21801A,,1.0,LUCRETIA AV,LINCO,,,A,,,SUMMERSIDE DR,,,A,8/1/2024 2:15:04 PM,1/31/2025 12:19:25 PM,,,2,,,,,,,
3232657,2019-192811199,2,False,4313,10/8/2019 9:12:00 PM,2112,W1,1368,4313,San Jose,43,True,True,A,HEAD-ON,,Tuesday,,,,,False,False,True,,C,OTHER MOTOR VEHICLE,,1,0,CLEAR,, NO UNUSUAL CONDITIONS - NO UNUSUAL CONDITIONS,, ,C,DARK-STREET LIGHTS,37.24531,-121.51316,,,,,A,NO PEDESTRIANS INVOLVED,,A,22350,,1.0,CROPLEY AV,FOOTH,,,A,W,91.0,MINTO DR,F,,A,8/1/2024 2:15:04 PM,1/31/2025 12:19:25 PM,,,2,,,,,,,
3232655,2019-193050833,2,False,4313,11/1/2019 6:10:00 PM,1810,F5,1368,4313,San Jose,43,True,True,D,BROADSIDE,,Friday,,,,,False,False,True,,C,OTHER MOTOR VEHICLE,,2,0,CLEAR,, NO UNUSUAL CONDITIONS - NO UNUSUAL CONDITIONS,, ,A,DAYLIGHT,37.19165,-121.5583,,,,,A,NO PEDESTRIANS INVOLVED,,A,21804,,1.0,S BUENA VISTA AV,WESTE,,,A,S,471.0,W SAN CARLOS,F,,D,8/1/2024 2:15:04 PM,1/31/2025 12:19:25 PM,,,2,,,,,,,
3232653,2019-192890938,2,False,4313,10/16/2019 5:56:00 PM,1756,K5,1368,4313,San Jose,43,True,True,G,VEHICLE/PEDESTRAIN,,Wednesday,,,,,False,False,False,,B,PEDESTRIAN,,1,0,CLEAR,, NO UNUSUAL CONDITIONS - NO UNUSUAL CONDITIONS,, ,B,DUSK-DAWN,,,,,,,F,NOT IN ROAD,,A,22106,,1.0,JEANNE AV,CENTR,,,A,,,MELBOURNE BL,,,D,8/1/2024 2:15:04 PM,1/31/2025 12:19:25 PM,,,2,,,,,,,
3232652,2019-193050178,2,False,4313,11/1/2019 7:15:00 AM,715,L5,1368,4313,San Jose,43,True,True,C,REAR END,,Friday,,,,,False,False,True,,C,OTHER MOTOR VEHICLE,,1,0,CLEAR,, NO UNUSUAL CONDITIONS - NO UNUSUAL CONDITIONS,, ,A,DAYLIGHT,,,,,,,A,NO PEDESTRIANS INVOLVED,,A,22350,,1.0,SENTER RD,LINCO,,,A,,,BALTIC WY,,,A,8/1/2024 2:15:04 PM,1/31/2025 12:19:25 PM,,,2,,,,,,,
3232649,2019-192910514,2,False,4313,10/18/2019 12:42:00 PM,1242,N3,1368,4313,San Jose,43,True,True,C,REAR END,,Friday,,,,,False,False,True,,C,OTHER MOTOR VEHICLE,,1,0,CLEAR,, NO UNUSUAL CONDITIONS - NO UNUSUAL CONDITIONS,, ,A,DAYLIGHT,,,,,,,A,NO PEDESTRIANS INVOLVED,,A,22350,,1.0,LAWRENCE EXPWY,WESTE,,,A,,,MOORPARK AV,,,A,8/1/2024 2:15:03 PM,1/31/2025 12:19:24 PM,,,2,,,,,,,
3232648,2019-193050163,2,False,4313,11/1/2019 6:34:00 AM,634,5,1368,4313,San Jose,43,True,True,C,REAR END,,Friday,,,,,False,False,True,,C,OTHER MOTOR VEHICLE,,1,0,CLEAR,, NO UNUSUAL CONDITIONS - NO UNUSUAL CONDITIONS,, ,B,DUSK-DAWN,37.17299,-121.50291,,,,,A,NO PEDESTRIANS INVOLVED,,A,22107,,1.0,MONTEREY RD,LINCO,,,A,,,FEHREN DR,,,A,8/1/2024 2:15:03 PM,1/31/2025 12:19:24 PM,,,2,,,,,,,
3232647,2019-192900163,2,False,4313,10/17/2019 7:20:00 AM,720,X4,1368,4313,San Jose,43,True,True,E,HIT OBJECT,,Thursday,,,,,False,False,True,,I,FIXED OBJECT,,2,0,CLOUDY,, NO UNUSUAL CONDITIONS - NO UNUSUAL CONDITIONS,, ,A,DAYLIGHT,,,,,,,A,NO PEDESTRIANS INVOLVED,,A,22350A,,1.0,SADDLE BROOK DR,XRAY,,,B,,,BRANHAM LN,,,D,8/1/2024 2:15:03 PM,1/31/2025 12:19:24 PM,,,2,,,,,,,
3232644,2019-193050326,2,False,4313,11/1/2019 10:01:00 AM,1001,L4,1368,4313,San Jose,43,True,True,D,BROADSIDE,,Friday,,,,,False,False,False,,G,BICYCLE,,1,0,CLEAR,, NO UNUSUAL CONDITIONS - NO UNUSUAL CONDITIONS,, ,A,DAYLIGHT,,,,,,,,,,A,216501,,1.0,MONTEREY RD,LINCO,,,A,S,6.0,STAUFFER BL,F,,A,8/1/2024 2:15:03 PM,1/31/2025 12:19:24 PM,,,2,,,,,,,
3232642,2019-193060164,2,False,4313,11/2/2019 5:54:00 AM,554,L1,1368,4313,San Jose,43,True,True,A,HEAD-ON,,Saturday,,,,,False,False,True,,,,,2,0,CLEAR,, NO UNUSUAL CONDITIONS - NO UNUSUAL CONDITIONS,, ,E,DARK-STREET LIGHTS NOT FUNCTIONING*,37.19328,-121.51561,,,,,A,NO PEDESTRIANS INVOLVED,,A,22107,,1.0,SENTER RD,LINCO,,,A,,,KEYES ST,,,A,8/1/2024 2:15:03 PM,1/31/2025 12:19:24 PM,,,2,,,,,,,
3232641,2019-192891036,2,False,4313,10/16/2019 7:28:00 PM,1928,S4,1368,4313,San Jose,43,True,True,B,SIDE SWIPE,,Wednesday,,,,,False,False,True,,C,OTHER MOTOR VEHICLE,,1,0,CLEAR,, NO UNUSUAL CONDITIONS - NO UNUSUAL CONDITIONS,, ,C,DARK-STREET LIGHTS,,,,,,,A,NO PEDESTRIANS INVOLVED,,A,22107,,1.0,HICKS AV,DS,,,A,,,BROOKDALE DR,,,D,8/1/2024 2:15:03 PM,1/31/2025 12:19:24 PM,,,2,,,,,,,
3232638,2019-192910643,2,False,4313,10/18/2019 3:29:00 PM,1529,F3,1368,4313,San Jose,43,True,True,D,BROADSIDE,,Friday,,,,,False,False,True,,C,OTHER MOTOR VEHICLE,,1,0,CLEAR,, NO UNUSUAL CONDITIONS - NO UNUSUAL CONDITIONS,, ,A,DAYLIGHT,,,,,,,A,NO PEDESTRIANS INVOLVED,,A,22197,,1.0,FOREST AV,FRANK,,,A,,,BELLEROSE DR,,,D,8/1/2024 2:15:02 PM,1/31/2025 12:19:24 PM,,,2,,,,,,,
3232637,2019-193060939,2,False,4313,11/2/2019 10:13:00 PM,2213,S3,1368,4313,San Jose,43,True,True,E,HIT OBJECT,,Saturday,,,,,False,False,True,,I,FIXED OBJECT,,1,0,CLEAR,, NO UNUSUAL CONDITIONS - NO UNUSUAL CONDITIONS,, ,C,DARK-STREET LIGHTS,37.18486,-121.53541,,,,,A,NO PEDESTRIANS INVOLVED,,A,22350,,1.0,BIRD AV,WESTE,,,A,N,50.0,LIGHT POLE # 1021,F,,D,8/1/2024 2:15:02 PM,1/31/2025 12:19:24 PM,,,2,,,,,,,
3232632,2019-193210330,2,False,4313,11/17/2019 10:35:00 AM,1035,5,1368,4313,San Jose,43,True,True,D,BROADSIDE,,Sunday,,,,,False,False,True,,D,MOTOR VEHICLE ON OTHER ROADWAY,,2,0,CLEAR,, NO UNUSUAL CONDITIONS - NO UNUSUAL CONDITIONS,, ,A,DAYLIGHT,,,,,,,A,NO PEDESTRIANS INVOLVED,,A,21453A,,1.0,ALUM ROCK AV,MARY,,,A,,,CAPITOL AV,,,A,8/1/2024 2:15:02 PM,1/31/2025 12:19:23 PM,,,2,,,,,,,
3232630,2019-193181150,2,False,4313,11/14/2019 8:36:00 PM,2036,1,1368,4313,San Jose,43,True,True,D,BROADSIDE,,Thursday,,,,,False,False,True,,C,OTHER MOTOR VEHICLE,,2,0,CLEAR,, NO UNUSUAL CONDITIONS - NO UNUSUAL CONDITIONS,, ,C,DARK-STREET LIGHTS,,,,,,,A,NO PEDESTRIANS INVOLVED,,A,21453A,,1.0,1ST ST,ROBER,,,A,,,TRIMBLE RD,,,A,8/1/2024 2:15:01 PM,1/31/2025 12:19:23 PM,,,2,,,,,,,
3232626,2019-193190933,2,False,4313,11/15/2019 7:01:00 PM,1901,Y5,1368,4313,San Jose,43,True,True,E,HIT OBJECT,,Friday,,,,,False,False,True,,I,FIXED OBJECT,,1,0,CLEAR,, NO UNUSUAL CONDITIONS - NO UNUSUAL CONDITIONS,, ,D,DARK-NO STREET LIGHTS,,,,,,,A,NO PEDESTRIANS INVOLVED,,A,22350,,1.0,MCKEAN RD,YELLO,,,A,,,MCKEAN RD 23600,,,D,8/1/2024 2:15:01 PM,1/31/2025 12:19:23 PM,,,2,,,,,,,
3232623,2019-193210546,2,False,4313,11/17/2019 3:32:00 PM,1532,4,1368,4313,San Jose,43,True,True,B,SIDE SWIPE,,Sunday,,,,,False,False,True,,G,BICYCLE,,2,0,CLEAR,, NO UNUSUAL CONDITIONS - NO UNUSUAL CONDITIONS,, ,A,DAYLIGHT,,,,,,,A,NO PEDESTRIANS INVOLVED,,A,23103A,,1.0,THE ALAMEDA,FRANK,,,A,,,WILSON AV,,,D,8/1/2024 2:14:59 PM,1/31/2025 12:19:23 PM,,,2,,,,,,,
3232226,2019-192920351,2,False,4313,10/19/2019 11:54:00 AM,1154,N2,1368,4313,San Jose,43,True,True,A,HEAD-ON,,Saturday,,,,,False,False,False,,B,PEDESTRIAN,,1,0,CLEAR,, NO UNUSUAL CONDITIONS - NO UNUSUAL CONDITIONS,, ,A,DAYLIGHT,37.19182,-121.58306,,,,,B,CROSSING IN CROSS WALK AT INTERSECTION,,A,21950,,1.0,S KIELY BL,WEST,,,A,S,456.0,STEVENS CREEK,F,,D,8/1/2024 2:14:19 PM,1/31/2025 12:18:54 PM,,,2,,,,,,,
3232221,2019-192910616,2,False,4313,10/18/2019 2:40:00 PM,1440,T1,1368,4313,San Jose,43,True,True,D,BROADSIDE,,Friday,,,,,False,True,True,,C,OTHER MOTOR VEHICLE,,1,0,CLEAR,, NO UNUSUAL CONDITIONS - NO UNUSUAL CONDITIONS,, ,A,DAYLIGHT,37.15139,-121.57654,,,,,A,NO PEDESTRIANS INVOLVED,,A,21453A,,1.0,S BASCOM AV,SOUTH,,,A,,,RT 85,,,A,8/1/2024 2:14:19 PM,1/31/2025 12:18:54 PM,,,2,,,,,,,
3232220,2019-192980299,2,False,4313,10/25/2019 8:59:00 AM,859,S3,1368,4313,San Jose,43,True,True,D,BROADSIDE,,Friday,,,,,False,False,False,,C,OTHER MOTOR VEHICLE,,2,0,CLEAR,, NO UNUSUAL CONDITIONS - NO UNUSUAL CONDITIONS,, ,A,DAYLIGHT,37.18504,-121.54159,,,,,A,NO PEDESTRIANS INVOLVED,,A,22107,,1.0,COE AV,DS,,,A,,,BROADWAY AV,,,A,8/1/2024 2:14:19 PM,1/31/2025 12:18:54 PM,,,2,,,,,,,
3232214,2019-192930257,2,False,4313,10/20/2019 9:04:00 AM,904,2,1368,4313,San Jose,43,True,True,D,BROADSIDE,,Sunday,,,,,False,False,True,,C,OTHER MOTOR VEHICLE,,1,0,CLEAR,, NO UNUSUAL CONDITIONS - NO UNUSUAL CONDITIONS,, ,A,DAYLIGHT,37.23561,-121.52593,,,,,A,NO PEDESTRIANS INVOLVED,,A,21801A,,1.0,HOSTETTER RD,WILLI,,,A,,,AGUA VISTA DR,,,D,8/1/2024 2:14:18 PM,1/31/2025 12:18:53 PM,,,2,,,,,,,
3232132,2019-192980625,2,False,4313,10/25/2019 1:53:00 PM,1353,N3,1368,4313,San Jose,43,True,True,B,SIDE SWIPE,,Friday,,,,,False,False,True,,E,PARKED MOTOR VEHICLE,,1,0,CLEAR,, NO UNUSUAL CONDITIONS - NO UNUSUAL CONDITIONS,, ,A,DAYLIGHT,,,,,,,A,NO PEDESTRIANS INVOLVED,,A,22107,,1.0,LAWRENCE EXPWY,DN,,,A,,,MITTY WY,,,A,8/1/2024 2:14:11 PM,1/31/2025 12:18:48 PM,,,2,,,,,,,
3232129,2019-192990199,2,False,4313,10/26/2019 5:43:00 AM,543,M1,1368,4313,San Jose,43,True,True,E,HIT OBJECT,,Saturday,,,,,False,False,True,,I,FIXED OBJECT,,1,0,CLEAR,, NO UNUSUAL CONDITIONS - NO UNUSUAL CONDITIONS,, ,C,DARK-STREET LIGHTS,,,,,,,A,NO PEDESTRIANS INVOLVED,,A,22350,,1.0,MABURY RD,MARY,,,A,,,EDUCATIONAL PARK DR,,,A,8/1/2024 2:14:11 PM,1/31/2025 12:18:48 PM,,,2,,,,,,,
3232126,2019-192980630,2,False,4313,10/25/2019 1:59:00 PM,1359,2,1368,4313,San Jose,43,True,True,A,HEAD-ON,,Friday,,,,,False,False,False,,B,PEDESTRIAN,,1,0,CLEAR,, NO UNUSUAL CONDITIONS - NO UNUSUAL CONDITIONS,, ,A,DAYLIGHT,37.20278,-121.53339,,,,,B,CROSSING IN CROSS WALK AT INTERSECTION,,A,21950A,,1.0,N 2ND ST,EDWAR,,,A,S,45.0,JULIAN ST,F,,A,8/1/2024 2:14:11 PM,1/31/2025 12:18:48 PM,,,2,,,,,,,
3232123,2019-192930494,2,False,4313,10/20/2019 3:21:00 PM,1521,A2,1368,4313,San Jose,43,True,True,E,HIT OBJECT,,Sunday,,,,,False,False,False,,I,FIXED OBJECT,,1,0,CLEAR,, NO UNUSUAL CONDITIONS - NO UNUSUAL CONDITIONS,, ,A,DAYLIGHT,37.14135,-121.54878,,,,,A,NO PEDESTRIANS INVOLVED,,A,22350,,1.0,CAMDEN AV,DA,,,A,,,CAMDEN AV  5522,,,D,8/1/2024 2:14:10 PM,1/31/2025 12:18:47 PM,,,2,,,,,,,
3232118,2019-192920700,2,False,4313,10/19/2019 6:00:00 PM,1800,5,1368,4313,San Jose,43,True,True,A,HEAD-ON,,Saturday,,,,,False,False,True,,J,OTHER OBJECT,,1,0,CLEAR,, NO UNUSUAL CONDITIONS - NO UNUSUAL CONDITIONS,, ,A,DAYLIGHT,37.14107,-121.52231,,,,,A,NO PEDESTRIANS INVOLVED,,A,23123A,,1.0,ALMADEN EXPWY,ADAM,,,A,,,WINFIELD BL,,,,8/1/2024 2:14:10 PM,1/31/2025 12:18:47 PM,,,2,,,,,,,
3232102,2019-192961066,2,False,4313,10/23/2019 7:40:00 PM,1940,S2,1368,4313,San Jose,43,True,True,C,REAR END,,Wednesday,,,,,False,False,False,,C,OTHER MOTOR VEHICLE,,2,0,CLEAR,, NO UNUSUAL CONDITIONS - NO UNUSUAL CONDITIONS,, ,C,DARK-STREET LIGHTS,37.18676,-121.5448,,,,,A,NO PEDESTRIANS INVOLVED,,A,22350,,1.0,MERIDIAN AV,WESTE,,,A,N,227.0,ISABEL DR,F,,D,8/1/2024 2:14:09 PM,1/31/2025 12:18:46 PM,,,2,,,,,,,
3232056,2019-193140877,2,False,4313,11/10/2019 10:00:00 PM,2200,2,1368,4313,San Jose,43,True,True,D,BROADSIDE,,Sunday,,,F,,False,False,True,,C,OTHER MOTOR VEHICLE,,1,0,,, NO UNUSUAL CONDITIONS - NO UNUSUAL CONDITIONS,, ,C,DARK-STREET LIGHTS,,,,,,,A,NO PEDESTRIANS INVOLVED,,A,21453A,,1.0,E HAMILTON AV,SAM,,,A,,,N LEIGH AV,,,A,8/1/2024 2:14:05 PM,1/31/2025 12:18:43 PM,,,2,,,,,,,
3232053,2019-192891073,2,False,4313,10/16/2019 8:06:00 PM,2006,Y3,1368,4313,San Jose,43,True,True,A,HEAD-ON,,Wednesday,,,,,False,False,True,,C,OTHER MOTOR VEHICLE,,4,0,CLEAR,, NO UNUSUAL CONDITIONS - NO UNUSUAL CONDITIONS,, ,C,DARK-STREET LIGHTS,37.14218,-121.48137,,,,,A,NO PEDESTRIANS INVOLVED,,A,21453C,,1.0,COTTLE RD,SOUTH,,,A,,,HOSPITAL PKWY,,,A,8/1/2024 2:14:04 PM,1/31/2025 12:18:43 PM,,,2,,,,,,,
3232052,2019-193080213,2,False,4313,11/4/2019 8:44:00 AM,844,Y4,1368,4313,San Jose,43,True,True,B,SIDE SWIPE,,Monday,,,,,False,False,True,,B,PEDESTRIAN,,1,0,CLEAR,, ,, ,A,DAYLIGHT,37.13389,-121.48394,,,,,E,IN ROAD - INCLUDES SHOULDER,,A,22350,,1.0,CURIE DR,YELLO,,,A,,,CURIE DR 352,,,D,8/1/2024 2:14:04 PM,1/31/2025 12:18:43 PM,,,2,,,,,,,
3232049,2019-192891076,2,False,4313,10/16/2019 8:11:00 PM,2011,C4,1368,4313,San Jose,43,True,True,A,HEAD-ON,,Wednesday,,,,,False,False,False,,B,PEDESTRIAN,,1,0,CLEAR,, NO UNUSUAL CONDITIONS - NO UNUSUAL CONDITIONS,, ,C,DARK-STREET LIGHTS,37.20457,-121.50247,,,,,B,CROSSING IN CROSS WALK AT INTERSECTION,,A,21955,,,STORY RD,FOOTH,,,A,,,ADRIAN WY,,,A,8/1/2024 2:14:04 PM,1/31/2025 12:18:43 PM,,,2,,,,,,,
3232046,2019-192901023,2,False,4313,10/17/2019 7:57:00 PM,1957,R4,1368,4313,San Jose,43,True,True,A,HEAD-ON,,Thursday,,,,,False,False,True,,C,OTHER MOTOR VEHICLE,,3,0,CLEAR,, NO UNUSUAL CONDITIONS - NO UNUSUAL CONDITIONS,, ,C,DARK-STREET LIGHTS,37.22986,-121.52455,,,,,A,NO PEDESTRIANS INVOLVED,,A,21453A,,1.0,BERRYESSA RD,ROBER,,,A,,,SIERRA RD,,,A,8/1/2024 2:14:04 PM,1/31/2025 12:18:42 PM,,,2,,,,,,,
3232045,2019-2900172,2,False,4313,10/17/2019 7:31:00 AM,731,S4,1368,4313,San Jose,43,True,True,C,REAR END,,Thursday,,,,,False,False,False,,D,MOTOR VEHICLE ON OTHER ROADWAY,,1,0,CLEAR,, NO UNUSUAL CONDITIONS - NO UNUSUAL CONDITIONS,, ,A,DAYLIGHT,,,,,,,A,NO PEDESTRIANS INVOLVED,,A,22350,,1.0,NEWPORT AV,WESTE,,,B,,,GLENWOOD AV,,,D,8/1/2024 2:14:04 PM,1/31/2025 12:18:42 PM,,,2,,,,,,,